<?xml version="1.0" encoding="UTF-8"?>
<gpx creator="https://gpx.studio" version="1.1" xmlns="http://www.topografix.com/GPX/1/1" xmlns:xsi="http://www.w3.org/2001/XMLSchema-instance" xsi:schemaLocation="http://www.topografix.com/GPX/1/1 http://www.topografix.com/GPX/1/1/gpx.xsd http://www.garmin.com/xmlschemas/GpxExtensions/v3 http://www.garmin.com/xmlschemas/GpxExtensionsv3.xsd http://www.garmin.com/xmlschemas/TrackPointExtension/v1 http://www.garmin.com/xmlschemas/TrackPointExtensionv1.xsd http://www.garmin.com/xmlschemas/PowerExtension/v1 http://www.garmin.com/xmlschemas/PowerExtensionv1.xsd http://www.topografix.com/GPX/gpx_style/0/2 http://www.topografix.com/GPX/gpx_style/0/2/gpx_style.xsd" xmlns:gpxtpx="http://www.garmin.com/xmlschemas/TrackPointExtension/v1" xmlns:gpxx="http://www.garmin.com/xmlschemas/GpxExtensions/v3" xmlns:gpxpx="http://www.garmin.com/xmlschemas/PowerExtension/v1" xmlns:gpx_style="http://www.topografix.com/GPX/gpx_style/0/2">
  <metadata>
    <name>Neue Datei 1</name>
    <author>
      <name>gpx.studio</name>
      <link href="https://gpx.studio"/>
    </author>
  </metadata>
  <trk>
    <name>Neue Datei 1</name>
    <trkseg>
      <trkpt lat="44.840613881744844" lon="13.840848394488773">
        <ele>0</ele>
      </trkpt>
      <trkpt lat="44.840182032964684" lon="13.841025102546242">
        <ele>0</ele>
      </trkpt>
      <trkpt lat="44.83975018418452" lon="13.84120181060371">
        <ele>0</ele>
      </trkpt>
      <trkpt lat="44.83931833540436" lon="13.841378518661179">
        <ele>0</ele>
      </trkpt>
      <trkpt lat="44.83888648662419" lon="13.841555226718649">
        <ele>0</ele>
      </trkpt>
      <trkpt lat="44.83845463784403" lon="13.841731934776117">
        <ele>0</ele>
      </trkpt>
      <trkpt lat="44.838022789063864" lon="13.841908642833586">
        <ele>0</ele>
      </trkpt>
      <trkpt lat="44.837590940283704" lon="13.842085350891054">
        <ele>0</ele>
      </trkpt>
      <trkpt lat="44.83715909150354" lon="13.842262058948522">
        <ele>0</ele>
      </trkpt>
      <trkpt lat="44.83672724272338" lon="13.84243876700599">
        <ele>0</ele>
      </trkpt>
      <trkpt lat="44.83629539394321" lon="13.842615475063461">
        <ele>0</ele>
      </trkpt>
      <trkpt lat="44.83629167192868" lon="13.84261699807334">
        <ele>0</ele>
      </trkpt>
      <trkpt lat="44.83592814131693" lon="13.842243809001689">
        <ele>0</ele>
      </trkpt>
      <trkpt lat="44.83556461070517" lon="13.841870619930038">
        <ele>0</ele>
      </trkpt>
      <trkpt lat="44.83520108009342" lon="13.84149743085839">
        <ele>0</ele>
      </trkpt>
      <trkpt lat="44.83483754948166" lon="13.841124241786739">
        <ele>0</ele>
      </trkpt>
      <trkpt lat="44.83447401886991" lon="13.840751052715088">
        <ele>0</ele>
      </trkpt>
      <trkpt lat="44.834110488258155" lon="13.840377863643438">
        <ele>0</ele>
      </trkpt>
      <trkpt lat="44.833746957646404" lon="13.840004674571787">
        <ele>0</ele>
      </trkpt>
      <trkpt lat="44.83338342703465" lon="13.839631485500139">
        <ele>0</ele>
      </trkpt>
      <trkpt lat="44.8330198964229" lon="13.839258296428488">
        <ele>0</ele>
      </trkpt>
      <trkpt lat="44.83265636581115" lon="13.838885107356838">
        <ele>0</ele>
      </trkpt>
      <trkpt lat="44.83229283519939" lon="13.838511918285187">
        <ele>0</ele>
      </trkpt>
      <trkpt lat="44.83192930458764" lon="13.838138729213536">
        <ele>0</ele>
      </trkpt>
      <trkpt lat="44.83156577397588" lon="13.837765540141888">
        <ele>0</ele>
      </trkpt>
      <trkpt lat="44.83120224336413" lon="13.837392351070237">
        <ele>0</ele>
      </trkpt>
      <trkpt lat="44.830838712752374" lon="13.837019161998587">
        <ele>0</ele>
      </trkpt>
      <trkpt lat="44.83069247255986" lon="13.836869036424787">
        <ele>0</ele>
      </trkpt>
      <trkpt lat="44.830243729266904" lon="13.836909502217217">
        <ele>0</ele>
      </trkpt>
      <trkpt lat="44.82979498597395" lon="13.836949968009648">
        <ele>0</ele>
      </trkpt>
      <trkpt lat="44.82934624268099" lon="13.83699043380208">
        <ele>0</ele>
      </trkpt>
      <trkpt lat="44.828897499388034" lon="13.837030899594511">
        <ele>0</ele>
      </trkpt>
      <trkpt lat="44.828448756095085" lon="13.837071365386942">
        <ele>0</ele>
      </trkpt>
      <trkpt lat="44.82800001280213" lon="13.837111831179373">
        <ele>0</ele>
      </trkpt>
      <trkpt lat="44.82755126950917" lon="13.837152296971805">
        <ele>0</ele>
      </trkpt>
      <trkpt lat="44.827102526216215" lon="13.837192762764236">
        <ele>0</ele>
      </trkpt>
      <trkpt lat="44.82665378292326" lon="13.837233228556666">
        <ele>0</ele>
      </trkpt>
      <trkpt lat="44.8262050396303" lon="13.837273694349097">
        <ele>0</ele>
      </trkpt>
      <trkpt lat="44.825756296337346" lon="13.837314160141528">
        <ele>0</ele>
      </trkpt>
      <trkpt lat="44.82530755304439" lon="13.83735462593396">
        <ele>0</ele>
      </trkpt>
      <trkpt lat="44.82485880975144" lon="13.83739509172639">
        <ele>0</ele>
      </trkpt>
      <trkpt lat="44.82441006645848" lon="13.837435557518821">
        <ele>0</ele>
      </trkpt>
      <trkpt lat="44.82396132316553" lon="13.837476023311252">
        <ele>0</ele>
      </trkpt>
      <trkpt lat="44.82351257987257" lon="13.837516489103685">
        <ele>0</ele>
      </trkpt>
      <trkpt lat="44.823063836579614" lon="13.837556954896115">
        <ele>0</ele>
      </trkpt>
      <trkpt lat="44.82261509328666" lon="13.837597420688546">
        <ele>0</ele>
      </trkpt>
      <trkpt lat="44.8221663499937" lon="13.837637886480977">
        <ele>0</ele>
      </trkpt>
      <trkpt lat="44.821717606700744" lon="13.837678352273407">
        <ele>0</ele>
      </trkpt>
      <trkpt lat="44.821268863407795" lon="13.83771881806584">
        <ele>0</ele>
      </trkpt>
      <trkpt lat="44.82082012011484" lon="13.83775928385827">
        <ele>0</ele>
      </trkpt>
      <trkpt lat="44.82037137682188" lon="13.837799749650701">
        <ele>0</ele>
      </trkpt>
      <trkpt lat="44.819922633528925" lon="13.837840215443132">
        <ele>0</ele>
      </trkpt>
      <trkpt lat="44.81968240262731" lon="13.837861878460615">
        <ele>0</ele>
      </trkpt>
      <trkpt lat="44.81934865663018" lon="13.838286678369677">
        <ele>0</ele>
      </trkpt>
      <trkpt lat="44.81901491063306" lon="13.838711478278741">
        <ele>0</ele>
      </trkpt>
      <trkpt lat="44.81868116463593" lon="13.839136278187803">
        <ele>0</ele>
      </trkpt>
      <trkpt lat="44.81834741863881" lon="13.839561078096867">
        <ele>0</ele>
      </trkpt>
      <trkpt lat="44.81801367264168" lon="13.83998587800593">
        <ele>0</ele>
      </trkpt>
      <trkpt lat="44.81767992664456" lon="13.840410677914994">
        <ele>0</ele>
      </trkpt>
      <trkpt lat="44.817346180647434" lon="13.840835477824056">
        <ele>0</ele>
      </trkpt>
      <trkpt lat="44.81701243465031" lon="13.84126027773312">
        <ele>0</ele>
      </trkpt>
      <trkpt lat="44.816678688653184" lon="13.841685077642182">
        <ele>0</ele>
      </trkpt>
      <trkpt lat="44.81634494265606" lon="13.842109877551247">
        <ele>0</ele>
      </trkpt>
      <trkpt lat="44.816011196658934" lon="13.842534677460309">
        <ele>0</ele>
      </trkpt>
      <trkpt lat="44.81567745066181" lon="13.842959477369373">
        <ele>0</ele>
      </trkpt>
      <trkpt lat="44.815343704664684" lon="13.843384277278435">
        <ele>0</ele>
      </trkpt>
      <trkpt lat="44.81500995866756" lon="13.8438090771875">
        <ele>0</ele>
      </trkpt>
      <trkpt lat="44.814676212670435" lon="13.844233877096562">
        <ele>0</ele>
      </trkpt>
      <trkpt lat="44.81434246667331" lon="13.844658677005624">
        <ele>0</ele>
      </trkpt>
      <trkpt lat="44.814008720676185" lon="13.845083476914688">
        <ele>0</ele>
      </trkpt>
      <trkpt lat="44.81367497467906" lon="13.84550827682375">
        <ele>0</ele>
      </trkpt>
      <trkpt lat="44.81334122868193" lon="13.845933076732814">
        <ele>0</ele>
      </trkpt>
      <trkpt lat="44.8130074826848" lon="13.846357876641877">
        <ele>0</ele>
      </trkpt>
      <trkpt lat="44.81267373668768" lon="13.84678267655094">
        <ele>0</ele>
      </trkpt>
      <trkpt lat="44.81233999069055" lon="13.847207476460003">
        <ele>0</ele>
      </trkpt>
      <trkpt lat="44.81200624469343" lon="13.847632276369067">
        <ele>0</ele>
      </trkpt>
      <trkpt lat="44.811747505341174" lon="13.847961606021727">
        <ele>0</ele>
      </trkpt>
      <trkpt lat="44.81141606082147" lon="13.848389780758913">
        <ele>0</ele>
      </trkpt>
      <trkpt lat="44.81108461630177" lon="13.848817955496099">
        <ele>0</ele>
      </trkpt>
      <trkpt lat="44.81075317178207" lon="13.849246130233285">
        <ele>0</ele>
      </trkpt>
      <trkpt lat="44.810421727262366" lon="13.849674304970472">
        <ele>0</ele>
      </trkpt>
      <trkpt lat="44.81009028274267" lon="13.850102479707658">
        <ele>0</ele>
      </trkpt>
      <trkpt lat="44.80975883822297" lon="13.850530654444844">
        <ele>0</ele>
      </trkpt>
      <trkpt lat="44.80942739370327" lon="13.85095882918203">
        <ele>0</ele>
      </trkpt>
      <trkpt lat="44.809095949183565" lon="13.851387003919216">
        <ele>0</ele>
      </trkpt>
      <trkpt lat="44.80876450466386" lon="13.851815178656402">
        <ele>0</ele>
      </trkpt>
      <trkpt lat="44.80843306014416" lon="13.85224335339359">
        <ele>0</ele>
      </trkpt>
      <trkpt lat="44.80810161562446" lon="13.852671528130776">
        <ele>0</ele>
      </trkpt>
      <trkpt lat="44.80777017110476" lon="13.853099702867961">
        <ele>0</ele>
      </trkpt>
      <trkpt lat="44.807438726585055" lon="13.853527877605147">
        <ele>0</ele>
      </trkpt>
      <trkpt lat="44.80710728206535" lon="13.853956052342333">
        <ele>0</ele>
      </trkpt>
      <trkpt lat="44.80677583754566" lon="13.85438422707952">
        <ele>0</ele>
      </trkpt>
      <trkpt lat="44.806444393025956" lon="13.854812401816707">
        <ele>0</ele>
      </trkpt>
      <trkpt lat="44.806112948506254" lon="13.855240576553893">
        <ele>0</ele>
      </trkpt>
      <trkpt lat="44.80578150398655" lon="13.855668751291079">
        <ele>0</ele>
      </trkpt>
      <trkpt lat="44.80545005946685" lon="13.856096926028265">
        <ele>0</ele>
      </trkpt>
      <trkpt lat="44.80511861494715" lon="13.85652510076545">
        <ele>0</ele>
      </trkpt>
      <trkpt lat="44.804787170427446" lon="13.856953275502637">
        <ele>0</ele>
      </trkpt>
      <trkpt lat="44.804455725907744" lon="13.857381450239822">
        <ele>0</ele>
      </trkpt>
      <trkpt lat="44.80412428138804" lon="13.85780962497701">
        <ele>0</ele>
      </trkpt>
      <trkpt lat="44.80379283686835" lon="13.858237799714196">
        <ele>0</ele>
      </trkpt>
      <trkpt lat="44.803461392348645" lon="13.858665974451382">
        <ele>0</ele>
      </trkpt>
      <trkpt lat="44.80312994782894" lon="13.859094149188568">
        <ele>0</ele>
      </trkpt>
      <trkpt lat="44.80279850330924" lon="13.859522323925754">
        <ele>0</ele>
      </trkpt>
      <trkpt lat="44.80246705878954" lon="13.85995049866294">
        <ele>0</ele>
      </trkpt>
      <trkpt lat="44.80213561426984" lon="13.860378673400128">
        <ele>0</ele>
      </trkpt>
      <trkpt lat="44.801804169750135" lon="13.860806848137313">
        <ele>0</ele>
      </trkpt>
      <trkpt lat="44.80147272523043" lon="13.8612350228745">
        <ele>0</ele>
      </trkpt>
      <trkpt lat="44.80114128071073" lon="13.861663197611685">
        <ele>0</ele>
      </trkpt>
      <trkpt lat="44.80080983619103" lon="13.862091372348871">
        <ele>0</ele>
      </trkpt>
      <trkpt lat="44.800478391671334" lon="13.862519547086057">
        <ele>0</ele>
      </trkpt>
      <trkpt lat="44.80014694715163" lon="13.862947721823243">
        <ele>0</ele>
      </trkpt>
      <trkpt lat="44.79981550263193" lon="13.86337589656043">
        <ele>0</ele>
      </trkpt>
      <trkpt lat="44.79948405811223" lon="13.863804071297617">
        <ele>0</ele>
      </trkpt>
      <trkpt lat="44.799152613592526" lon="13.864232246034803">
        <ele>0</ele>
      </trkpt>
      <trkpt lat="44.79882116907282" lon="13.864660420771989">
        <ele>0</ele>
      </trkpt>
      <trkpt lat="44.79848972455312" lon="13.865088595509174">
        <ele>0</ele>
      </trkpt>
      <trkpt lat="44.79815828003342" lon="13.86551677024636">
        <ele>0</ele>
      </trkpt>
      <trkpt lat="44.79782683551372" lon="13.865944944983548">
        <ele>0</ele>
      </trkpt>
      <trkpt lat="44.79749539099402" lon="13.866373119720734">
        <ele>0</ele>
      </trkpt>
      <trkpt lat="44.79716394647432" lon="13.86680129445792">
        <ele>0</ele>
      </trkpt>
      <trkpt lat="44.79683250195462" lon="13.867229469195106">
        <ele>0</ele>
      </trkpt>
      <trkpt lat="44.79650105743492" lon="13.867657643932292">
        <ele>0</ele>
      </trkpt>
      <trkpt lat="44.796169612915214" lon="13.868085818669478">
        <ele>0</ele>
      </trkpt>
      <trkpt lat="44.79583816839551" lon="13.868513993406665">
        <ele>0</ele>
      </trkpt>
      <trkpt lat="44.79550672387581" lon="13.868942168143851">
        <ele>0</ele>
      </trkpt>
      <trkpt lat="44.79517527935611" lon="13.869370342881037">
        <ele>0</ele>
      </trkpt>
      <trkpt lat="44.794843834836406" lon="13.869798517618223">
        <ele>0</ele>
      </trkpt>
      <trkpt lat="44.79451239031671" lon="13.87022669235541">
        <ele>0</ele>
      </trkpt>
      <trkpt lat="44.79418094579701" lon="13.870654867092595">
        <ele>0</ele>
      </trkpt>
      <trkpt lat="44.79384950127731" lon="13.871083041829781">
        <ele>0</ele>
      </trkpt>
      <trkpt lat="44.793518056757605" lon="13.871511216566969">
        <ele>0</ele>
      </trkpt>
      <trkpt lat="44.7931866122379" lon="13.871939391304155">
        <ele>0</ele>
      </trkpt>
      <trkpt lat="44.7928551677182" lon="13.87236756604134">
        <ele>0</ele>
      </trkpt>
      <trkpt lat="44.7925237231985" lon="13.872795740778527">
        <ele>0</ele>
      </trkpt>
      <trkpt lat="44.7921922786788" lon="13.873223915515712">
        <ele>0</ele>
      </trkpt>
      <trkpt lat="44.791860834159095" lon="13.873652090252898">
        <ele>0</ele>
      </trkpt>
      <trkpt lat="44.79152938963939" lon="13.874080264990086">
        <ele>0</ele>
      </trkpt>
      <trkpt lat="44.7911979451197" lon="13.874508439727272">
        <ele>0</ele>
      </trkpt>
      <trkpt lat="44.790866500599996" lon="13.874936614464458">
        <ele>0</ele>
      </trkpt>
      <trkpt lat="44.790535056080294" lon="13.875364789201644">
        <ele>0</ele>
      </trkpt>
      <trkpt lat="44.79020361156059" lon="13.87579296393883">
        <ele>0</ele>
      </trkpt>
      <trkpt lat="44.78987216704089" lon="13.876221138676016">
        <ele>0</ele>
      </trkpt>
      <trkpt lat="44.78954072252119" lon="13.876649313413202">
        <ele>0</ele>
      </trkpt>
      <trkpt lat="44.789209278001486" lon="13.87707748815039">
        <ele>0</ele>
      </trkpt>
      <trkpt lat="44.788877833481784" lon="13.877505662887575">
        <ele>0</ele>
      </trkpt>
      <trkpt lat="44.78854638896208" lon="13.877933837624761">
        <ele>0</ele>
      </trkpt>
      <trkpt lat="44.78821494444239" lon="13.878362012361947">
        <ele>0</ele>
      </trkpt>
      <trkpt lat="44.787883499922685" lon="13.878790187099133">
        <ele>0</ele>
      </trkpt>
      <trkpt lat="44.78755205540298" lon="13.879218361836319">
        <ele>0</ele>
      </trkpt>
      <trkpt lat="44.78722061088328" lon="13.879646536573507">
        <ele>0</ele>
      </trkpt>
      <trkpt lat="44.78688916636358" lon="13.880074711310693">
        <ele>0</ele>
      </trkpt>
      <trkpt lat="44.78655772184388" lon="13.880502886047879">
        <ele>0</ele>
      </trkpt>
      <trkpt lat="44.786226277324175" lon="13.880931060785064">
        <ele>0</ele>
      </trkpt>
      <trkpt lat="44.78589483280447" lon="13.88135923552225">
        <ele>0</ele>
      </trkpt>
      <trkpt lat="44.78556338828477" lon="13.881787410259436">
        <ele>0</ele>
      </trkpt>
      <trkpt lat="44.78523194376507" lon="13.882215584996622">
        <ele>0</ele>
      </trkpt>
      <trkpt lat="44.784900499245374" lon="13.88264375973381">
        <ele>0</ele>
      </trkpt>
      <trkpt lat="44.78456905472567" lon="13.883071934470996">
        <ele>0</ele>
      </trkpt>
      <trkpt lat="44.78423761020597" lon="13.883500109208182">
        <ele>0</ele>
      </trkpt>
      <trkpt lat="44.78390616568627" lon="13.883928283945368">
        <ele>0</ele>
      </trkpt>
      <trkpt lat="44.783574721166566" lon="13.884356458682554">
        <ele>0</ele>
      </trkpt>
      <trkpt lat="44.783243276646864" lon="13.88478463341974">
        <ele>0</ele>
      </trkpt>
      <trkpt lat="44.78291183212716" lon="13.885212808156927">
        <ele>0</ele>
      </trkpt>
      <trkpt lat="44.78258038760746" lon="13.885640982894113">
        <ele>0</ele>
      </trkpt>
      <trkpt lat="44.78224894308776" lon="13.8860691576313">
        <ele>0</ele>
      </trkpt>
      <trkpt lat="44.78191749856806" lon="13.886497332368485">
        <ele>0</ele>
      </trkpt>
      <trkpt lat="44.78158605404836" lon="13.886925507105671">
        <ele>0</ele>
      </trkpt>
      <trkpt lat="44.78125460952866" lon="13.887353681842857">
        <ele>0</ele>
      </trkpt>
      <trkpt lat="44.78092316500896" lon="13.887781856580045">
        <ele>0</ele>
      </trkpt>
      <trkpt lat="44.780591720489255" lon="13.88821003131723">
        <ele>0</ele>
      </trkpt>
      <trkpt lat="44.78026027596955" lon="13.888638206054416">
        <ele>0</ele>
      </trkpt>
      <trkpt lat="44.77992883144985" lon="13.889066380791602">
        <ele>0</ele>
      </trkpt>
      <trkpt lat="44.77959738693015" lon="13.889494555528788">
        <ele>0</ele>
      </trkpt>
      <trkpt lat="44.77926594241045" lon="13.889922730265974">
        <ele>0</ele>
      </trkpt>
      <trkpt lat="44.77893449789075" lon="13.89035090500316">
        <ele>0</ele>
      </trkpt>
      <trkpt lat="44.77860305337105" lon="13.890779079740348">
        <ele>0</ele>
      </trkpt>
      <trkpt lat="44.77827160885135" lon="13.891207254477534">
        <ele>0</ele>
      </trkpt>
      <trkpt lat="44.777940164331646" lon="13.89163542921472">
        <ele>0</ele>
      </trkpt>
      <trkpt lat="44.777608719811944" lon="13.892063603951906">
        <ele>0</ele>
      </trkpt>
      <trkpt lat="44.77727727529224" lon="13.892491778689092">
        <ele>0</ele>
      </trkpt>
      <trkpt lat="44.77694583077254" lon="13.892919953426278">
        <ele>0</ele>
      </trkpt>
      <trkpt lat="44.77661438625284" lon="13.893348128163465">
        <ele>0</ele>
      </trkpt>
      <trkpt lat="44.776282941733136" lon="13.893776302900651">
        <ele>0</ele>
      </trkpt>
      <trkpt lat="44.775951497213434" lon="13.894204477637837">
        <ele>0</ele>
      </trkpt>
      <trkpt lat="44.77562005269374" lon="13.894632652375023">
        <ele>0</ele>
      </trkpt>
      <trkpt lat="44.77528860817404" lon="13.895060827112209">
        <ele>0</ele>
      </trkpt>
      <trkpt lat="44.774957163654335" lon="13.895489001849395">
        <ele>0</ele>
      </trkpt>
      <trkpt lat="44.77462571913463" lon="13.89591717658658">
        <ele>0</ele>
      </trkpt>
      <trkpt lat="44.77429427461493" lon="13.896345351323768">
        <ele>0</ele>
      </trkpt>
      <trkpt lat="44.77396283009523" lon="13.896773526060954">
        <ele>0</ele>
      </trkpt>
      <trkpt lat="44.77363138557553" lon="13.89720170079814">
        <ele>0</ele>
      </trkpt>
      <trkpt lat="44.773299941055825" lon="13.897629875535326">
        <ele>0</ele>
      </trkpt>
      <trkpt lat="44.77296849653612" lon="13.898058050272512">
        <ele>0</ele>
      </trkpt>
      <trkpt lat="44.77263705201643" lon="13.898486225009698">
        <ele>0</ele>
      </trkpt>
      <trkpt lat="44.772305607496726" lon="13.898914399746886">
        <ele>0</ele>
      </trkpt>
      <trkpt lat="44.771974162977024" lon="13.899342574484072">
        <ele>0</ele>
      </trkpt>
      <trkpt lat="44.77164271845732" lon="13.899770749221258">
        <ele>0</ele>
      </trkpt>
      <trkpt lat="44.77131127393762" lon="13.900198923958444">
        <ele>0</ele>
      </trkpt>
      <trkpt lat="44.77097982941792" lon="13.90062709869563">
        <ele>0</ele>
      </trkpt>
      <trkpt lat="44.770648384898216" lon="13.901055273432815">
        <ele>0</ele>
      </trkpt>
      <trkpt lat="44.770316940378514" lon="13.901483448170001">
        <ele>0</ele>
      </trkpt>
      <trkpt lat="44.76998549585881" lon="13.901911622907189">
        <ele>0</ele>
      </trkpt>
      <trkpt lat="44.76965405133911" lon="13.902339797644375">
        <ele>0</ele>
      </trkpt>
      <trkpt lat="44.769322606819415" lon="13.902767972381561">
        <ele>0</ele>
      </trkpt>
      <trkpt lat="44.76899116229971" lon="13.903196147118747">
        <ele>0</ele>
      </trkpt>
      <trkpt lat="44.76865971778001" lon="13.903624321855933">
        <ele>0</ele>
      </trkpt>
      <trkpt lat="44.76832827326031" lon="13.904052496593119">
        <ele>0</ele>
      </trkpt>
      <trkpt lat="44.76820170541919" lon="13.904216002546264">
        <ele>0</ele>
      </trkpt>
      <trkpt lat="44.76800703679893" lon="13.904786903285444">
        <ele>0</ele>
      </trkpt>
      <trkpt lat="44.767812368178674" lon="13.905357804024623">
        <ele>0</ele>
      </trkpt>
      <trkpt lat="44.767617699558414" lon="13.905928704763804">
        <ele>0</ele>
      </trkpt>
      <trkpt lat="44.767423030938154" lon="13.906499605502985">
        <ele>0</ele>
      </trkpt>
      <trkpt lat="44.7672283623179" lon="13.907070506242166">
        <ele>0</ele>
      </trkpt>
      <trkpt lat="44.76703369369764" lon="13.907641406981345">
        <ele>0</ele>
      </trkpt>
      <trkpt lat="44.76683902507739" lon="13.908212307720525">
        <ele>0</ele>
      </trkpt>
      <trkpt lat="44.76664435645713" lon="13.908783208459706">
        <ele>0</ele>
      </trkpt>
      <trkpt lat="44.76644968783687" lon="13.909354109198885">
        <ele>0</ele>
      </trkpt>
      <trkpt lat="44.766255019216615" lon="13.909925009938066">
        <ele>0</ele>
      </trkpt>
      <trkpt lat="44.766060350596355" lon="13.910495910677247">
        <ele>0</ele>
      </trkpt>
      <trkpt lat="44.765865681976095" lon="13.911066811416427">
        <ele>0</ele>
      </trkpt>
      <trkpt lat="44.76567101335584" lon="13.911637712155606">
        <ele>0</ele>
      </trkpt>
      <trkpt lat="44.76547634473558" lon="13.912208612894787">
        <ele>0</ele>
      </trkpt>
      <trkpt lat="44.76528167611533" lon="13.912779513633968">
        <ele>0</ele>
      </trkpt>
      <trkpt lat="44.76508700749507" lon="13.913350414373147">
        <ele>0</ele>
      </trkpt>
      <trkpt lat="44.76489233887481" lon="13.913921315112328">
        <ele>0</ele>
      </trkpt>
      <trkpt lat="44.764697670254556" lon="13.914492215851508">
        <ele>0</ele>
      </trkpt>
      <trkpt lat="44.764503001634296" lon="13.915063116590689">
        <ele>0</ele>
      </trkpt>
      <trkpt lat="44.764308333014036" lon="13.915634017329868">
        <ele>0</ele>
      </trkpt>
      <trkpt lat="44.76411366439378" lon="13.916204918069049">
        <ele>0</ele>
      </trkpt>
      <trkpt lat="44.76391899577352" lon="13.91677581880823">
        <ele>0</ele>
      </trkpt>
      <trkpt lat="44.76372432715327" lon="13.917346719547409">
        <ele>0</ele>
      </trkpt>
      <trkpt lat="44.76352965853301" lon="13.91791762028659">
        <ele>0</ele>
      </trkpt>
      <trkpt lat="44.76333498991275" lon="13.91848852102577">
        <ele>0</ele>
      </trkpt>
      <trkpt lat="44.7631403212925" lon="13.91905942176495">
        <ele>0</ele>
      </trkpt>
      <trkpt lat="44.76294565267224" lon="13.91963032250413">
        <ele>0</ele>
      </trkpt>
      <trkpt lat="44.762750984051976" lon="13.92020122324331">
        <ele>0</ele>
      </trkpt>
      <trkpt lat="44.76257303728016" lon="13.920723084154588">
        <ele>0</ele>
      </trkpt>
      <trkpt lat="44.762636333437065" lon="13.921350087715545">
        <ele>0</ele>
      </trkpt>
      <trkpt lat="44.76269962959397" lon="13.921977091276503">
        <ele>0</ele>
      </trkpt>
      <trkpt lat="44.76276292575088" lon="13.922604094837459">
        <ele>0</ele>
      </trkpt>
      <trkpt lat="44.76282622190778" lon="13.923231098398416">
        <ele>0</ele>
      </trkpt>
      <trkpt lat="44.76288951806468" lon="13.923858101959373">
        <ele>0</ele>
      </trkpt>
      <trkpt lat="44.762952814221585" lon="13.924485105520331">
        <ele>0</ele>
      </trkpt>
      <trkpt lat="44.763016110378494" lon="13.925112109081288">
        <ele>0</ele>
      </trkpt>
      <trkpt lat="44.7630794065354" lon="13.925739112642246">
        <ele>0</ele>
      </trkpt>
      <trkpt lat="44.7631427026923" lon="13.926366116203202">
        <ele>0</ele>
      </trkpt>
      <trkpt lat="44.7632059988492" lon="13.926993119764159">
        <ele>0</ele>
      </trkpt>
      <trkpt lat="44.763269295006104" lon="13.927620123325116">
        <ele>0</ele>
      </trkpt>
      <trkpt lat="44.763332591163014" lon="13.928247126886074">
        <ele>0</ele>
      </trkpt>
      <trkpt lat="44.763395887319916" lon="13.928874130447031">
        <ele>0</ele>
      </trkpt>
      <trkpt lat="44.76345918347682" lon="13.929501134007989">
        <ele>0</ele>
      </trkpt>
      <trkpt lat="44.76352247963372" lon="13.930128137568945">
        <ele>0</ele>
      </trkpt>
      <trkpt lat="44.763585775790624" lon="13.930755141129902">
        <ele>0</ele>
      </trkpt>
      <trkpt lat="44.76364907194753" lon="13.93138214469086">
        <ele>0</ele>
      </trkpt>
      <trkpt lat="44.763712368104436" lon="13.932009148251817">
        <ele>0</ele>
      </trkpt>
      <trkpt lat="44.76377566426134" lon="13.932636151812774">
        <ele>0</ele>
      </trkpt>
      <trkpt lat="44.76383896041824" lon="13.933263155373732">
        <ele>0</ele>
      </trkpt>
      <trkpt lat="44.76390225657515" lon="13.933890158934688">
        <ele>0</ele>
      </trkpt>
      <trkpt lat="44.76396555273205" lon="13.934517162495645">
        <ele>0</ele>
      </trkpt>
      <trkpt lat="44.764028848888955" lon="13.935144166056602">
        <ele>0</ele>
      </trkpt>
      <trkpt lat="44.76409214504586" lon="13.93577116961756">
        <ele>0</ele>
      </trkpt>
      <trkpt lat="44.76415544120276" lon="13.936398173178517">
        <ele>0</ele>
      </trkpt>
      <trkpt lat="44.76421873735967" lon="13.937025176739475">
        <ele>0</ele>
      </trkpt>
      <trkpt lat="44.76428203351657" lon="13.93765218030043">
        <ele>0</ele>
      </trkpt>
      <trkpt lat="44.764345329673475" lon="13.938279183861388">
        <ele>0</ele>
      </trkpt>
      <trkpt lat="44.76440862583038" lon="13.938906187422345">
        <ele>0</ele>
      </trkpt>
      <trkpt lat="44.76447192198728" lon="13.939533190983303">
        <ele>0</ele>
      </trkpt>
      <trkpt lat="44.76453521814419" lon="13.94016019454426">
        <ele>0</ele>
      </trkpt>
      <trkpt lat="44.76459851430109" lon="13.940787198105218">
        <ele>0</ele>
      </trkpt>
      <trkpt lat="44.764661810457994" lon="13.941414201666174">
        <ele>0</ele>
      </trkpt>
      <trkpt lat="44.7647251066149" lon="13.942041205227131">
        <ele>0</ele>
      </trkpt>
      <trkpt lat="44.764788402771806" lon="13.942668208788088">
        <ele>0</ele>
      </trkpt>
      <trkpt lat="44.76485169892871" lon="13.943295212349046">
        <ele>0</ele>
      </trkpt>
      <trkpt lat="44.764886254946646" lon="13.943637519802763">
        <ele>0</ele>
      </trkpt>
      <trkpt lat="44.76504392243963" lon="13.944230664406254">
        <ele>0</ele>
      </trkpt>
      <trkpt lat="44.765201589932616" lon="13.944823809009744">
        <ele>0</ele>
      </trkpt>
      <trkpt lat="44.7653592574256" lon="13.945416953613234">
        <ele>0</ele>
      </trkpt>
      <trkpt lat="44.76551692491859" lon="13.946010098216725">
        <ele>0</ele>
      </trkpt>
      <trkpt lat="44.76567459241158" lon="13.946603242820213">
        <ele>0</ele>
      </trkpt>
      <trkpt lat="44.76583225990456" lon="13.947196387423704">
        <ele>0</ele>
      </trkpt>
      <trkpt lat="44.76598992739755" lon="13.947789532027194">
        <ele>0</ele>
      </trkpt>
      <trkpt lat="44.76614759489053" lon="13.948382676630684">
        <ele>0</ele>
      </trkpt>
      <trkpt lat="44.76630526238352" lon="13.948975821234175">
        <ele>0</ele>
      </trkpt>
      <trkpt lat="44.7664629298765" lon="13.949568965837665">
        <ele>0</ele>
      </trkpt>
      <trkpt lat="44.766620597369496" lon="13.950162110441156">
        <ele>0</ele>
      </trkpt>
      <trkpt lat="44.76677826486248" lon="13.950755255044646">
        <ele>0</ele>
      </trkpt>
      <trkpt lat="44.766935932355466" lon="13.951348399648134">
        <ele>0</ele>
      </trkpt>
      <trkpt lat="44.76709359984845" lon="13.951941544251625">
        <ele>0</ele>
      </trkpt>
      <trkpt lat="44.767251267341436" lon="13.952534688855115">
        <ele>0</ele>
      </trkpt>
      <trkpt lat="44.76740893483442" lon="13.953127833458606">
        <ele>0</ele>
      </trkpt>
      <trkpt lat="44.767566602327406" lon="13.953720978062096">
        <ele>0</ele>
      </trkpt>
      <trkpt lat="44.7677242698204" lon="13.954314122665586">
        <ele>0</ele>
      </trkpt>
      <trkpt lat="44.76788193731338" lon="13.954907267269077">
        <ele>0</ele>
      </trkpt>
      <trkpt lat="44.76803960480637" lon="13.955500411872567">
        <ele>0</ele>
      </trkpt>
      <trkpt lat="44.76819727229935" lon="13.956093556476057">
        <ele>0</ele>
      </trkpt>
      <trkpt lat="44.76835493979234" lon="13.956686701079546">
        <ele>0</ele>
      </trkpt>
      <trkpt lat="44.768512607285324" lon="13.957279845683036">
        <ele>0</ele>
      </trkpt>
      <trkpt lat="44.76867027477831" lon="13.957872990286527">
        <ele>0</ele>
      </trkpt>
      <trkpt lat="44.7688279422713" lon="13.958466134890017">
        <ele>0</ele>
      </trkpt>
      <trkpt lat="44.768985609764286" lon="13.959059279493507">
        <ele>0</ele>
      </trkpt>
      <trkpt lat="44.76914327725727" lon="13.959652424096998">
        <ele>0</ele>
      </trkpt>
      <trkpt lat="44.769300944750256" lon="13.960245568700488">
        <ele>0</ele>
      </trkpt>
      <trkpt lat="44.76945861224324" lon="13.960838713303978">
        <ele>0</ele>
      </trkpt>
      <trkpt lat="44.769616279736226" lon="13.961431857907469">
        <ele>0</ele>
      </trkpt>
      <trkpt lat="44.76977394722921" lon="13.962025002510957">
        <ele>0</ele>
      </trkpt>
      <trkpt lat="44.7699316147222" lon="13.962618147114448">
        <ele>0</ele>
      </trkpt>
      <trkpt lat="44.77008928221519" lon="13.963211291717938">
        <ele>0</ele>
      </trkpt>
      <trkpt lat="44.770246949708174" lon="13.963804436321428">
        <ele>0</ele>
      </trkpt>
      <trkpt lat="44.77040461720116" lon="13.964397580924919">
        <ele>0</ele>
      </trkpt>
      <trkpt lat="44.770562284694144" lon="13.96499072552841">
        <ele>0</ele>
      </trkpt>
      <trkpt lat="44.77071995218713" lon="13.9655838701319">
        <ele>0</ele>
      </trkpt>
      <trkpt lat="44.770877619680114" lon="13.96617701473539">
        <ele>0</ele>
      </trkpt>
      <trkpt lat="44.770977285027186" lon="13.966551955451763">
        <ele>0</ele>
      </trkpt>
      <trkpt lat="44.771147470482674" lon="13.967138297979975">
        <ele>0</ele>
      </trkpt>
      <trkpt lat="44.77131765593816" lon="13.967724640508187">
        <ele>0</ele>
      </trkpt>
      <trkpt lat="44.77148784139364" lon="13.9683109830364">
        <ele>0</ele>
      </trkpt>
      <trkpt lat="44.77165802684913" lon="13.96889732556461">
        <ele>0</ele>
      </trkpt>
      <trkpt lat="44.77182821230462" lon="13.969483668092822">
        <ele>0</ele>
      </trkpt>
      <trkpt lat="44.77199839776011" lon="13.970070010621034">
        <ele>0</ele>
      </trkpt>
      <trkpt lat="44.772168583215596" lon="13.970656353149247">
        <ele>0</ele>
      </trkpt>
      <trkpt lat="44.772338768671084" lon="13.971242695677459">
        <ele>0</ele>
      </trkpt>
      <trkpt lat="44.772508954126565" lon="13.971829038205671">
        <ele>0</ele>
      </trkpt>
      <trkpt lat="44.77267913958205" lon="13.972415380733883">
        <ele>0</ele>
      </trkpt>
      <trkpt lat="44.77284932503754" lon="13.973001723262096">
        <ele>0</ele>
      </trkpt>
      <trkpt lat="44.77301951049303" lon="13.973588065790306">
        <ele>0</ele>
      </trkpt>
      <trkpt lat="44.77318969594852" lon="13.974174408318518">
        <ele>0</ele>
      </trkpt>
      <trkpt lat="44.773359881404" lon="13.97476075084673">
        <ele>0</ele>
      </trkpt>
      <trkpt lat="44.773530066859486" lon="13.975347093374943">
        <ele>0</ele>
      </trkpt>
      <trkpt lat="44.773700252314974" lon="13.975933435903155">
        <ele>0</ele>
      </trkpt>
      <trkpt lat="44.77387043777046" lon="13.976519778431367">
        <ele>0</ele>
      </trkpt>
      <trkpt lat="44.77404062322595" lon="13.97710612095958">
        <ele>0</ele>
      </trkpt>
      <trkpt lat="44.77421080868144" lon="13.977692463487791">
        <ele>0</ele>
      </trkpt>
      <trkpt lat="44.77438099413692" lon="13.978278806016002">
        <ele>0</ele>
      </trkpt>
      <trkpt lat="44.77455117959241" lon="13.978865148544214">
        <ele>0</ele>
      </trkpt>
      <trkpt lat="44.774721365047895" lon="13.979451491072426">
        <ele>0</ele>
      </trkpt>
      <trkpt lat="44.77489155050338" lon="13.980037833600639">
        <ele>0</ele>
      </trkpt>
      <trkpt lat="44.77506173595887" lon="13.98062417612885">
        <ele>0</ele>
      </trkpt>
      <trkpt lat="44.77523192141435" lon="13.981210518657063">
        <ele>0</ele>
      </trkpt>
      <trkpt lat="44.77540210686984" lon="13.981796861185275">
        <ele>0</ele>
      </trkpt>
      <trkpt lat="44.77557229232533" lon="13.982383203713487">
        <ele>0</ele>
      </trkpt>
      <trkpt lat="44.77574247778082" lon="13.982969546241698">
        <ele>0</ele>
      </trkpt>
      <trkpt lat="44.775912663236305" lon="13.98355588876991">
        <ele>0</ele>
      </trkpt>
      <trkpt lat="44.77608284869179" lon="13.984142231298122">
        <ele>0</ele>
      </trkpt>
      <trkpt lat="44.776253034147274" lon="13.984728573826334">
        <ele>0</ele>
      </trkpt>
      <trkpt lat="44.77642321960276" lon="13.985314916354547">
        <ele>0</ele>
      </trkpt>
      <trkpt lat="44.77659340505825" lon="13.985901258882759">
        <ele>0</ele>
      </trkpt>
      <trkpt lat="44.77676359051374" lon="13.986487601410971">
        <ele>0</ele>
      </trkpt>
      <trkpt lat="44.776933775969226" lon="13.987073943939183">
        <ele>0</ele>
      </trkpt>
      <trkpt lat="44.77710396142471" lon="13.987660286467394">
        <ele>0</ele>
      </trkpt>
      <trkpt lat="44.777274146880195" lon="13.988246628995606">
        <ele>0</ele>
      </trkpt>
      <trkpt lat="44.77744433233568" lon="13.988832971523818">
        <ele>0</ele>
      </trkpt>
      <trkpt lat="44.77761451779117" lon="13.98941931405203">
        <ele>0</ele>
      </trkpt>
      <trkpt lat="44.77778470324666" lon="13.990005656580243">
        <ele>0</ele>
      </trkpt>
      <trkpt lat="44.77795488870215" lon="13.990591999108455">
        <ele>0</ele>
      </trkpt>
      <trkpt lat="44.77812507415763" lon="13.991178341636667">
        <ele>0</ele>
      </trkpt>
      <trkpt lat="44.77829525961312" lon="13.991764684164878">
        <ele>0</ele>
      </trkpt>
      <trkpt lat="44.778465445068605" lon="13.99235102669309">
        <ele>0</ele>
      </trkpt>
      <trkpt lat="44.77863563052409" lon="13.992937369221302">
        <ele>0</ele>
      </trkpt>
      <trkpt lat="44.77880581597958" lon="13.993523711749514">
        <ele>0</ele>
      </trkpt>
      <trkpt lat="44.77897600143506" lon="13.994110054277726">
        <ele>0</ele>
      </trkpt>
      <trkpt lat="44.77914618689055" lon="13.994696396805939">
        <ele>0</ele>
      </trkpt>
      <trkpt lat="44.77931637234604" lon="13.99528273933415">
        <ele>0</ele>
      </trkpt>
      <trkpt lat="44.779486557801526" lon="13.995869081862363">
        <ele>0</ele>
      </trkpt>
      <trkpt lat="44.779656743257014" lon="13.996455424390573">
        <ele>0</ele>
      </trkpt>
      <trkpt lat="44.7798269287125" lon="13.997041766918786">
        <ele>0</ele>
      </trkpt>
      <trkpt lat="44.77999711416798" lon="13.997628109446998">
        <ele>0</ele>
      </trkpt>
      <trkpt lat="44.78016729962347" lon="13.99821445197521">
        <ele>0</ele>
      </trkpt>
      <trkpt lat="44.78033748507896" lon="13.998800794503422">
        <ele>0</ele>
      </trkpt>
      <trkpt lat="44.78050767053445" lon="13.999387137031635">
        <ele>0</ele>
      </trkpt>
      <trkpt lat="44.780677855989936" lon="13.999973479559847">
        <ele>0</ele>
      </trkpt>
      <trkpt lat="44.78084804144542" lon="14.000559822088059">
        <ele>0</ele>
      </trkpt>
      <trkpt lat="44.781018226900905" lon="14.00114616461627">
        <ele>0</ele>
      </trkpt>
      <trkpt lat="44.78118841235639" lon="14.001732507144482">
        <ele>0</ele>
      </trkpt>
      <trkpt lat="44.78135859781188" lon="14.002318849672694">
        <ele>0</ele>
      </trkpt>
      <trkpt lat="44.78152878326737" lon="14.002905192200906">
        <ele>0</ele>
      </trkpt>
      <trkpt lat="44.78169896872286" lon="14.003491534729118">
        <ele>0</ele>
      </trkpt>
      <trkpt lat="44.78186915417834" lon="14.00407787725733">
        <ele>0</ele>
      </trkpt>
      <trkpt lat="44.782039339633826" lon="14.004664219785543">
        <ele>0</ele>
      </trkpt>
      <trkpt lat="44.782209525089314" lon="14.005250562313755">
        <ele>0</ele>
      </trkpt>
      <trkpt lat="44.7823797105448" lon="14.005836904841965">
        <ele>0</ele>
      </trkpt>
      <trkpt lat="44.78254989600029" lon="14.006423247370178">
        <ele>0</ele>
      </trkpt>
      <trkpt lat="44.78272008145577" lon="14.00700958989839">
        <ele>0</ele>
      </trkpt>
      <trkpt lat="44.78289026691126" lon="14.007595932426602">
        <ele>0</ele>
      </trkpt>
      <trkpt lat="44.78306045236675" lon="14.008182274954814">
        <ele>0</ele>
      </trkpt>
      <trkpt lat="44.783230637822236" lon="14.008768617483026">
        <ele>0</ele>
      </trkpt>
      <trkpt lat="44.783400823277724" lon="14.009354960011239">
        <ele>0</ele>
      </trkpt>
      <trkpt lat="44.78357100873321" lon="14.009941302539449">
        <ele>0</ele>
      </trkpt>
      <trkpt lat="44.78374119418869" lon="14.010527645067661">
        <ele>0</ele>
      </trkpt>
      <trkpt lat="44.78391137964418" lon="14.011113987595873">
        <ele>0</ele>
      </trkpt>
      <trkpt lat="44.78408156509967" lon="14.011700330124086">
        <ele>0</ele>
      </trkpt>
      <trkpt lat="44.78425175055516" lon="14.012286672652298">
        <ele>0</ele>
      </trkpt>
      <trkpt lat="44.784421936010645" lon="14.01287301518051">
        <ele>0</ele>
      </trkpt>
      <trkpt lat="44.78459212146613" lon="14.013459357708722">
        <ele>0</ele>
      </trkpt>
      <trkpt lat="44.784762306921614" lon="14.014045700236935">
        <ele>0</ele>
      </trkpt>
      <trkpt lat="44.784908463695274" lon="14.014549256383589">
        <ele>0</ele>
      </trkpt>
      <trkpt lat="44.7851526537525" lon="14.015081336064764">
        <ele>0</ele>
      </trkpt>
      <trkpt lat="44.78539684380972" lon="14.015613415745939">
        <ele>0</ele>
      </trkpt>
      <trkpt lat="44.785641033866945" lon="14.016145495427114">
        <ele>0</ele>
      </trkpt>
      <trkpt lat="44.78588522392417" lon="14.01667757510829">
        <ele>0</ele>
      </trkpt>
      <trkpt lat="44.78612941398139" lon="14.017209654789465">
        <ele>0</ele>
      </trkpt>
      <trkpt lat="44.786373604038616" lon="14.01774173447064">
        <ele>0</ele>
      </trkpt>
      <trkpt lat="44.78661779409584" lon="14.018273814151815">
        <ele>0</ele>
      </trkpt>
      <trkpt lat="44.78686198415306" lon="14.01880589383299">
        <ele>0</ele>
      </trkpt>
      <trkpt lat="44.78710617421029" lon="14.019337973514165">
        <ele>0</ele>
      </trkpt>
      <trkpt lat="44.78735036426751" lon="14.01987005319534">
        <ele>0</ele>
      </trkpt>
      <trkpt lat="44.787594554324734" lon="14.020402132876516">
        <ele>0</ele>
      </trkpt>
      <trkpt lat="44.78783874438196" lon="14.020934212557691">
        <ele>0</ele>
      </trkpt>
      <trkpt lat="44.78808293443918" lon="14.021466292238866">
        <ele>0</ele>
      </trkpt>
      <trkpt lat="44.788327124496405" lon="14.021998371920041">
        <ele>0</ele>
      </trkpt>
      <trkpt lat="44.78857131455363" lon="14.022530451601217">
        <ele>0</ele>
      </trkpt>
      <trkpt lat="44.78881550461085" lon="14.023062531282392">
        <ele>0</ele>
      </trkpt>
      <trkpt lat="44.789059694668076" lon="14.023594610963567">
        <ele>0</ele>
      </trkpt>
      <trkpt lat="44.7893038847253" lon="14.024126690644742">
        <ele>0</ele>
      </trkpt>
      <trkpt lat="44.78954807478252" lon="14.024658770325917">
        <ele>0</ele>
      </trkpt>
      <trkpt lat="44.78979226483975" lon="14.025190850007093">
        <ele>0</ele>
      </trkpt>
      <trkpt lat="44.79003645489697" lon="14.025722929688268">
        <ele>0</ele>
      </trkpt>
      <trkpt lat="44.790280644954194" lon="14.026255009369443">
        <ele>0</ele>
      </trkpt>
      <trkpt lat="44.79052483501142" lon="14.026787089050618">
        <ele>0</ele>
      </trkpt>
      <trkpt lat="44.79076902506864" lon="14.027319168731793">
        <ele>0</ele>
      </trkpt>
      <trkpt lat="44.791013215125865" lon="14.027851248412968">
        <ele>0</ele>
      </trkpt>
      <trkpt lat="44.79125740518309" lon="14.028383328094144">
        <ele>0</ele>
      </trkpt>
      <trkpt lat="44.79150159524031" lon="14.028915407775319">
        <ele>0</ele>
      </trkpt>
      <trkpt lat="44.791745785297536" lon="14.029447487456494">
        <ele>0</ele>
      </trkpt>
      <trkpt lat="44.79198997535476" lon="14.02997956713767">
        <ele>0</ele>
      </trkpt>
      <trkpt lat="44.79223416541198" lon="14.030511646818844">
        <ele>0</ele>
      </trkpt>
      <trkpt lat="44.79247835546921" lon="14.03104372650002">
        <ele>0</ele>
      </trkpt>
      <trkpt lat="44.79272254552643" lon="14.031575806181195">
        <ele>0</ele>
      </trkpt>
      <trkpt lat="44.792966735583654" lon="14.03210788586237">
        <ele>0</ele>
      </trkpt>
      <trkpt lat="44.79321092564088" lon="14.032639965543545">
        <ele>0</ele>
      </trkpt>
      <trkpt lat="44.7934551156981" lon="14.03317204522472">
        <ele>0</ele>
      </trkpt>
      <trkpt lat="44.793699305755325" lon="14.033704124905896">
        <ele>0</ele>
      </trkpt>
      <trkpt lat="44.79394349581255" lon="14.03423620458707">
        <ele>0</ele>
      </trkpt>
      <trkpt lat="44.79418768586977" lon="14.034768284268246">
        <ele>0</ele>
      </trkpt>
      <trkpt lat="44.794431875926996" lon="14.035300363949421">
        <ele>0</ele>
      </trkpt>
      <trkpt lat="44.79467606598422" lon="14.035832443630596">
        <ele>0</ele>
      </trkpt>
      <trkpt lat="44.79492025604144" lon="14.036364523311772">
        <ele>0</ele>
      </trkpt>
      <trkpt lat="44.79516444609867" lon="14.036896602992947">
        <ele>0</ele>
      </trkpt>
      <trkpt lat="44.79540863615589" lon="14.037428682674122">
        <ele>0</ele>
      </trkpt>
      <trkpt lat="44.795652826213114" lon="14.037960762355297">
        <ele>0</ele>
      </trkpt>
      <trkpt lat="44.79589701627034" lon="14.038492842036472">
        <ele>0</ele>
      </trkpt>
      <trkpt lat="44.79614120632756" lon="14.039024921717647">
        <ele>0</ele>
      </trkpt>
      <trkpt lat="44.796385396384785" lon="14.039557001398823">
        <ele>0</ele>
      </trkpt>
      <trkpt lat="44.79662958644201" lon="14.040089081079998">
        <ele>0</ele>
      </trkpt>
      <trkpt lat="44.79687377649923" lon="14.040621160761173">
        <ele>0</ele>
      </trkpt>
      <trkpt lat="44.797117966556456" lon="14.041153240442348">
        <ele>0</ele>
      </trkpt>
      <trkpt lat="44.79736215661368" lon="14.041685320123523">
        <ele>0</ele>
      </trkpt>
      <trkpt lat="44.797606346670904" lon="14.0422173998047">
        <ele>0</ele>
      </trkpt>
      <trkpt lat="44.79785053672813" lon="14.042749479485876">
        <ele>0</ele>
      </trkpt>
      <trkpt lat="44.79809472678535" lon="14.04328155916705">
        <ele>0</ele>
      </trkpt>
      <trkpt lat="44.798338916842575" lon="14.043813638848226">
        <ele>0</ele>
      </trkpt>
      <trkpt lat="44.7985831068998" lon="14.044345718529401">
        <ele>0</ele>
      </trkpt>
      <trkpt lat="44.79882729695702" lon="14.044877798210576">
        <ele>0</ele>
      </trkpt>
      <trkpt lat="44.799071487014245" lon="14.045409877891752">
        <ele>0</ele>
      </trkpt>
      <trkpt lat="44.79931567707147" lon="14.045941957572927">
        <ele>0</ele>
      </trkpt>
      <trkpt lat="44.79955986712869" lon="14.046474037254102">
        <ele>0</ele>
      </trkpt>
      <trkpt lat="44.79980405718592" lon="14.047006116935277">
        <ele>0</ele>
      </trkpt>
      <trkpt lat="44.80004824724315" lon="14.047538196616452">
        <ele>0</ele>
      </trkpt>
      <trkpt lat="44.80029243730037" lon="14.048070276297628">
        <ele>0</ele>
      </trkpt>
      <trkpt lat="44.800536627357594" lon="14.048602355978803">
        <ele>0</ele>
      </trkpt>
      <trkpt lat="44.80078081741482" lon="14.049134435659978">
        <ele>0</ele>
      </trkpt>
      <trkpt lat="44.80102500747204" lon="14.049666515341153">
        <ele>0</ele>
      </trkpt>
      <trkpt lat="44.801269197529265" lon="14.050198595022328">
        <ele>0</ele>
      </trkpt>
      <trkpt lat="44.80151338758649" lon="14.050730674703503">
        <ele>0</ele>
      </trkpt>
      <trkpt lat="44.80175757764371" lon="14.051262754384679">
        <ele>0</ele>
      </trkpt>
      <trkpt lat="44.802001767700936" lon="14.051794834065854">
        <ele>0</ele>
      </trkpt>
      <trkpt lat="44.80224595775816" lon="14.052326913747029">
        <ele>0</ele>
      </trkpt>
      <trkpt lat="44.802490147815384" lon="14.052858993428204">
        <ele>0</ele>
      </trkpt>
      <trkpt lat="44.80273433787261" lon="14.05339107310938">
        <ele>0</ele>
      </trkpt>
      <trkpt lat="44.80297852792983" lon="14.053923152790555">
        <ele>0</ele>
      </trkpt>
      <trkpt lat="44.803222717987055" lon="14.05445523247173">
        <ele>0</ele>
      </trkpt>
      <trkpt lat="44.80346690804428" lon="14.054987312152905">
        <ele>0</ele>
      </trkpt>
      <trkpt lat="44.8037110981015" lon="14.05551939183408">
        <ele>0</ele>
      </trkpt>
      <trkpt lat="44.803955288158726" lon="14.056051471515255">
        <ele>0</ele>
      </trkpt>
      <trkpt lat="44.80419947821595" lon="14.05658355119643">
        <ele>0</ele>
      </trkpt>
      <trkpt lat="44.80444366827317" lon="14.057115630877606">
        <ele>0</ele>
      </trkpt>
      <trkpt lat="44.8046878583304" lon="14.057647710558781">
        <ele>0</ele>
      </trkpt>
      <trkpt lat="44.80493204838762" lon="14.058179790239956">
        <ele>0</ele>
      </trkpt>
      <trkpt lat="44.805176238444844" lon="14.058711869921131">
        <ele>0</ele>
      </trkpt>
      <trkpt lat="44.80542042850207" lon="14.059243949602307">
        <ele>0</ele>
      </trkpt>
      <trkpt lat="44.80566461855929" lon="14.059776029283482">
        <ele>0</ele>
      </trkpt>
      <trkpt lat="44.80582895208883" lon="14.06013410500941">
        <ele>0</ele>
      </trkpt>
      <trkpt lat="44.806117849091784" lon="14.060619986833897">
        <ele>0</ele>
      </trkpt>
      <trkpt lat="44.806406746094744" lon="14.061105868658386">
        <ele>0</ele>
      </trkpt>
      <trkpt lat="44.8066956430977" lon="14.061591750482872">
        <ele>0</ele>
      </trkpt>
      <trkpt lat="44.80698454010066" lon="14.062077632307359">
        <ele>0</ele>
      </trkpt>
      <trkpt lat="44.80727343710361" lon="14.062563514131847">
        <ele>0</ele>
      </trkpt>
      <trkpt lat="44.80756233410657" lon="14.063049395956334">
        <ele>0</ele>
      </trkpt>
      <trkpt lat="44.807851231109524" lon="14.06353527778082">
        <ele>0</ele>
      </trkpt>
      <trkpt lat="44.808140128112484" lon="14.064021159605309">
        <ele>0</ele>
      </trkpt>
      <trkpt lat="44.80842902511544" lon="14.064507041429795">
        <ele>0</ele>
      </trkpt>
      <trkpt lat="44.8087179221184" lon="14.064992923254282">
        <ele>0</ele>
      </trkpt>
      <trkpt lat="44.80900681912135" lon="14.06547880507877">
        <ele>0</ele>
      </trkpt>
      <trkpt lat="44.80929571612431" lon="14.065964686903257">
        <ele>0</ele>
      </trkpt>
      <trkpt lat="44.809584613127264" lon="14.066450568727744">
        <ele>0</ele>
      </trkpt>
      <trkpt lat="44.809873510130224" lon="14.066936450552232">
        <ele>0</ele>
      </trkpt>
      <trkpt lat="44.81016240713318" lon="14.067422332376719">
        <ele>0</ele>
      </trkpt>
      <trkpt lat="44.81045130413614" lon="14.067908214201205">
        <ele>0</ele>
      </trkpt>
      <trkpt lat="44.81074020113909" lon="14.068394096025694">
        <ele>0</ele>
      </trkpt>
      <trkpt lat="44.81102909814205" lon="14.06887997785018">
        <ele>0</ele>
      </trkpt>
      <trkpt lat="44.811317995145004" lon="14.069365859674667">
        <ele>0</ele>
      </trkpt>
      <trkpt lat="44.811606892147964" lon="14.069851741499154">
        <ele>0</ele>
      </trkpt>
      <trkpt lat="44.81189578915092" lon="14.070337623323642">
        <ele>0</ele>
      </trkpt>
      <trkpt lat="44.81218468615388" lon="14.070823505148129">
        <ele>0</ele>
      </trkpt>
      <trkpt lat="44.81247358315683" lon="14.071309386972615">
        <ele>0</ele>
      </trkpt>
      <trkpt lat="44.81276248015978" lon="14.071795268797104">
        <ele>0</ele>
      </trkpt>
      <trkpt lat="44.81305137716274" lon="14.07228115062159">
        <ele>0</ele>
      </trkpt>
      <trkpt lat="44.8133402741657" lon="14.072767032446077">
        <ele>0</ele>
      </trkpt>
      <trkpt lat="44.81362917116866" lon="14.073252914270565">
        <ele>0</ele>
      </trkpt>
      <trkpt lat="44.81391806817161" lon="14.073738796095052">
        <ele>0</ele>
      </trkpt>
      <trkpt lat="44.81420696517457" lon="14.074224677919538">
        <ele>0</ele>
      </trkpt>
      <trkpt lat="44.81449586217752" lon="14.074710559744027">
        <ele>0</ele>
      </trkpt>
      <trkpt lat="44.81478475918048" lon="14.075196441568513">
        <ele>0</ele>
      </trkpt>
      <trkpt lat="44.815073656183436" lon="14.075682323393">
        <ele>0</ele>
      </trkpt>
      <trkpt lat="44.8153625531864" lon="14.076168205217488">
        <ele>0</ele>
      </trkpt>
      <trkpt lat="44.81565145018935" lon="14.076654087041975">
        <ele>0</ele>
      </trkpt>
      <trkpt lat="44.81594034719231" lon="14.077139968866462">
        <ele>0</ele>
      </trkpt>
      <trkpt lat="44.81622924419526" lon="14.07762585069095">
        <ele>0</ele>
      </trkpt>
      <trkpt lat="44.81651814119822" lon="14.078111732515437">
        <ele>0</ele>
      </trkpt>
      <trkpt lat="44.816807038201176" lon="14.078597614339923">
        <ele>0</ele>
      </trkpt>
      <trkpt lat="44.81709593520414" lon="14.079083496164412">
        <ele>0</ele>
      </trkpt>
      <trkpt lat="44.81738483220709" lon="14.079569377988898">
        <ele>0</ele>
      </trkpt>
      <trkpt lat="44.81767372921005" lon="14.080055259813385">
        <ele>0</ele>
      </trkpt>
      <trkpt lat="44.817962626213" lon="14.080541141637873">
        <ele>0</ele>
      </trkpt>
      <trkpt lat="44.81825152321596" lon="14.08102702346236">
        <ele>0</ele>
      </trkpt>
      <trkpt lat="44.818540420218916" lon="14.081512905286846">
        <ele>0</ele>
      </trkpt>
      <trkpt lat="44.818829317221876" lon="14.081998787111335">
        <ele>0</ele>
      </trkpt>
      <trkpt lat="44.81911821422483" lon="14.082484668935821">
        <ele>0</ele>
      </trkpt>
      <trkpt lat="44.81940711122778" lon="14.082970550760308">
        <ele>0</ele>
      </trkpt>
      <trkpt lat="44.81969600823074" lon="14.083456432584796">
        <ele>0</ele>
      </trkpt>
      <trkpt lat="44.819984905233696" lon="14.083942314409283">
        <ele>0</ele>
      </trkpt>
      <trkpt lat="44.820273802236656" lon="14.08442819623377">
        <ele>0</ele>
      </trkpt>
      <trkpt lat="44.82056269923961" lon="14.084914078058258">
        <ele>0</ele>
      </trkpt>
      <trkpt lat="44.82085159624257" lon="14.085399959882745">
        <ele>0</ele>
      </trkpt>
      <trkpt lat="44.82114049324552" lon="14.085885841707231">
        <ele>0</ele>
      </trkpt>
      <trkpt lat="44.82142939024848" lon="14.086371723531718">
        <ele>0</ele>
      </trkpt>
      <trkpt lat="44.821718287251436" lon="14.086857605356206">
        <ele>0</ele>
      </trkpt>
      <trkpt lat="44.822007184254396" lon="14.087343487180693">
        <ele>0</ele>
      </trkpt>
      <trkpt lat="44.82229608125735" lon="14.08782936900518">
        <ele>0</ele>
      </trkpt>
      <trkpt lat="44.82258497826031" lon="14.088315250829668">
        <ele>0</ele>
      </trkpt>
      <trkpt lat="44.82287387526326" lon="14.088801132654154">
        <ele>0</ele>
      </trkpt>
      <trkpt lat="44.82316277226622" lon="14.089287014478641">
        <ele>0</ele>
      </trkpt>
      <trkpt lat="44.823451669269176" lon="14.08977289630313">
        <ele>0</ele>
      </trkpt>
      <trkpt lat="44.823740566272136" lon="14.090258778127616">
        <ele>0</ele>
      </trkpt>
      <trkpt lat="44.82402946327509" lon="14.090744659952103">
        <ele>0</ele>
      </trkpt>
      <trkpt lat="44.82431836027805" lon="14.091230541776591">
        <ele>0</ele>
      </trkpt>
      <trkpt lat="44.824607257281" lon="14.091716423601078">
        <ele>0</ele>
      </trkpt>
      <trkpt lat="44.82489615428396" lon="14.092202305425564">
        <ele>0</ele>
      </trkpt>
      <trkpt lat="44.825185051286915" lon="14.092688187250053">
        <ele>0</ele>
      </trkpt>
      <trkpt lat="44.825473948289876" lon="14.09317406907454">
        <ele>0</ele>
      </trkpt>
      <trkpt lat="44.82576284529283" lon="14.093659950899026">
        <ele>0</ele>
      </trkpt>
      <trkpt lat="44.82605174229578" lon="14.094145832723514">
        <ele>0</ele>
      </trkpt>
      <trkpt lat="44.82634063929874" lon="14.094631714548001">
        <ele>0</ele>
      </trkpt>
      <trkpt lat="44.826629536301695" lon="14.095117596372488">
        <ele>0</ele>
      </trkpt>
      <trkpt lat="44.826918433304655" lon="14.095603478196976">
        <ele>0</ele>
      </trkpt>
      <trkpt lat="44.82720733030761" lon="14.096089360021463">
        <ele>0</ele>
      </trkpt>
      <trkpt lat="44.82749622731057" lon="14.09657524184595">
        <ele>0</ele>
      </trkpt>
      <trkpt lat="44.82778512431352" lon="14.097061123670438">
        <ele>0</ele>
      </trkpt>
      <trkpt lat="44.82807402131648" lon="14.097547005494924">
        <ele>0</ele>
      </trkpt>
      <trkpt lat="44.828362918319435" lon="14.09803288731941">
        <ele>0</ele>
      </trkpt>
      <trkpt lat="44.828651815322395" lon="14.0985187691439">
        <ele>0</ele>
      </trkpt>
      <trkpt lat="44.82894071232535" lon="14.099004650968386">
        <ele>0</ele>
      </trkpt>
      <trkpt lat="44.82922960932831" lon="14.099490532792872">
        <ele>0</ele>
      </trkpt>
      <trkpt lat="44.82951850633126" lon="14.09997641461736">
        <ele>0</ele>
      </trkpt>
      <trkpt lat="44.82980740333422" lon="14.100462296441847">
        <ele>0</ele>
      </trkpt>
      <trkpt lat="44.830096300337175" lon="14.100948178266334">
        <ele>0</ele>
      </trkpt>
      <trkpt lat="44.830385197340135" lon="14.10143406009082">
        <ele>0</ele>
      </trkpt>
      <trkpt lat="44.83067409434309" lon="14.101919941915309">
        <ele>0</ele>
      </trkpt>
      <trkpt lat="44.83096299134605" lon="14.102405823739796">
        <ele>0</ele>
      </trkpt>
      <trkpt lat="44.831251888349" lon="14.102891705564282">
        <ele>0</ele>
      </trkpt>
      <trkpt lat="44.83154078535196" lon="14.10337758738877">
        <ele>0</ele>
      </trkpt>
      <trkpt lat="44.831829682354915" lon="14.103863469213257">
        <ele>0</ele>
      </trkpt>
      <trkpt lat="44.832118579357875" lon="14.104349351037744">
        <ele>0</ele>
      </trkpt>
      <trkpt lat="44.83240747636083" lon="14.104835232862232">
        <ele>0</ele>
      </trkpt>
      <trkpt lat="44.83269637336378" lon="14.105321114686719">
        <ele>0</ele>
      </trkpt>
      <trkpt lat="44.83298527036674" lon="14.105806996511205">
        <ele>0</ele>
      </trkpt>
      <trkpt lat="44.833274167369694" lon="14.106292878335694">
        <ele>0</ele>
      </trkpt>
      <trkpt lat="44.833563064372655" lon="14.10677876016018">
        <ele>0</ele>
      </trkpt>
      <trkpt lat="44.83385196137561" lon="14.107264641984667">
        <ele>0</ele>
      </trkpt>
      <trkpt lat="44.83414085837857" lon="14.107750523809155">
        <ele>0</ele>
      </trkpt>
      <trkpt lat="44.83442975538152" lon="14.108236405633642">
        <ele>0</ele>
      </trkpt>
      <trkpt lat="44.83471865238448" lon="14.108722287458129">
        <ele>0</ele>
      </trkpt>
      <trkpt lat="44.835007549387434" lon="14.109208169282617">
        <ele>0</ele>
      </trkpt>
      <trkpt lat="44.835296446390394" lon="14.109694051107104">
        <ele>0</ele>
      </trkpt>
      <trkpt lat="44.83558534339335" lon="14.11017993293159">
        <ele>0</ele>
      </trkpt>
      <trkpt lat="44.83587424039631" lon="14.110665814756079">
        <ele>0</ele>
      </trkpt>
      <trkpt lat="44.83616313739926" lon="14.111151696580565">
        <ele>0</ele>
      </trkpt>
      <trkpt lat="44.83645203440222" lon="14.111637578405052">
        <ele>0</ele>
      </trkpt>
      <trkpt lat="44.836740931405174" lon="14.11212346022954">
        <ele>0</ele>
      </trkpt>
      <trkpt lat="44.837029828408134" lon="14.112609342054027">
        <ele>0</ele>
      </trkpt>
      <trkpt lat="44.83731872541109" lon="14.113095223878513">
        <ele>0</ele>
      </trkpt>
      <trkpt lat="44.83760762241405" lon="14.113581105703002">
        <ele>0</ele>
      </trkpt>
      <trkpt lat="44.837896519417" lon="14.114066987527488">
        <ele>0</ele>
      </trkpt>
      <trkpt lat="44.83818541641996" lon="14.114552869351975">
        <ele>0</ele>
      </trkpt>
      <trkpt lat="44.838474313422914" lon="14.115038751176463">
        <ele>0</ele>
      </trkpt>
      <trkpt lat="44.838763210425874" lon="14.11552463300095">
        <ele>0</ele>
      </trkpt>
      <trkpt lat="44.83905210742883" lon="14.116010514825437">
        <ele>0</ele>
      </trkpt>
      <trkpt lat="44.83934100443179" lon="14.116496396649925">
        <ele>0</ele>
      </trkpt>
      <trkpt lat="44.83962990143474" lon="14.116982278474412">
        <ele>0</ele>
      </trkpt>
      <trkpt lat="44.839918798437694" lon="14.117468160298898">
        <ele>0</ele>
      </trkpt>
      <trkpt lat="44.840207695440654" lon="14.117954042123385">
        <ele>0</ele>
      </trkpt>
      <trkpt lat="44.84049659244361" lon="14.118439923947873">
        <ele>0</ele>
      </trkpt>
      <trkpt lat="44.84078548944657" lon="14.11892580577236">
        <ele>0</ele>
      </trkpt>
      <trkpt lat="44.84107438644952" lon="14.119411687596847">
        <ele>0</ele>
      </trkpt>
      <trkpt lat="44.84136328345248" lon="14.119897569421335">
        <ele>0</ele>
      </trkpt>
      <trkpt lat="44.84165218045543" lon="14.120383451245822">
        <ele>0</ele>
      </trkpt>
      <trkpt lat="44.841941077458394" lon="14.120869333070308">
        <ele>0</ele>
      </trkpt>
      <trkpt lat="44.84222997446135" lon="14.121355214894797">
        <ele>0</ele>
      </trkpt>
      <trkpt lat="44.84251887146431" lon="14.121841096719283">
        <ele>0</ele>
      </trkpt>
      <trkpt lat="44.84280776846726" lon="14.12232697854377">
        <ele>0</ele>
      </trkpt>
      <trkpt lat="44.84309666547022" lon="14.122812860368258">
        <ele>0</ele>
      </trkpt>
      <trkpt lat="44.84338556247317" lon="14.123298742192745">
        <ele>0</ele>
      </trkpt>
      <trkpt lat="44.843674459476134" lon="14.123784624017231">
        <ele>0</ele>
      </trkpt>
      <trkpt lat="44.84396335647909" lon="14.12427050584172">
        <ele>0</ele>
      </trkpt>
      <trkpt lat="44.84425225348205" lon="14.124756387666206">
        <ele>0</ele>
      </trkpt>
      <trkpt lat="44.844541150485" lon="14.125242269490693">
        <ele>0</ele>
      </trkpt>
      <trkpt lat="44.84483004748796" lon="14.125728151315181">
        <ele>0</ele>
      </trkpt>
      <trkpt lat="44.84511894449091" lon="14.126214033139668">
        <ele>0</ele>
      </trkpt>
      <trkpt lat="44.84540784149387" lon="14.126699914964155">
        <ele>0</ele>
      </trkpt>
      <trkpt lat="44.84569673849683" lon="14.127185796788643">
        <ele>0</ele>
      </trkpt>
      <trkpt lat="44.84598563549979" lon="14.12767167861313">
        <ele>0</ele>
      </trkpt>
      <trkpt lat="44.84627453250274" lon="14.128157560437616">
        <ele>0</ele>
      </trkpt>
      <trkpt lat="44.84656342950569" lon="14.128643442262105">
        <ele>0</ele>
      </trkpt>
      <trkpt lat="44.84685232650865" lon="14.129129324086591">
        <ele>0</ele>
      </trkpt>
      <trkpt lat="44.847141223511606" lon="14.129615205911078">
        <ele>0</ele>
      </trkpt>
      <trkpt lat="44.84743012051457" lon="14.130101087735566">
        <ele>0</ele>
      </trkpt>
      <trkpt lat="44.84771901751752" lon="14.130586969560053">
        <ele>0</ele>
      </trkpt>
      <trkpt lat="44.84800791452048" lon="14.13107285138454">
        <ele>0</ele>
      </trkpt>
      <trkpt lat="44.84829681152343" lon="14.131558733209028">
        <ele>0</ele>
      </trkpt>
      <trkpt lat="44.84858570852639" lon="14.132044615033514">
        <ele>0</ele>
      </trkpt>
      <trkpt lat="44.848874605529346" lon="14.132530496858001">
        <ele>0</ele>
      </trkpt>
      <trkpt lat="44.849163502532306" lon="14.133016378682488">
        <ele>0</ele>
      </trkpt>
      <trkpt lat="44.84945239953526" lon="14.133502260506976">
        <ele>0</ele>
      </trkpt>
      <trkpt lat="44.84974129653822" lon="14.133988142331463">
        <ele>0</ele>
      </trkpt>
      <trkpt lat="44.85003019354117" lon="14.13447402415595">
        <ele>0</ele>
      </trkpt>
      <trkpt lat="44.85031909054413" lon="14.134959905980438">
        <ele>0</ele>
      </trkpt>
      <trkpt lat="44.850607987547086" lon="14.135445787804924">
        <ele>0</ele>
      </trkpt>
      <trkpt lat="44.850896884550046" lon="14.13593166962941">
        <ele>0</ele>
      </trkpt>
      <trkpt lat="44.851185781553" lon="14.1364175514539">
        <ele>0</ele>
      </trkpt>
      <trkpt lat="44.85147467855596" lon="14.136903433278386">
        <ele>0</ele>
      </trkpt>
      <trkpt lat="44.85176357555891" lon="14.137389315102872">
        <ele>0</ele>
      </trkpt>
      <trkpt lat="44.85205247256187" lon="14.13787519692736">
        <ele>0</ele>
      </trkpt>
      <trkpt lat="44.852341369564826" lon="14.138361078751847">
        <ele>0</ele>
      </trkpt>
      <trkpt lat="44.852630266567786" lon="14.138846960576334">
        <ele>0</ele>
      </trkpt>
      <trkpt lat="44.85291916357074" lon="14.139332842400822">
        <ele>0</ele>
      </trkpt>
      <trkpt lat="44.85320806057369" lon="14.139818724225309">
        <ele>0</ele>
      </trkpt>
      <trkpt lat="44.85349695757665" lon="14.140304606049796">
        <ele>0</ele>
      </trkpt>
      <trkpt lat="44.853785854579606" lon="14.140790487874284">
        <ele>0</ele>
      </trkpt>
      <trkpt lat="44.854074751582566" lon="14.14127636969877">
        <ele>0</ele>
      </trkpt>
      <trkpt lat="44.85436364858552" lon="14.141762251523257">
        <ele>0</ele>
      </trkpt>
      <trkpt lat="44.85465254558848" lon="14.142248133347746">
        <ele>0</ele>
      </trkpt>
      <trkpt lat="44.85494144259143" lon="14.142734015172232">
        <ele>0</ele>
      </trkpt>
      <trkpt lat="44.85523033959439" lon="14.143219896996719">
        <ele>0</ele>
      </trkpt>
      <trkpt lat="44.855519236597345" lon="14.143705778821207">
        <ele>0</ele>
      </trkpt>
      <trkpt lat="44.855808133600306" lon="14.144191660645694">
        <ele>0</ele>
      </trkpt>
      <trkpt lat="44.85609703060326" lon="14.14467754247018">
        <ele>0</ele>
      </trkpt>
      <trkpt lat="44.85638592760622" lon="14.145163424294669">
        <ele>0</ele>
      </trkpt>
      <trkpt lat="44.85667482460917" lon="14.145649306119155">
        <ele>0</ele>
      </trkpt>
      <trkpt lat="44.85696372161213" lon="14.146135187943642">
        <ele>0</ele>
      </trkpt>
      <trkpt lat="44.857252618615085" lon="14.14662106976813">
        <ele>0</ele>
      </trkpt>
      <trkpt lat="44.857541515618045" lon="14.147106951592617">
        <ele>0</ele>
      </trkpt>
      <trkpt lat="44.857830412621" lon="14.147592833417104">
        <ele>0</ele>
      </trkpt>
      <trkpt lat="44.85811930962396" lon="14.148078715241592">
        <ele>0</ele>
      </trkpt>
      <trkpt lat="44.85814709276366" lon="14.148125442353574">
        <ele>0</ele>
      </trkpt>
      <trkpt lat="44.85841927001584" lon="14.148630744261256">
        <ele>0</ele>
      </trkpt>
      <trkpt lat="44.85869144726802" lon="14.149136046168937">
        <ele>0</ele>
      </trkpt>
      <trkpt lat="44.8589636245202" lon="14.149641348076619">
        <ele>0</ele>
      </trkpt>
      <trkpt lat="44.85923580177238" lon="14.150146649984302">
        <ele>0</ele>
      </trkpt>
      <trkpt lat="44.859507979024556" lon="14.150651951891984">
        <ele>0</ele>
      </trkpt>
      <trkpt lat="44.85978015627674" lon="14.151157253799665">
        <ele>0</ele>
      </trkpt>
      <trkpt lat="44.86005233352892" lon="14.151662555707347">
        <ele>0</ele>
      </trkpt>
      <trkpt lat="44.8603245107811" lon="14.152167857615028">
        <ele>0</ele>
      </trkpt>
      <trkpt lat="44.860596688033276" lon="14.15267315952271">
        <ele>0</ele>
      </trkpt>
      <trkpt lat="44.86086886528546" lon="14.153178461430391">
        <ele>0</ele>
      </trkpt>
      <trkpt lat="44.86114104253764" lon="14.153683763338075">
        <ele>0</ele>
      </trkpt>
      <trkpt lat="44.86141321978982" lon="14.154189065245756">
        <ele>0</ele>
      </trkpt>
      <trkpt lat="44.861685397041995" lon="14.154694367153438">
        <ele>0</ele>
      </trkpt>
      <trkpt lat="44.86195757429418" lon="14.155199669061119">
        <ele>0</ele>
      </trkpt>
      <trkpt lat="44.86222975154636" lon="14.1557049709688">
        <ele>0</ele>
      </trkpt>
      <trkpt lat="44.86250192879854" lon="14.156210272876482">
        <ele>0</ele>
      </trkpt>
      <trkpt lat="44.862774106050715" lon="14.156715574784164">
        <ele>0</ele>
      </trkpt>
      <trkpt lat="44.8630462833029" lon="14.157220876691847">
        <ele>0</ele>
      </trkpt>
      <trkpt lat="44.86331846055508" lon="14.157726178599528">
        <ele>0</ele>
      </trkpt>
      <trkpt lat="44.863590637807256" lon="14.15823148050721">
        <ele>0</ele>
      </trkpt>
      <trkpt lat="44.863862815059434" lon="14.158736782414891">
        <ele>0</ele>
      </trkpt>
      <trkpt lat="44.86413499231162" lon="14.159242084322573">
        <ele>0</ele>
      </trkpt>
      <trkpt lat="44.8644071695638" lon="14.159747386230254">
        <ele>0</ele>
      </trkpt>
      <trkpt lat="44.864679346815976" lon="14.160252688137936">
        <ele>0</ele>
      </trkpt>
      <trkpt lat="44.864951524068154" lon="14.160757990045619">
        <ele>0</ele>
      </trkpt>
      <trkpt lat="44.86522370132034" lon="14.1612632919533">
        <ele>0</ele>
      </trkpt>
      <trkpt lat="44.86549587857252" lon="14.161768593860982">
        <ele>0</ele>
      </trkpt>
      <trkpt lat="44.865768055824695" lon="14.162273895768664">
        <ele>0</ele>
      </trkpt>
      <trkpt lat="44.86604023307687" lon="14.162779197676345">
        <ele>0</ele>
      </trkpt>
      <trkpt lat="44.86631241032906" lon="14.163284499584027">
        <ele>0</ele>
      </trkpt>
      <trkpt lat="44.86658458758124" lon="14.163789801491708">
        <ele>0</ele>
      </trkpt>
      <trkpt lat="44.866856764833415" lon="14.164295103399391">
        <ele>0</ele>
      </trkpt>
      <trkpt lat="44.86712894208559" lon="14.164800405307073">
        <ele>0</ele>
      </trkpt>
      <trkpt lat="44.86740111933778" lon="14.165305707214754">
        <ele>0</ele>
      </trkpt>
      <trkpt lat="44.867673296589956" lon="14.165811009122436">
        <ele>0</ele>
      </trkpt>
      <trkpt lat="44.867945473842134" lon="14.166316311030117">
        <ele>0</ele>
      </trkpt>
      <trkpt lat="44.86821765109431" lon="14.166821612937799">
        <ele>0</ele>
      </trkpt>
      <trkpt lat="44.8684898283465" lon="14.16732691484548">
        <ele>0</ele>
      </trkpt>
      <trkpt lat="44.868762005598676" lon="14.167832216753164">
        <ele>0</ele>
      </trkpt>
      <trkpt lat="44.869034182850854" lon="14.168337518660845">
        <ele>0</ele>
      </trkpt>
      <trkpt lat="44.86930636010303" lon="14.168842820568527">
        <ele>0</ele>
      </trkpt>
      <trkpt lat="44.86957853735522" lon="14.169348122476208">
        <ele>0</ele>
      </trkpt>
      <trkpt lat="44.869850714607395" lon="14.16985342438389">
        <ele>0</ele>
      </trkpt>
      <trkpt lat="44.87012289185957" lon="14.170358726291571">
        <ele>0</ele>
      </trkpt>
      <trkpt lat="44.87039506911175" lon="14.170864028199253">
        <ele>0</ele>
      </trkpt>
      <trkpt lat="44.870667246363936" lon="14.171369330106934">
        <ele>0</ele>
      </trkpt>
      <trkpt lat="44.870939423616115" lon="14.171874632014617">
        <ele>0</ele>
      </trkpt>
      <trkpt lat="44.87121160086829" lon="14.172379933922299">
        <ele>0</ele>
      </trkpt>
      <trkpt lat="44.87148377812047" lon="14.17288523582998">
        <ele>0</ele>
      </trkpt>
      <trkpt lat="44.871755955372656" lon="14.173390537737662">
        <ele>0</ele>
      </trkpt>
      <trkpt lat="44.872028132624834" lon="14.173895839645343">
        <ele>0</ele>
      </trkpt>
      <trkpt lat="44.87230030987701" lon="14.174401141553025">
        <ele>0</ele>
      </trkpt>
      <trkpt lat="44.87257248712919" lon="14.174906443460706">
        <ele>0</ele>
      </trkpt>
      <trkpt lat="44.872844664381375" lon="14.17541174536839">
        <ele>0</ele>
      </trkpt>
      <trkpt lat="44.87311684163355" lon="14.175917047276071">
        <ele>0</ele>
      </trkpt>
      <trkpt lat="44.87338901888573" lon="14.176422349183753">
        <ele>0</ele>
      </trkpt>
      <trkpt lat="44.87366119613791" lon="14.176927651091434">
        <ele>0</ele>
      </trkpt>
      <trkpt lat="44.873933373390095" lon="14.177432952999116">
        <ele>0</ele>
      </trkpt>
      <trkpt lat="44.87420555064227" lon="14.177938254906797">
        <ele>0</ele>
      </trkpt>
      <trkpt lat="44.87447772789445" lon="14.178443556814479">
        <ele>0</ele>
      </trkpt>
      <trkpt lat="44.87474990514663" lon="14.178948858722162">
        <ele>0</ele>
      </trkpt>
      <trkpt lat="44.875022082398814" lon="14.179454160629843">
        <ele>0</ele>
      </trkpt>
      <trkpt lat="44.87529425965099" lon="14.179959462537525">
        <ele>0</ele>
      </trkpt>
      <trkpt lat="44.87556643690317" lon="14.180464764445206">
        <ele>0</ele>
      </trkpt>
      <trkpt lat="44.87583861415535" lon="14.180970066352888">
        <ele>0</ele>
      </trkpt>
      <trkpt lat="44.876110791407534" lon="14.18147536826057">
        <ele>0</ele>
      </trkpt>
      <trkpt lat="44.87638296865971" lon="14.181980670168251">
        <ele>0</ele>
      </trkpt>
      <trkpt lat="44.87665514591189" lon="14.182485972075934">
        <ele>0</ele>
      </trkpt>
      <trkpt lat="44.87692732316407" lon="14.182991273983616">
        <ele>0</ele>
      </trkpt>
      <trkpt lat="44.87719950041625" lon="14.183496575891297">
        <ele>0</ele>
      </trkpt>
      <trkpt lat="44.87747167766843" lon="14.184001877798979">
        <ele>0</ele>
      </trkpt>
      <trkpt lat="44.87774385492061" lon="14.18450717970666">
        <ele>0</ele>
      </trkpt>
      <trkpt lat="44.87801603217279" lon="14.185012481614342">
        <ele>0</ele>
      </trkpt>
      <trkpt lat="44.87828820942497" lon="14.185517783522023">
        <ele>0</ele>
      </trkpt>
      <trkpt lat="44.87856038667715" lon="14.186023085429706">
        <ele>0</ele>
      </trkpt>
      <trkpt lat="44.87883256392933" lon="14.186528387337388">
        <ele>0</ele>
      </trkpt>
      <trkpt lat="44.87910474118151" lon="14.18703368924507">
        <ele>0</ele>
      </trkpt>
      <trkpt lat="44.87937691843369" lon="14.187538991152751">
        <ele>0</ele>
      </trkpt>
      <trkpt lat="44.87964909568587" lon="14.188044293060432">
        <ele>0</ele>
      </trkpt>
      <trkpt lat="44.87992127293805" lon="14.188549594968114">
        <ele>0</ele>
      </trkpt>
      <trkpt lat="44.88019345019023" lon="14.189054896875795">
        <ele>0</ele>
      </trkpt>
      <trkpt lat="44.88046562744241" lon="14.189560198783479">
        <ele>0</ele>
      </trkpt>
      <trkpt lat="44.88073780469459" lon="14.19006550069116">
        <ele>0</ele>
      </trkpt>
      <trkpt lat="44.88100998194677" lon="14.190570802598842">
        <ele>0</ele>
      </trkpt>
      <trkpt lat="44.881282159198946" lon="14.191076104506523">
        <ele>0</ele>
      </trkpt>
      <trkpt lat="44.88155433645113" lon="14.191581406414205">
        <ele>0</ele>
      </trkpt>
      <trkpt lat="44.88182651370331" lon="14.192086708321886">
        <ele>0</ele>
      </trkpt>
      <trkpt lat="44.88209869095549" lon="14.192592010229568">
        <ele>0</ele>
      </trkpt>
      <trkpt lat="44.882370868207666" lon="14.193097312137251">
        <ele>0</ele>
      </trkpt>
      <trkpt lat="44.88264304545985" lon="14.193602614044933">
        <ele>0</ele>
      </trkpt>
      <trkpt lat="44.88291522271203" lon="14.194107915952614">
        <ele>0</ele>
      </trkpt>
      <trkpt lat="44.88318739996421" lon="14.194613217860296">
        <ele>0</ele>
      </trkpt>
      <trkpt lat="44.883459577216385" lon="14.195118519767977">
        <ele>0</ele>
      </trkpt>
      <trkpt lat="44.88373175446857" lon="14.195623821675659">
        <ele>0</ele>
      </trkpt>
      <trkpt lat="44.88400393172075" lon="14.19612912358334">
        <ele>0</ele>
      </trkpt>
      <trkpt lat="44.88427610897293" lon="14.196634425491022">
        <ele>0</ele>
      </trkpt>
      <trkpt lat="44.884548286225105" lon="14.197139727398705">
        <ele>0</ele>
      </trkpt>
      <trkpt lat="44.88482046347729" lon="14.197645029306386">
        <ele>0</ele>
      </trkpt>
      <trkpt lat="44.88509264072947" lon="14.198150331214068">
        <ele>0</ele>
      </trkpt>
      <trkpt lat="44.885364817981646" lon="14.19865563312175">
        <ele>0</ele>
      </trkpt>
      <trkpt lat="44.885636995233824" lon="14.19916093502943">
        <ele>0</ele>
      </trkpt>
      <trkpt lat="44.88590917248601" lon="14.199666236937112">
        <ele>0</ele>
      </trkpt>
      <trkpt lat="44.88618134973819" lon="14.200171538844794">
        <ele>0</ele>
      </trkpt>
      <trkpt lat="44.886453526990366" lon="14.200676840752477">
        <ele>0</ele>
      </trkpt>
      <trkpt lat="44.886725704242544" lon="14.201182142660159">
        <ele>0</ele>
      </trkpt>
      <trkpt lat="44.88699788149473" lon="14.20168744456784">
        <ele>0</ele>
      </trkpt>
      <trkpt lat="44.88727005874691" lon="14.202192746475522">
        <ele>0</ele>
      </trkpt>
      <trkpt lat="44.887542235999085" lon="14.202698048383203">
        <ele>0</ele>
      </trkpt>
      <trkpt lat="44.88781441325126" lon="14.203203350290885">
        <ele>0</ele>
      </trkpt>
      <trkpt lat="44.88808659050345" lon="14.203708652198566">
        <ele>0</ele>
      </trkpt>
      <trkpt lat="44.888358767755626" lon="14.20421395410625">
        <ele>0</ele>
      </trkpt>
      <trkpt lat="44.888630945007804" lon="14.20471925601393">
        <ele>0</ele>
      </trkpt>
      <trkpt lat="44.88890312225998" lon="14.205224557921612">
        <ele>0</ele>
      </trkpt>
      <trkpt lat="44.88917529951217" lon="14.205729859829294">
        <ele>0</ele>
      </trkpt>
      <trkpt lat="44.889447476764346" lon="14.206235161736975">
        <ele>0</ele>
      </trkpt>
      <trkpt lat="44.889719654016524" lon="14.206740463644657">
        <ele>0</ele>
      </trkpt>
      <trkpt lat="44.8899918312687" lon="14.207245765552338">
        <ele>0</ele>
      </trkpt>
      <trkpt lat="44.89026400852089" lon="14.207751067460022">
        <ele>0</ele>
      </trkpt>
      <trkpt lat="44.890536185773065" lon="14.208256369367703">
        <ele>0</ele>
      </trkpt>
      <trkpt lat="44.89080836302524" lon="14.208761671275385">
        <ele>0</ele>
      </trkpt>
      <trkpt lat="44.89108054027742" lon="14.209266973183066">
        <ele>0</ele>
      </trkpt>
      <trkpt lat="44.89135271752961" lon="14.209772275090748">
        <ele>0</ele>
      </trkpt>
      <trkpt lat="44.891624894781785" lon="14.210277576998429">
        <ele>0</ele>
      </trkpt>
      <trkpt lat="44.89189707203396" lon="14.21078287890611">
        <ele>0</ele>
      </trkpt>
      <trkpt lat="44.89216924928614" lon="14.211288180813794">
        <ele>0</ele>
      </trkpt>
      <trkpt lat="44.892441426538326" lon="14.211793482721475">
        <ele>0</ele>
      </trkpt>
      <trkpt lat="44.892713603790504" lon="14.212298784629157">
        <ele>0</ele>
      </trkpt>
      <trkpt lat="44.89298578104268" lon="14.212804086536838">
        <ele>0</ele>
      </trkpt>
      <trkpt lat="44.89325795829486" lon="14.21330938844452">
        <ele>0</ele>
      </trkpt>
      <trkpt lat="44.893530135547046" lon="14.213814690352201">
        <ele>0</ele>
      </trkpt>
      <trkpt lat="44.893802312799224" lon="14.214319992259883">
        <ele>0</ele>
      </trkpt>
      <trkpt lat="44.8940744900514" lon="14.214825294167566">
        <ele>0</ele>
      </trkpt>
      <trkpt lat="44.89434666730358" lon="14.215330596075248">
        <ele>0</ele>
      </trkpt>
      <trkpt lat="44.894618844555765" lon="14.21583589798293">
        <ele>0</ele>
      </trkpt>
      <trkpt lat="44.89489102180794" lon="14.21634119989061">
        <ele>0</ele>
      </trkpt>
      <trkpt lat="44.89516319906012" lon="14.216846501798292">
        <ele>0</ele>
      </trkpt>
      <trkpt lat="44.89543537631231" lon="14.217351803705974">
        <ele>0</ele>
      </trkpt>
      <trkpt lat="44.895707553564485" lon="14.217857105613655">
        <ele>0</ele>
      </trkpt>
      <trkpt lat="44.89597973081666" lon="14.218362407521338">
        <ele>0</ele>
      </trkpt>
      <trkpt lat="44.89625190806884" lon="14.21886770942902">
        <ele>0</ele>
      </trkpt>
      <trkpt lat="44.896524085321026" lon="14.219373011336701">
        <ele>0</ele>
      </trkpt>
      <trkpt lat="44.896796262573204" lon="14.219878313244383">
        <ele>0</ele>
      </trkpt>
      <trkpt lat="44.89706843982538" lon="14.220383615152064">
        <ele>0</ele>
      </trkpt>
      <trkpt lat="44.89734061707756" lon="14.220888917059746">
        <ele>0</ele>
      </trkpt>
      <trkpt lat="44.897612794329746" lon="14.221394218967427">
        <ele>0</ele>
      </trkpt>
      <trkpt lat="44.897884971581924" lon="14.221899520875109">
        <ele>0</ele>
      </trkpt>
      <trkpt lat="44.8981571488341" lon="14.222404822782792">
        <ele>0</ele>
      </trkpt>
      <trkpt lat="44.89842932608628" lon="14.222910124690474">
        <ele>0</ele>
      </trkpt>
      <trkpt lat="44.898701503338465" lon="14.223415426598155">
        <ele>0</ele>
      </trkpt>
      <trkpt lat="44.89897368059064" lon="14.223920728505837">
        <ele>0</ele>
      </trkpt>
      <trkpt lat="44.89924585784282" lon="14.224426030413518">
        <ele>0</ele>
      </trkpt>
      <trkpt lat="44.899518035095" lon="14.2249313323212">
        <ele>0</ele>
      </trkpt>
      <trkpt lat="44.899790212347185" lon="14.225436634228881">
        <ele>0</ele>
      </trkpt>
      <trkpt lat="44.90006238959936" lon="14.225941936136564">
        <ele>0</ele>
      </trkpt>
      <trkpt lat="44.90033456685154" lon="14.226447238044246">
        <ele>0</ele>
      </trkpt>
      <trkpt lat="44.90060674410372" lon="14.226952539951927">
        <ele>0</ele>
      </trkpt>
      <trkpt lat="44.900878921355904" lon="14.227457841859609">
        <ele>0</ele>
      </trkpt>
      <trkpt lat="44.90115109860808" lon="14.22796314376729">
        <ele>0</ele>
      </trkpt>
      <trkpt lat="44.90142327586026" lon="14.228468445674972">
        <ele>0</ele>
      </trkpt>
      <trkpt lat="44.90169545311244" lon="14.228973747582653">
        <ele>0</ele>
      </trkpt>
      <trkpt lat="44.901967630364624" lon="14.229479049490337">
        <ele>0</ele>
      </trkpt>
      <trkpt lat="44.9022398076168" lon="14.229984351398018">
        <ele>0</ele>
      </trkpt>
      <trkpt lat="44.90251198486898" lon="14.2304896533057">
        <ele>0</ele>
      </trkpt>
      <trkpt lat="44.90278416212116" lon="14.230994955213381">
        <ele>0</ele>
      </trkpt>
      <trkpt lat="44.90305633937334" lon="14.231500257121063">
        <ele>0</ele>
      </trkpt>
      <trkpt lat="44.90332851662552" lon="14.232005559028744">
        <ele>0</ele>
      </trkpt>
      <trkpt lat="44.9036006938777" lon="14.232510860936426">
        <ele>0</ele>
      </trkpt>
      <trkpt lat="44.90387287112988" lon="14.233016162844109">
        <ele>0</ele>
      </trkpt>
      <trkpt lat="44.90414504838206" lon="14.23352146475179">
        <ele>0</ele>
      </trkpt>
      <trkpt lat="44.90441722563424" lon="14.234026766659472">
        <ele>0</ele>
      </trkpt>
      <trkpt lat="44.90468940288642" lon="14.234532068567153">
        <ele>0</ele>
      </trkpt>
      <trkpt lat="44.9049615801386" lon="14.235037370474835">
        <ele>0</ele>
      </trkpt>
      <trkpt lat="44.90523375739078" lon="14.235542672382516">
        <ele>0</ele>
      </trkpt>
      <trkpt lat="44.90550593464296" lon="14.236047974290198">
        <ele>0</ele>
      </trkpt>
      <trkpt lat="44.90577811189514" lon="14.236553276197881">
        <ele>0</ele>
      </trkpt>
      <trkpt lat="44.906050289147316" lon="14.237058578105563">
        <ele>0</ele>
      </trkpt>
      <trkpt lat="44.9063224663995" lon="14.237563880013244">
        <ele>0</ele>
      </trkpt>
      <trkpt lat="44.90659464365168" lon="14.238069181920926">
        <ele>0</ele>
      </trkpt>
      <trkpt lat="44.90686682090386" lon="14.238574483828607">
        <ele>0</ele>
      </trkpt>
      <trkpt lat="44.907138998156036" lon="14.239079785736289">
        <ele>0</ele>
      </trkpt>
      <trkpt lat="44.90741117540822" lon="14.239585087643972">
        <ele>0</ele>
      </trkpt>
      <trkpt lat="44.9076833526604" lon="14.240090389551654">
        <ele>0</ele>
      </trkpt>
      <trkpt lat="44.90795552991258" lon="14.240595691459335">
        <ele>0</ele>
      </trkpt>
      <trkpt lat="44.908227707164755" lon="14.241100993367017">
        <ele>0</ele>
      </trkpt>
      <trkpt lat="44.90849988441694" lon="14.241606295274698">
        <ele>0</ele>
      </trkpt>
      <trkpt lat="44.90877206166912" lon="14.24211159718238">
        <ele>0</ele>
      </trkpt>
      <trkpt lat="44.9090442389213" lon="14.242616899090061">
        <ele>0</ele>
      </trkpt>
      <trkpt lat="44.909316416173475" lon="14.243122200997744">
        <ele>0</ele>
      </trkpt>
      <trkpt lat="44.90958859342566" lon="14.243627502905426">
        <ele>0</ele>
      </trkpt>
      <trkpt lat="44.90986077067784" lon="14.244132804813107">
        <ele>0</ele>
      </trkpt>
      <trkpt lat="44.910132947930016" lon="14.244638106720789">
        <ele>0</ele>
      </trkpt>
      <trkpt lat="44.910405125182194" lon="14.24514340862847">
        <ele>0</ele>
      </trkpt>
      <trkpt lat="44.91067730243438" lon="14.245648710536152">
        <ele>0</ele>
      </trkpt>
      <trkpt lat="44.91094947968656" lon="14.246154012443833">
        <ele>0</ele>
      </trkpt>
      <trkpt lat="44.911221656938736" lon="14.246659314351517">
        <ele>0</ele>
      </trkpt>
      <trkpt lat="44.911493834190914" lon="14.247164616259198">
        <ele>0</ele>
      </trkpt>
      <trkpt lat="44.9117660114431" lon="14.24766991816688">
        <ele>0</ele>
      </trkpt>
      <trkpt lat="44.91203818869528" lon="14.248175220074561">
        <ele>0</ele>
      </trkpt>
      <trkpt lat="44.912310365947455" lon="14.248680521982243">
        <ele>0</ele>
      </trkpt>
      <trkpt lat="44.91258254319963" lon="14.249185823889924">
        <ele>0</ele>
      </trkpt>
      <trkpt lat="44.91285472045182" lon="14.249691125797606">
        <ele>0</ele>
      </trkpt>
      <trkpt lat="44.913126897704" lon="14.250196427705289">
        <ele>0</ele>
      </trkpt>
      <trkpt lat="44.913399074956175" lon="14.25070172961297">
        <ele>0</ele>
      </trkpt>
      <trkpt lat="44.91367125220835" lon="14.251207031520652">
        <ele>0</ele>
      </trkpt>
      <trkpt lat="44.91394342946054" lon="14.251712333428333">
        <ele>0</ele>
      </trkpt>
      <trkpt lat="44.914215606712716" lon="14.252217635336015">
        <ele>0</ele>
      </trkpt>
      <trkpt lat="44.914487783964894" lon="14.252722937243696">
        <ele>0</ele>
      </trkpt>
      <trkpt lat="44.91475996121707" lon="14.253228239151378">
        <ele>0</ele>
      </trkpt>
      <trkpt lat="44.91503213846926" lon="14.253733541059061">
        <ele>0</ele>
      </trkpt>
      <trkpt lat="44.915304315721436" lon="14.254238842966743">
        <ele>0</ele>
      </trkpt>
      <trkpt lat="44.915576492973614" lon="14.254744144874424">
        <ele>0</ele>
      </trkpt>
      <trkpt lat="44.91584867022579" lon="14.255249446782106">
        <ele>0</ele>
      </trkpt>
      <trkpt lat="44.91612084747798" lon="14.255754748689787">
        <ele>0</ele>
      </trkpt>
      <trkpt lat="44.916393024730155" lon="14.256260050597469">
        <ele>0</ele>
      </trkpt>
      <trkpt lat="44.91666520198233" lon="14.25676535250515">
        <ele>0</ele>
      </trkpt>
      <trkpt lat="44.91693737923451" lon="14.257270654412833">
        <ele>0</ele>
      </trkpt>
      <trkpt lat="44.917209556486696" lon="14.257775956320515">
        <ele>0</ele>
      </trkpt>
      <trkpt lat="44.917481733738875" lon="14.258281258228196">
        <ele>0</ele>
      </trkpt>
      <trkpt lat="44.91775391099105" lon="14.258786560135878">
        <ele>0</ele>
      </trkpt>
      <trkpt lat="44.91802608824323" lon="14.25929186204356">
        <ele>0</ele>
      </trkpt>
      <trkpt lat="44.918298265495416" lon="14.25979716395124">
        <ele>0</ele>
      </trkpt>
      <trkpt lat="44.918570442747594" lon="14.260302465858922">
        <ele>0</ele>
      </trkpt>
      <trkpt lat="44.91884261999977" lon="14.260807767766606">
        <ele>0</ele>
      </trkpt>
      <trkpt lat="44.91911479725195" lon="14.261313069674287">
        <ele>0</ele>
      </trkpt>
      <trkpt lat="44.919386974504135" lon="14.261818371581969">
        <ele>0</ele>
      </trkpt>
      <trkpt lat="44.91965915175631" lon="14.26232367348965">
        <ele>0</ele>
      </trkpt>
      <trkpt lat="44.91993132900849" lon="14.262828975397332">
        <ele>0</ele>
      </trkpt>
      <trkpt lat="44.92020350626067" lon="14.263334277305013">
        <ele>0</ele>
      </trkpt>
      <trkpt lat="44.920475683512855" lon="14.263839579212695">
        <ele>0</ele>
      </trkpt>
      <trkpt lat="44.92074786076503" lon="14.264344881120378">
        <ele>0</ele>
      </trkpt>
      <trkpt lat="44.92102003801721" lon="14.26485018302806">
        <ele>0</ele>
      </trkpt>
      <trkpt lat="44.92129221526939" lon="14.265355484935741">
        <ele>0</ele>
      </trkpt>
      <trkpt lat="44.921564392521574" lon="14.265860786843422">
        <ele>0</ele>
      </trkpt>
      <trkpt lat="44.92183656977375" lon="14.266366088751104">
        <ele>0</ele>
      </trkpt>
      <trkpt lat="44.92210874702593" lon="14.266871390658785">
        <ele>0</ele>
      </trkpt>
      <trkpt lat="44.92238092427811" lon="14.267376692566467">
        <ele>0</ele>
      </trkpt>
      <trkpt lat="44.922653101530294" lon="14.26788199447415">
        <ele>0</ele>
      </trkpt>
      <trkpt lat="44.92292527878247" lon="14.268387296381832">
        <ele>0</ele>
      </trkpt>
      <trkpt lat="44.92319745603465" lon="14.268892598289513">
        <ele>0</ele>
      </trkpt>
      <trkpt lat="44.92346963328683" lon="14.269397900197195">
        <ele>0</ele>
      </trkpt>
      <trkpt lat="44.92374181053901" lon="14.269903202104876">
        <ele>0</ele>
      </trkpt>
      <trkpt lat="44.92401398779119" lon="14.270408504012558">
        <ele>0</ele>
      </trkpt>
      <trkpt lat="44.92428616504337" lon="14.270913805920241">
        <ele>0</ele>
      </trkpt>
      <trkpt lat="44.924558342295555" lon="14.271419107827922">
        <ele>0</ele>
      </trkpt>
      <trkpt lat="44.92483051954773" lon="14.271924409735604">
        <ele>0</ele>
      </trkpt>
      <trkpt lat="44.92510269679991" lon="14.272429711643285">
        <ele>0</ele>
      </trkpt>
      <trkpt lat="44.92537487405209" lon="14.272935013550967">
        <ele>0</ele>
      </trkpt>
      <trkpt lat="44.925647051304274" lon="14.273440315458648">
        <ele>0</ele>
      </trkpt>
      <trkpt lat="44.92591922855645" lon="14.27394561736633">
        <ele>0</ele>
      </trkpt>
      <trkpt lat="44.92619140580863" lon="14.274450919274013">
        <ele>0</ele>
      </trkpt>
      <trkpt lat="44.92646358306081" lon="14.274956221181695">
        <ele>0</ele>
      </trkpt>
      <trkpt lat="44.926735760312994" lon="14.275461523089376">
        <ele>0</ele>
      </trkpt>
      <trkpt lat="44.92700793756517" lon="14.275966824997058">
        <ele>0</ele>
      </trkpt>
      <trkpt lat="44.92728011481735" lon="14.27647212690474">
        <ele>0</ele>
      </trkpt>
      <trkpt lat="44.92755229206953" lon="14.27697742881242">
        <ele>0</ele>
      </trkpt>
      <trkpt lat="44.92782446932171" lon="14.277482730720102">
        <ele>0</ele>
      </trkpt>
      <trkpt lat="44.92809664657389" lon="14.277988032627785">
        <ele>0</ele>
      </trkpt>
      <trkpt lat="44.92836882382607" lon="14.278493334535467">
        <ele>0</ele>
      </trkpt>
      <trkpt lat="44.92864100107825" lon="14.278998636443148">
        <ele>0</ele>
      </trkpt>
      <trkpt lat="44.92891317833043" lon="14.27950393835083">
        <ele>0</ele>
      </trkpt>
      <trkpt lat="44.92918535558261" lon="14.280009240258511">
        <ele>0</ele>
      </trkpt>
      <trkpt lat="44.92945753283479" lon="14.280514542166193">
        <ele>0</ele>
      </trkpt>
      <trkpt lat="44.92972971008697" lon="14.281019844073874">
        <ele>0</ele>
      </trkpt>
      <trkpt lat="44.93000188733915" lon="14.281525145981558">
        <ele>0</ele>
      </trkpt>
      <trkpt lat="44.93027406459133" lon="14.28203044788924">
        <ele>0</ele>
      </trkpt>
      <trkpt lat="44.93054624184351" lon="14.28253574979692">
        <ele>0</ele>
      </trkpt>
      <trkpt lat="44.93081841909569" lon="14.283041051704602">
        <ele>0</ele>
      </trkpt>
      <trkpt lat="44.93109059634787" lon="14.283546353612284">
        <ele>0</ele>
      </trkpt>
      <trkpt lat="44.93136277360005" lon="14.284051655519965">
        <ele>0</ele>
      </trkpt>
      <trkpt lat="44.93163495085223" lon="14.284556957427647">
        <ele>0</ele>
      </trkpt>
      <trkpt lat="44.931907128104406" lon="14.28506225933533">
        <ele>0</ele>
      </trkpt>
      <trkpt lat="44.93217930535659" lon="14.285567561243012">
        <ele>0</ele>
      </trkpt>
      <trkpt lat="44.93245148260877" lon="14.286072863150693">
        <ele>0</ele>
      </trkpt>
      <trkpt lat="44.93272365986095" lon="14.286578165058375">
        <ele>0</ele>
      </trkpt>
      <trkpt lat="44.932995837113126" lon="14.287083466966056">
        <ele>0</ele>
      </trkpt>
      <trkpt lat="44.93326801436531" lon="14.287588768873738">
        <ele>0</ele>
      </trkpt>
      <trkpt lat="44.93354019161749" lon="14.288094070781419">
        <ele>0</ele>
      </trkpt>
      <trkpt lat="44.93381236886967" lon="14.288599372689102">
        <ele>0</ele>
      </trkpt>
      <trkpt lat="44.934084546121845" lon="14.289104674596784">
        <ele>0</ele>
      </trkpt>
      <trkpt lat="44.93435672337403" lon="14.289609976504465">
        <ele>0</ele>
      </trkpt>
      <trkpt lat="44.93462890062621" lon="14.290115278412147">
        <ele>0</ele>
      </trkpt>
      <trkpt lat="44.934901077878386" lon="14.290620580319828">
        <ele>0</ele>
      </trkpt>
      <trkpt lat="44.935173255130564" lon="14.29112588222751">
        <ele>0</ele>
      </trkpt>
      <trkpt lat="44.93544543238275" lon="14.291631184135191">
        <ele>0</ele>
      </trkpt>
      <trkpt lat="44.93571760963493" lon="14.292136486042875">
        <ele>0</ele>
      </trkpt>
      <trkpt lat="44.935989786887106" lon="14.292641787950556">
        <ele>0</ele>
      </trkpt>
      <trkpt lat="44.936261964139284" lon="14.293147089858238">
        <ele>0</ele>
      </trkpt>
      <trkpt lat="44.93653414139147" lon="14.293652391765919">
        <ele>0</ele>
      </trkpt>
      <trkpt lat="44.93680631864365" lon="14.2941576936736">
        <ele>0</ele>
      </trkpt>
      <trkpt lat="44.937078495895825" lon="14.294662995581282">
        <ele>0</ele>
      </trkpt>
      <trkpt lat="44.937350673148" lon="14.295168297488964">
        <ele>0</ele>
      </trkpt>
      <trkpt lat="44.93762285040019" lon="14.295673599396647">
        <ele>0</ele>
      </trkpt>
      <trkpt lat="44.93789502765237" lon="14.296178901304328">
        <ele>0</ele>
      </trkpt>
      <trkpt lat="44.938167204904545" lon="14.29668420321201">
        <ele>0</ele>
      </trkpt>
      <trkpt lat="44.93843938215672" lon="14.297189505119691">
        <ele>0</ele>
      </trkpt>
      <trkpt lat="44.93871155940891" lon="14.297694807027373">
        <ele>0</ele>
      </trkpt>
      <trkpt lat="44.938983736661086" lon="14.298200108935054">
        <ele>0</ele>
      </trkpt>
      <trkpt lat="44.939255913913264" lon="14.298705410842736">
        <ele>0</ele>
      </trkpt>
      <trkpt lat="44.93952809116544" lon="14.299210712750419">
        <ele>0</ele>
      </trkpt>
      <trkpt lat="44.93980026841763" lon="14.2997160146581">
        <ele>0</ele>
      </trkpt>
      <trkpt lat="44.940072445669806" lon="14.300221316565782">
        <ele>0</ele>
      </trkpt>
      <trkpt lat="44.940344622921984" lon="14.300726618473464">
        <ele>0</ele>
      </trkpt>
      <trkpt lat="44.94036971550011" lon="14.300773203290873">
        <ele>0</ele>
      </trkpt>
      <trkpt lat="44.940672223292744" lon="14.301243220191717">
        <ele>0</ele>
      </trkpt>
      <trkpt lat="44.940974731085376" lon="14.30171323709256">
        <ele>0</ele>
      </trkpt>
      <trkpt lat="44.94127723887801" lon="14.302183253993402">
        <ele>0</ele>
      </trkpt>
      <trkpt lat="44.94157974667064" lon="14.302653270894245">
        <ele>0</ele>
      </trkpt>
      <trkpt lat="44.94188225446327" lon="14.303123287795088">
        <ele>0</ele>
      </trkpt>
      <trkpt lat="44.942184762255906" lon="14.303593304695932">
        <ele>0</ele>
      </trkpt>
      <trkpt lat="44.94248727004854" lon="14.304063321596775">
        <ele>0</ele>
      </trkpt>
      <trkpt lat="44.942727679735725" lon="14.30443685450686">
        <ele>0</ele>
      </trkpt>
      <trkpt lat="44.94266582071689" lon="14.305066093351913">
        <ele>0</ele>
      </trkpt>
      <trkpt lat="44.94260396169806" lon="14.305695332196965">
        <ele>0</ele>
      </trkpt>
      <trkpt lat="44.942542102679226" lon="14.306324571042017">
        <ele>0</ele>
      </trkpt>
      <trkpt lat="44.9424802436604" lon="14.306953809887071">
        <ele>0</ele>
      </trkpt>
      <trkpt lat="44.94241838464156" lon="14.307583048732123">
        <ele>0</ele>
      </trkpt>
      <trkpt lat="44.94238044771862" lon="14.307968948573887">
        <ele>0</ele>
      </trkpt>
      <trkpt lat="44.94281426359393" lon="14.30780179169399">
        <ele>0</ele>
      </trkpt>
      <trkpt lat="44.94324807946924" lon="14.307634634814093">
        <ele>0</ele>
      </trkpt>
      <trkpt lat="44.94368189534456" lon="14.307467477934196">
        <ele>0</ele>
      </trkpt>
      <trkpt lat="44.94411571121987" lon="14.3073003210543">
        <ele>0</ele>
      </trkpt>
      <trkpt lat="44.944549527095184" lon="14.307133164174402">
        <ele>0</ele>
      </trkpt>
      <trkpt lat="44.944983342970495" lon="14.306966007294506">
        <ele>0</ele>
      </trkpt>
      <trkpt lat="44.94541715884581" lon="14.306798850414609">
        <ele>0</ele>
      </trkpt>
      <trkpt lat="44.94543601739326" lon="14.306791583884888">
        <ele>0</ele>
      </trkpt>
      <trkpt lat="44.94536977736588" lon="14.307419960892592">
        <ele>0</ele>
      </trkpt>
      <trkpt lat="44.945303537338496" lon="14.308048337900294">
        <ele>0</ele>
      </trkpt>
      <trkpt lat="44.94523729731112" lon="14.308676714907998">
        <ele>0</ele>
      </trkpt>
      <trkpt lat="44.94517105728373" lon="14.309305091915702">
        <ele>0</ele>
      </trkpt>
      <trkpt lat="44.94510481725635" lon="14.309933468923406">
        <ele>0</ele>
      </trkpt>
      <trkpt lat="44.94503857722897" lon="14.310561845931108">
        <ele>0</ele>
      </trkpt>
      <trkpt lat="44.944972337201584" lon="14.311190222938812">
        <ele>0</ele>
      </trkpt>
      <trkpt lat="44.944949914914446" lon="14.311402928915186">
        <ele>0</ele>
      </trkpt>
      <trkpt lat="44.94539952189153" lon="14.3114127024567">
        <ele>0</ele>
      </trkpt>
      <trkpt lat="44.945849128868616" lon="14.311422475998214">
        <ele>0</ele>
      </trkpt>
      <trkpt lat="44.946298735845694" lon="14.311432249539727">
        <ele>0</ele>
      </trkpt>
      <trkpt lat="44.94674834282278" lon="14.311442023081241">
        <ele>0</ele>
      </trkpt>
      <trkpt lat="44.947197949799865" lon="14.311451796622755">
        <ele>0</ele>
      </trkpt>
      <trkpt lat="44.94764755677695" lon="14.31146157016427">
        <ele>0</ele>
      </trkpt>
      <trkpt lat="44.948097163754035" lon="14.311471343705783">
        <ele>0</ele>
      </trkpt>
      <trkpt lat="44.94854677073111" lon="14.311481117247297">
        <ele>0</ele>
      </trkpt>
      <trkpt lat="44.9489963777082" lon="14.31149089078881">
        <ele>0</ele>
      </trkpt>
      <trkpt lat="44.94944598468528" lon="14.311500664330325">
        <ele>0</ele>
      </trkpt>
      <trkpt lat="44.94989559166237" lon="14.311510437871839">
        <ele>0</ele>
      </trkpt>
      <trkpt lat="44.950345198639454" lon="14.311520211413352">
        <ele>0</ele>
      </trkpt>
      <trkpt lat="44.95079480561654" lon="14.311529984954866">
        <ele>0</ele>
      </trkpt>
      <trkpt lat="44.95124441259362" lon="14.31153975849638">
        <ele>0</ele>
      </trkpt>
      <trkpt lat="44.9516940195707" lon="14.311549532037894">
        <ele>0</ele>
      </trkpt>
      <trkpt lat="44.95214362654779" lon="14.31155930557941">
        <ele>0</ele>
      </trkpt>
      <trkpt lat="44.95259323352487" lon="14.311569079120924">
        <ele>0</ele>
      </trkpt>
      <trkpt lat="44.95304284050196" lon="14.311578852662437">
        <ele>0</ele>
      </trkpt>
      <trkpt lat="44.953492447479036" lon="14.311588626203951">
        <ele>0</ele>
      </trkpt>
      <trkpt lat="44.95394205445612" lon="14.311598399745465">
        <ele>0</ele>
      </trkpt>
      <trkpt lat="44.95397686075347" lon="14.311599156363599">
        <ele>0</ele>
      </trkpt>
      <trkpt lat="44.954004620162536" lon="14.31223336913995">
        <ele>0</ele>
      </trkpt>
      <trkpt lat="44.95403237957159" lon="14.312867581916299">
        <ele>0</ele>
      </trkpt>
      <trkpt lat="44.95406013898066" lon="14.31350179469265">
        <ele>0</ele>
      </trkpt>
      <trkpt lat="44.95408789838972" lon="14.314136007469001">
        <ele>0</ele>
      </trkpt>
      <trkpt lat="44.95411565779879" lon="14.31477022024535">
        <ele>0</ele>
      </trkpt>
      <trkpt lat="44.954143417207845" lon="14.315404433021701">
        <ele>0</ele>
      </trkpt>
      <trkpt lat="44.95417117661691" lon="14.31603864579805">
        <ele>0</ele>
      </trkpt>
      <trkpt lat="44.954198936025975" lon="14.316672858574401">
        <ele>0</ele>
      </trkpt>
      <trkpt lat="44.95422669543503" lon="14.317307071350752">
        <ele>0</ele>
      </trkpt>
      <trkpt lat="44.9542544548441" lon="14.317941284127102">
        <ele>0</ele>
      </trkpt>
      <trkpt lat="44.95428221425316" lon="14.318575496903453">
        <ele>0</ele>
      </trkpt>
      <trkpt lat="44.95430997366223" lon="14.319209709679804">
        <ele>0</ele>
      </trkpt>
      <trkpt lat="44.954337733071284" lon="14.319843922456153">
        <ele>0</ele>
      </trkpt>
      <trkpt lat="44.95436549248035" lon="14.320478135232504">
        <ele>0</ele>
      </trkpt>
      <trkpt lat="44.954393251889414" lon="14.321112348008853">
        <ele>0</ele>
      </trkpt>
      <trkpt lat="44.95442101129847" lon="14.321746560785204">
        <ele>0</ele>
      </trkpt>
      <trkpt lat="44.954448770707536" lon="14.322380773561555">
        <ele>0</ele>
      </trkpt>
      <trkpt lat="44.9544765301166" lon="14.323014986337904">
        <ele>0</ele>
      </trkpt>
      <trkpt lat="44.954504289525666" lon="14.323649199114255">
        <ele>0</ele>
      </trkpt>
      <trkpt lat="44.95453204893472" lon="14.324283411890606">
        <ele>0</ele>
      </trkpt>
      <trkpt lat="44.95455980834379" lon="14.324917624666956">
        <ele>0</ele>
      </trkpt>
      <trkpt lat="44.95458756775285" lon="14.325551837443307">
        <ele>0</ele>
      </trkpt>
      <trkpt lat="44.95461532716191" lon="14.326186050219658">
        <ele>0</ele>
      </trkpt>
      <trkpt lat="44.954643086570975" lon="14.326820262996007">
        <ele>0</ele>
      </trkpt>
      <trkpt lat="44.95467084598004" lon="14.327454475772358">
        <ele>0</ele>
      </trkpt>
      <trkpt lat="44.954698605389105" lon="14.328088688548707">
        <ele>0</ele>
      </trkpt>
      <trkpt lat="44.95472636479816" lon="14.328722901325058">
        <ele>0</ele>
      </trkpt>
      <trkpt lat="44.95475412420723" lon="14.329357114101409">
        <ele>0</ele>
      </trkpt>
      <trkpt lat="44.95478188361629" lon="14.329991326877758">
        <ele>0</ele>
      </trkpt>
      <trkpt lat="44.95480964302535" lon="14.33062553965411">
        <ele>0</ele>
      </trkpt>
      <trkpt lat="44.954837402434414" lon="14.33125975243046">
        <ele>0</ele>
      </trkpt>
      <trkpt lat="44.95486516184348" lon="14.33189396520681">
        <ele>0</ele>
      </trkpt>
      <trkpt lat="44.954892921252544" lon="14.33252817798316">
        <ele>0</ele>
      </trkpt>
      <trkpt lat="44.9549206806616" lon="14.333162390759512">
        <ele>0</ele>
      </trkpt>
      <trkpt lat="44.954948440070666" lon="14.33379660353586">
        <ele>0</ele>
      </trkpt>
      <trkpt lat="44.95497619947973" lon="14.334430816312212">
        <ele>0</ele>
      </trkpt>
      <trkpt lat="44.955003958888796" lon="14.335065029088561">
        <ele>0</ele>
      </trkpt>
      <trkpt lat="44.95503171829785" lon="14.335699241864912">
        <ele>0</ele>
      </trkpt>
      <trkpt lat="44.95505947770692" lon="14.336333454641263">
        <ele>0</ele>
      </trkpt>
      <trkpt lat="44.95508723711598" lon="14.336967667417612">
        <ele>0</ele>
      </trkpt>
      <trkpt lat="44.95511499652504" lon="14.337601880193963">
        <ele>0</ele>
      </trkpt>
      <trkpt lat="44.955142755934105" lon="14.338236092970314">
        <ele>0</ele>
      </trkpt>
      <trkpt lat="44.95517051534317" lon="14.338870305746664">
        <ele>0</ele>
      </trkpt>
      <trkpt lat="44.955198274752235" lon="14.339504518523015">
        <ele>0</ele>
      </trkpt>
      <trkpt lat="44.95522603416129" lon="14.340138731299364">
        <ele>0</ele>
      </trkpt>
      <trkpt lat="44.95525379357036" lon="14.340772944075715">
        <ele>0</ele>
      </trkpt>
      <trkpt lat="44.95528155297942" lon="14.341407156852066">
        <ele>0</ele>
      </trkpt>
      <trkpt lat="44.95530931238848" lon="14.342041369628415">
        <ele>0</ele>
      </trkpt>
      <trkpt lat="44.955337071797544" lon="14.342675582404766">
        <ele>0</ele>
      </trkpt>
      <trkpt lat="44.95536483120661" lon="14.343309795181117">
        <ele>0</ele>
      </trkpt>
      <trkpt lat="44.95539259061567" lon="14.343944007957466">
        <ele>0</ele>
      </trkpt>
      <trkpt lat="44.95542035002473" lon="14.344578220733817">
        <ele>0</ele>
      </trkpt>
      <trkpt lat="44.955448109433796" lon="14.345212433510167">
        <ele>0</ele>
      </trkpt>
      <trkpt lat="44.95547586884286" lon="14.345846646286518">
        <ele>0</ele>
      </trkpt>
      <trkpt lat="44.95550362825192" lon="14.346480859062869">
        <ele>0</ele>
      </trkpt>
      <trkpt lat="44.95553138766098" lon="14.347115071839218">
        <ele>0</ele>
      </trkpt>
      <trkpt lat="44.95555914707005" lon="14.347749284615569">
        <ele>0</ele>
      </trkpt>
      <trkpt lat="44.95558690647911" lon="14.34838349739192">
        <ele>0</ele>
      </trkpt>
      <trkpt lat="44.95561466588817" lon="14.349017710168269">
        <ele>0</ele>
      </trkpt>
      <trkpt lat="44.955642425297235" lon="14.34965192294462">
        <ele>0</ele>
      </trkpt>
      <trkpt lat="44.9556701847063" lon="14.350286135720971">
        <ele>0</ele>
      </trkpt>
      <trkpt lat="44.95569794411536" lon="14.35092034849732">
        <ele>0</ele>
      </trkpt>
      <trkpt lat="44.95572570352442" lon="14.351554561273671">
        <ele>0</ele>
      </trkpt>
      <trkpt lat="44.95575346293349" lon="14.35218877405002">
        <ele>0</ele>
      </trkpt>
      <trkpt lat="44.95578122234255" lon="14.352822986826371">
        <ele>0</ele>
      </trkpt>
      <trkpt lat="44.95580898175161" lon="14.353457199602722">
        <ele>0</ele>
      </trkpt>
      <trkpt lat="44.955836741160674" lon="14.354091412379072">
        <ele>0</ele>
      </trkpt>
      <trkpt lat="44.95586450056974" lon="14.354725625155423">
        <ele>0</ele>
      </trkpt>
      <trkpt lat="44.955892259978796" lon="14.355359837931774">
        <ele>0</ele>
      </trkpt>
      <trkpt lat="44.95592001938786" lon="14.355994050708123">
        <ele>0</ele>
      </trkpt>
      <trkpt lat="44.955947778796926" lon="14.356628263484474">
        <ele>0</ele>
      </trkpt>
      <trkpt lat="44.95597553820599" lon="14.357262476260823">
        <ele>0</ele>
      </trkpt>
      <trkpt lat="44.95600329761505" lon="14.357896689037174">
        <ele>0</ele>
      </trkpt>
      <trkpt lat="44.95603105702411" lon="14.358530901813525">
        <ele>0</ele>
      </trkpt>
      <trkpt lat="44.95605881643318" lon="14.359165114589874">
        <ele>0</ele>
      </trkpt>
      <trkpt lat="44.956086575842235" lon="14.359799327366225">
        <ele>0</ele>
      </trkpt>
      <trkpt lat="44.9561143352513" lon="14.360433540142576">
        <ele>0</ele>
      </trkpt>
      <trkpt lat="44.956142094660365" lon="14.361067752918926">
        <ele>0</ele>
      </trkpt>
      <trkpt lat="44.95616985406943" lon="14.361701965695277">
        <ele>0</ele>
      </trkpt>
      <trkpt lat="44.95619761347849" lon="14.362336178471628">
        <ele>0</ele>
      </trkpt>
      <trkpt lat="44.95622537288755" lon="14.362970391247977">
        <ele>0</ele>
      </trkpt>
      <trkpt lat="44.95625313229662" lon="14.363604604024328">
        <ele>0</ele>
      </trkpt>
      <trkpt lat="44.956280891705674" lon="14.364238816800677">
        <ele>0</ele>
      </trkpt>
      <trkpt lat="44.95630865111474" lon="14.364873029577028">
        <ele>0</ele>
      </trkpt>
      <trkpt lat="44.956336410523804" lon="14.36550724235338">
        <ele>0</ele>
      </trkpt>
      <trkpt lat="44.95636416993287" lon="14.366141455129728">
        <ele>0</ele>
      </trkpt>
      <trkpt lat="44.956391929341926" lon="14.36677566790608">
        <ele>0</ele>
      </trkpt>
      <trkpt lat="44.95641968875099" lon="14.36740988068243">
        <ele>0</ele>
      </trkpt>
      <trkpt lat="44.956447448160056" lon="14.36804409345878">
        <ele>0</ele>
      </trkpt>
      <trkpt lat="44.95647520756911" lon="14.36867830623513">
        <ele>0</ele>
      </trkpt>
      <trkpt lat="44.95650296697818" lon="14.36931251901148">
        <ele>0</ele>
      </trkpt>
      <trkpt lat="44.95653072638724" lon="14.36994673178783">
        <ele>0</ele>
      </trkpt>
      <trkpt lat="44.95655848579631" lon="14.370580944564182">
        <ele>0</ele>
      </trkpt>
      <trkpt lat="44.956586245205365" lon="14.371215157340531">
        <ele>0</ele>
      </trkpt>
      <trkpt lat="44.95661400461443" lon="14.371849370116882">
        <ele>0</ele>
      </trkpt>
      <trkpt lat="44.956641764023495" lon="14.372483582893233">
        <ele>0</ele>
      </trkpt>
      <trkpt lat="44.95666952343256" lon="14.373117795669582">
        <ele>0</ele>
      </trkpt>
      <trkpt lat="44.95669728284162" lon="14.373752008445933">
        <ele>0</ele>
      </trkpt>
      <trkpt lat="44.95672504225068" lon="14.374386221222284">
        <ele>0</ele>
      </trkpt>
      <trkpt lat="44.956752801659746" lon="14.375020433998634">
        <ele>0</ele>
      </trkpt>
      <trkpt lat="44.956780561068804" lon="14.375654646774985">
        <ele>0</ele>
      </trkpt>
      <trkpt lat="44.95680832047787" lon="14.376288859551334">
        <ele>0</ele>
      </trkpt>
      <trkpt lat="44.95683607988693" lon="14.376923072327685">
        <ele>0</ele>
      </trkpt>
      <trkpt lat="44.956863839296" lon="14.377557285104036">
        <ele>0</ele>
      </trkpt>
      <trkpt lat="44.956891598705056" lon="14.378191497880385">
        <ele>0</ele>
      </trkpt>
      <trkpt lat="44.95691935811412" lon="14.378825710656736">
        <ele>0</ele>
      </trkpt>
      <trkpt lat="44.956947117523185" lon="14.379459923433087">
        <ele>0</ele>
      </trkpt>
      <trkpt lat="44.95697487693224" lon="14.380094136209436">
        <ele>0</ele>
      </trkpt>
      <trkpt lat="44.95700263634131" lon="14.380728348985787">
        <ele>0</ele>
      </trkpt>
      <trkpt lat="44.95703039575037" lon="14.381362561762137">
        <ele>0</ele>
      </trkpt>
      <trkpt lat="44.95705815515944" lon="14.381996774538488">
        <ele>0</ele>
      </trkpt>
      <trkpt lat="44.957085914568495" lon="14.382630987314839">
        <ele>0</ele>
      </trkpt>
      <trkpt lat="44.95711367397756" lon="14.383265200091188">
        <ele>0</ele>
      </trkpt>
      <trkpt lat="44.957141433386624" lon="14.383899412867539">
        <ele>0</ele>
      </trkpt>
      <trkpt lat="44.95716919279568" lon="14.38453362564389">
        <ele>0</ele>
      </trkpt>
      <trkpt lat="44.95719695220475" lon="14.385167838420239">
        <ele>0</ele>
      </trkpt>
      <trkpt lat="44.95722471161381" lon="14.38580205119659">
        <ele>0</ele>
      </trkpt>
      <trkpt lat="44.957252471022876" lon="14.386436263972941">
        <ele>0</ele>
      </trkpt>
      <trkpt lat="44.957280230431934" lon="14.38707047674929">
        <ele>0</ele>
      </trkpt>
      <trkpt lat="44.957307989841" lon="14.387704689525641">
        <ele>0</ele>
      </trkpt>
      <trkpt lat="44.95733574925006" lon="14.38833890230199">
        <ele>0</ele>
      </trkpt>
      <trkpt lat="44.95736350865912" lon="14.388973115078342">
        <ele>0</ele>
      </trkpt>
      <trkpt lat="44.957391268068186" lon="14.389607327854693">
        <ele>0</ele>
      </trkpt>
      <trkpt lat="44.95741902747725" lon="14.390241540631042">
        <ele>0</ele>
      </trkpt>
      <trkpt lat="44.957446786886315" lon="14.390875753407393">
        <ele>0</ele>
      </trkpt>
      <trkpt lat="44.95747454629537" lon="14.391509966183744">
        <ele>0</ele>
      </trkpt>
      <trkpt lat="44.95748156147195" lon="14.391670240294872">
        <ele>0</ele>
      </trkpt>
      <trkpt lat="44.957327031335424" lon="14.39226696279883">
        <ele>0</ele>
      </trkpt>
      <trkpt lat="44.957172501198905" lon="14.392863685302787">
        <ele>0</ele>
      </trkpt>
      <trkpt lat="44.95701797106238" lon="14.393460407806746">
        <ele>0</ele>
      </trkpt>
      <trkpt lat="44.95686344092586" lon="14.394057130310703">
        <ele>0</ele>
      </trkpt>
      <trkpt lat="44.95670891078933" lon="14.394653852814661">
        <ele>0</ele>
      </trkpt>
      <trkpt lat="44.95655438065281" lon="14.39525057531862">
        <ele>0</ele>
      </trkpt>
      <trkpt lat="44.956399850516284" lon="14.395847297822577">
        <ele>0</ele>
      </trkpt>
      <trkpt lat="44.95624532037976" lon="14.396444020326536">
        <ele>0</ele>
      </trkpt>
      <trkpt lat="44.95609079024324" lon="14.397040742830495">
        <ele>0</ele>
      </trkpt>
      <trkpt lat="44.95593626010671" lon="14.397637465334451">
        <ele>0</ele>
      </trkpt>
      <trkpt lat="44.95578172997019" lon="14.39823418783841">
        <ele>0</ele>
      </trkpt>
      <trkpt lat="44.955627199833664" lon="14.398830910342367">
        <ele>0</ele>
      </trkpt>
      <trkpt lat="44.955472669697144" lon="14.399427632846326">
        <ele>0</ele>
      </trkpt>
      <trkpt lat="44.95531813956062" lon="14.400024355350284">
        <ele>0</ele>
      </trkpt>
      <trkpt lat="44.95516360942409" lon="14.400621077854241">
        <ele>0</ele>
      </trkpt>
      <trkpt lat="44.95500907928757" lon="14.4012178003582">
        <ele>0</ele>
      </trkpt>
      <trkpt lat="44.954854549151044" lon="14.401814522862157">
        <ele>0</ele>
      </trkpt>
      <trkpt lat="44.954700019014524" lon="14.402411245366116">
        <ele>0</ele>
      </trkpt>
      <trkpt lat="44.954545488878" lon="14.403007967870074">
        <ele>0</ele>
      </trkpt>
      <trkpt lat="44.95439095874148" lon="14.403604690374031">
        <ele>0</ele>
      </trkpt>
      <trkpt lat="44.95423642860495" lon="14.40420141287799">
        <ele>0</ele>
      </trkpt>
      <trkpt lat="44.954081898468424" lon="14.404798135381947">
        <ele>0</ele>
      </trkpt>
      <trkpt lat="44.953927368331904" lon="14.405394857885906">
        <ele>0</ele>
      </trkpt>
      <trkpt lat="44.95377283819538" lon="14.405991580389864">
        <ele>0</ele>
      </trkpt>
      <trkpt lat="44.95374754533404" lon="14.406089249491117">
        <ele>0</ele>
      </trkpt>
      <trkpt lat="44.953460992926054" lon="14.40657890240987">
        <ele>0</ele>
      </trkpt>
      <trkpt lat="44.95317444051806" lon="14.407068555328623">
        <ele>0</ele>
      </trkpt>
      <trkpt lat="44.95288788811008" lon="14.407558208247375">
        <ele>0</ele>
      </trkpt>
      <trkpt lat="44.952601335702084" lon="14.408047861166127">
        <ele>0</ele>
      </trkpt>
      <trkpt lat="44.9523147832941" lon="14.40853751408488">
        <ele>0</ele>
      </trkpt>
      <trkpt lat="44.95202823088611" lon="14.409027167003632">
        <ele>0</ele>
      </trkpt>
      <trkpt lat="44.95174167847812" lon="14.409516819922384">
        <ele>0</ele>
      </trkpt>
      <trkpt lat="44.95145512607013" lon="14.410006472841138">
        <ele>0</ele>
      </trkpt>
      <trkpt lat="44.951168573662144" lon="14.41049612575989">
        <ele>0</ele>
      </trkpt>
      <trkpt lat="44.95088202125415" lon="14.410985778678642">
        <ele>0</ele>
      </trkpt>
      <trkpt lat="44.95059546884617" lon="14.411475431597395">
        <ele>0</ele>
      </trkpt>
      <trkpt lat="44.950308916438175" lon="14.411965084516147">
        <ele>0</ele>
      </trkpt>
      <trkpt lat="44.95002236403019" lon="14.412454737434901">
        <ele>0</ele>
      </trkpt>
      <trkpt lat="44.9497358116222" lon="14.412944390353653">
        <ele>0</ele>
      </trkpt>
      <trkpt lat="44.949704865047835" lon="14.412997271013666">
        <ele>0</ele>
      </trkpt>
      <trkpt lat="44.94927976846099" lon="14.413204386897597">
        <ele>0</ele>
      </trkpt>
      <trkpt lat="44.94885467187414" lon="14.413411502781527">
        <ele>0</ele>
      </trkpt>
      <trkpt lat="44.94842957528729" lon="14.413618618665458">
        <ele>0</ele>
      </trkpt>
      <trkpt lat="44.94800447870045" lon="14.413825734549388">
        <ele>0</ele>
      </trkpt>
      <trkpt lat="44.947579382113595" lon="14.414032850433319">
        <ele>0</ele>
      </trkpt>
      <trkpt lat="44.94715428552675" lon="14.414239966317249">
        <ele>0</ele>
      </trkpt>
      <trkpt lat="44.94697824546472" lon="14.414325736690813">
        <ele>0</ele>
      </trkpt>
      <trkpt lat="44.94737500444878" lon="14.414026740506356">
        <ele>0</ele>
      </trkpt>
      <trkpt lat="44.94777176343284" lon="14.4137277443219">
        <ele>0</ele>
      </trkpt>
      <trkpt lat="44.9481685224169" lon="14.413428748137445">
        <ele>0</ele>
      </trkpt>
      <trkpt lat="44.94856528140095" lon="14.413129751952988">
        <ele>0</ele>
      </trkpt>
      <trkpt lat="44.94896204038501" lon="14.412830755768532">
        <ele>0</ele>
      </trkpt>
      <trkpt lat="44.94935879936907" lon="14.412531759584075">
        <ele>0</ele>
      </trkpt>
      <trkpt lat="44.94975555835313" lon="14.41223276339962">
        <ele>0</ele>
      </trkpt>
      <trkpt lat="44.95015231733719" lon="14.411933767215164">
        <ele>0</ele>
      </trkpt>
      <trkpt lat="44.95054907632125" lon="14.411634771030707">
        <ele>0</ele>
      </trkpt>
      <trkpt lat="44.950945835305305" lon="14.41133577484625">
        <ele>0</ele>
      </trkpt>
      <trkpt lat="44.951342594289365" lon="14.411036778661796">
        <ele>0</ele>
      </trkpt>
      <trkpt lat="44.951739353273425" lon="14.410737782477339">
        <ele>0</ele>
      </trkpt>
      <trkpt lat="44.952136112257485" lon="14.410438786292882">
        <ele>0</ele>
      </trkpt>
      <trkpt lat="44.952532871241544" lon="14.410139790108426">
        <ele>0</ele>
      </trkpt>
      <trkpt lat="44.952929630225604" lon="14.40984079392397">
        <ele>0</ele>
      </trkpt>
      <trkpt lat="44.95332638920966" lon="14.409541797739514">
        <ele>0</ele>
      </trkpt>
      <trkpt lat="44.95372314819372" lon="14.409242801555058">
        <ele>0</ele>
      </trkpt>
      <trkpt lat="44.954029582169625" lon="14.409011873981228">
        <ele>0</ele>
      </trkpt>
      <trkpt lat="44.95414366666364" lon="14.408397234610208">
        <ele>0</ele>
      </trkpt>
      <trkpt lat="44.95425775115766" lon="14.407782595239187">
        <ele>0</ele>
      </trkpt>
      <trkpt lat="44.95437183565168" lon="14.407167955868166">
        <ele>0</ele>
      </trkpt>
      <trkpt lat="44.95448592014569" lon="14.406553316497146">
        <ele>0</ele>
      </trkpt>
      <trkpt lat="44.95460000463971" lon="14.405938677126125">
        <ele>0</ele>
      </trkpt>
      <trkpt lat="44.95471408913373" lon="14.405324037755102">
        <ele>0</ele>
      </trkpt>
      <trkpt lat="44.954828173627746" lon="14.404709398384082">
        <ele>0</ele>
      </trkpt>
      <trkpt lat="44.95494225812176" lon="14.404094759013061">
        <ele>0</ele>
      </trkpt>
      <trkpt lat="44.95505634261578" lon="14.40348011964204">
        <ele>0</ele>
      </trkpt>
      <trkpt lat="44.9551704271098" lon="14.40286548027102">
        <ele>0</ele>
      </trkpt>
      <trkpt lat="44.955284511603814" lon="14.402250840899999">
        <ele>0</ele>
      </trkpt>
      <trkpt lat="44.95539859609783" lon="14.401636201528978">
        <ele>0</ele>
      </trkpt>
      <trkpt lat="44.955512680591845" lon="14.401021562157958">
        <ele>0</ele>
      </trkpt>
      <trkpt lat="44.95562676508587" lon="14.400406922786937">
        <ele>0</ele>
      </trkpt>
      <trkpt lat="44.95574084957988" lon="14.399792283415916">
        <ele>0</ele>
      </trkpt>
      <trkpt lat="44.9558549340739" lon="14.399177644044894">
        <ele>0</ele>
      </trkpt>
      <trkpt lat="44.95596901856791" lon="14.398563004673873">
        <ele>0</ele>
      </trkpt>
      <trkpt lat="44.956083103061935" lon="14.397948365302852">
        <ele>0</ele>
      </trkpt>
      <trkpt lat="44.95619718755595" lon="14.397333725931832">
        <ele>0</ele>
      </trkpt>
      <trkpt lat="44.956311272049966" lon="14.396719086560811">
        <ele>0</ele>
      </trkpt>
      <trkpt lat="44.95642535654399" lon="14.39610444718979">
        <ele>0</ele>
      </trkpt>
      <trkpt lat="44.956539441038004" lon="14.39548980781877">
        <ele>0</ele>
      </trkpt>
      <trkpt lat="44.95665352553202" lon="14.394875168447749">
        <ele>0</ele>
      </trkpt>
      <trkpt lat="44.956767610026034" lon="14.394260529076728">
        <ele>0</ele>
      </trkpt>
      <trkpt lat="44.95688169452006" lon="14.393645889705708">
        <ele>0</ele>
      </trkpt>
      <trkpt lat="44.95699577901407" lon="14.393031250334685">
        <ele>0</ele>
      </trkpt>
      <trkpt lat="44.95710986350809" lon="14.392416610963664">
        <ele>0</ele>
      </trkpt>
      <trkpt lat="44.9572239480021" lon="14.391801971592644">
        <ele>0</ele>
      </trkpt>
      <trkpt lat="44.957338032496125" lon="14.391187332221623">
        <ele>0</ele>
      </trkpt>
      <trkpt lat="44.95745211699014" lon="14.390572692850602">
        <ele>0</ele>
      </trkpt>
      <trkpt lat="44.957566201484155" lon="14.389958053479582">
        <ele>0</ele>
      </trkpt>
      <trkpt lat="44.95768028597817" lon="14.389343414108561">
        <ele>0</ele>
      </trkpt>
      <trkpt lat="44.95779437047219" lon="14.38872877473754">
        <ele>0</ele>
      </trkpt>
      <trkpt lat="44.95790845496621" lon="14.38811413536652">
        <ele>0</ele>
      </trkpt>
      <trkpt lat="44.958022539460224" lon="14.387499495995499">
        <ele>0</ele>
      </trkpt>
      <trkpt lat="44.958136623954246" lon="14.386884856624476">
        <ele>0</ele>
      </trkpt>
      <trkpt lat="44.95825070844826" lon="14.386270217253456">
        <ele>0</ele>
      </trkpt>
      <trkpt lat="44.95836479294228" lon="14.385655577882435">
        <ele>0</ele>
      </trkpt>
      <trkpt lat="44.95847887743629" lon="14.385040938511414">
        <ele>0</ele>
      </trkpt>
      <trkpt lat="44.95854198302476" lon="14.384700952087002">
        <ele>0</ele>
      </trkpt>
      <trkpt lat="44.9585249867557" lon="14.38406595860261">
        <ele>0</ele>
      </trkpt>
      <trkpt lat="44.95850799048664" lon="14.383430965118217">
        <ele>0</ele>
      </trkpt>
      <trkpt lat="44.95849099421758" lon="14.382795971633826">
        <ele>0</ele>
      </trkpt>
      <trkpt lat="44.95847399794851" lon="14.382160978149434">
        <ele>0</ele>
      </trkpt>
      <trkpt lat="44.95845700167945" lon="14.381525984665043">
        <ele>0</ele>
      </trkpt>
      <trkpt lat="44.95844000541039" lon="14.38089099118065">
        <ele>0</ele>
      </trkpt>
      <trkpt lat="44.95842300914133" lon="14.380255997696258">
        <ele>0</ele>
      </trkpt>
      <trkpt lat="44.95840601287227" lon="14.379621004211867">
        <ele>0</ele>
      </trkpt>
      <trkpt lat="44.958389016603206" lon="14.378986010727475">
        <ele>0</ele>
      </trkpt>
      <trkpt lat="44.95837202033414" lon="14.378351017243082">
        <ele>0</ele>
      </trkpt>
      <trkpt lat="44.95835502406508" lon="14.37771602375869">
        <ele>0</ele>
      </trkpt>
      <trkpt lat="44.95833802779602" lon="14.377081030274299">
        <ele>0</ele>
      </trkpt>
      <trkpt lat="44.95832103152696" lon="14.376446036789908">
        <ele>0</ele>
      </trkpt>
      <trkpt lat="44.958304035257896" lon="14.375811043305514">
        <ele>0</ele>
      </trkpt>
      <trkpt lat="44.958287038988836" lon="14.375176049821123">
        <ele>0</ele>
      </trkpt>
      <trkpt lat="44.95827004271977" lon="14.374541056336732">
        <ele>0</ele>
      </trkpt>
      <trkpt lat="44.95825304645071" lon="14.37390606285234">
        <ele>0</ele>
      </trkpt>
      <trkpt lat="44.95823605018165" lon="14.373271069367947">
        <ele>0</ele>
      </trkpt>
      <trkpt lat="44.958219053912586" lon="14.372636075883555">
        <ele>0</ele>
      </trkpt>
      <trkpt lat="44.958202057643526" lon="14.372001082399164">
        <ele>0</ele>
      </trkpt>
      <trkpt lat="44.958185061374465" lon="14.371366088914773">
        <ele>0</ele>
      </trkpt>
      <trkpt lat="44.9581680651054" lon="14.37073109543038">
        <ele>0</ele>
      </trkpt>
      <trkpt lat="44.95815106883634" lon="14.370096101945988">
        <ele>0</ele>
      </trkpt>
      <trkpt lat="44.958134072567276" lon="14.369461108461596">
        <ele>0</ele>
      </trkpt>
      <trkpt lat="44.958117076298215" lon="14.368826114977205">
        <ele>0</ele>
      </trkpt>
      <trkpt lat="44.958100080029155" lon="14.368191121492812">
        <ele>0</ele>
      </trkpt>
      <trkpt lat="44.958083083760094" lon="14.36755612800842">
        <ele>0</ele>
      </trkpt>
      <trkpt lat="44.958066087491034" lon="14.366921134524029">
        <ele>0</ele>
      </trkpt>
      <trkpt lat="44.958049091221966" lon="14.366286141039637">
        <ele>0</ele>
      </trkpt>
      <trkpt lat="44.958032094952905" lon="14.365651147555244">
        <ele>0</ele>
      </trkpt>
      <trkpt lat="44.958015098683845" lon="14.365016154070853">
        <ele>0</ele>
      </trkpt>
      <trkpt lat="44.957998102414784" lon="14.364381160586461">
        <ele>0</ele>
      </trkpt>
      <trkpt lat="44.95798110614572" lon="14.36374616710207">
        <ele>0</ele>
      </trkpt>
      <trkpt lat="44.95796410987666" lon="14.363111173617677">
        <ele>0</ele>
      </trkpt>
      <trkpt lat="44.957947113607595" lon="14.362476180133285">
        <ele>0</ele>
      </trkpt>
      <trkpt lat="44.957930117338535" lon="14.361841186648894">
        <ele>0</ele>
      </trkpt>
      <trkpt lat="44.957913121069474" lon="14.361206193164502">
        <ele>0</ele>
      </trkpt>
      <trkpt lat="44.95789612480041" lon="14.360571199680109">
        <ele>0</ele>
      </trkpt>
      <trkpt lat="44.95787912853135" lon="14.359936206195718">
        <ele>0</ele>
      </trkpt>
      <trkpt lat="44.95786213226229" lon="14.359301212711326">
        <ele>0</ele>
      </trkpt>
      <trkpt lat="44.957845135993225" lon="14.358666219226933">
        <ele>0</ele>
      </trkpt>
      <trkpt lat="44.957828139724164" lon="14.358031225742542">
        <ele>0</ele>
      </trkpt>
      <trkpt lat="44.9578111434551" lon="14.35739623225815">
        <ele>0</ele>
      </trkpt>
      <trkpt lat="44.95779414718604" lon="14.356761238773759">
        <ele>0</ele>
      </trkpt>
      <trkpt lat="44.95777715091698" lon="14.356126245289365">
        <ele>0</ele>
      </trkpt>
      <trkpt lat="44.95776015464792" lon="14.355491251804974">
        <ele>0</ele>
      </trkpt>
      <trkpt lat="44.95774315837886" lon="14.354856258320583">
        <ele>0</ele>
      </trkpt>
      <trkpt lat="44.95772616210979" lon="14.354221264836191">
        <ele>0</ele>
      </trkpt>
      <trkpt lat="44.95770916584073" lon="14.353586271351798">
        <ele>0</ele>
      </trkpt>
      <trkpt lat="44.95769216957167" lon="14.352951277867406">
        <ele>0</ele>
      </trkpt>
      <trkpt lat="44.95767517330261" lon="14.352316284383015">
        <ele>0</ele>
      </trkpt>
      <trkpt lat="44.95765817703355" lon="14.351681290898624">
        <ele>0</ele>
      </trkpt>
      <trkpt lat="44.95764118076449" lon="14.35104629741423">
        <ele>0</ele>
      </trkpt>
      <trkpt lat="44.95762418449542" lon="14.350411303929839">
        <ele>0</ele>
      </trkpt>
      <trkpt lat="44.95760718822636" lon="14.349776310445447">
        <ele>0</ele>
      </trkpt>
      <trkpt lat="44.9575901919573" lon="14.349141316961056">
        <ele>0</ele>
      </trkpt>
      <trkpt lat="44.95757319568824" lon="14.348506323476663">
        <ele>0</ele>
      </trkpt>
      <trkpt lat="44.95755619941918" lon="14.347871329992271">
        <ele>0</ele>
      </trkpt>
      <trkpt lat="44.95753920315012" lon="14.34723633650788">
        <ele>0</ele>
      </trkpt>
      <trkpt lat="44.95752220688105" lon="14.346601343023488">
        <ele>0</ele>
      </trkpt>
      <trkpt lat="44.95750521061199" lon="14.345966349539095">
        <ele>0</ele>
      </trkpt>
      <trkpt lat="44.95748821434293" lon="14.345331356054704">
        <ele>0</ele>
      </trkpt>
      <trkpt lat="44.95747121807387" lon="14.344696362570312">
        <ele>0</ele>
      </trkpt>
      <trkpt lat="44.95745422180481" lon="14.34406136908592">
        <ele>0</ele>
      </trkpt>
      <trkpt lat="44.95743722553575" lon="14.343426375601528">
        <ele>0</ele>
      </trkpt>
      <trkpt lat="44.95742022926668" lon="14.342791382117136">
        <ele>0</ele>
      </trkpt>
      <trkpt lat="44.95740323299762" lon="14.342156388632745">
        <ele>0</ele>
      </trkpt>
      <trkpt lat="44.95738623672856" lon="14.341521395148353">
        <ele>0</ele>
      </trkpt>
      <trkpt lat="44.9573692404595" lon="14.34088640166396">
        <ele>0</ele>
      </trkpt>
      <trkpt lat="44.95735224419044" lon="14.340251408179569">
        <ele>0</ele>
      </trkpt>
      <trkpt lat="44.95733524792138" lon="14.339616414695177">
        <ele>0</ele>
      </trkpt>
      <trkpt lat="44.95731825165232" lon="14.338981421210786">
        <ele>0</ele>
      </trkpt>
      <trkpt lat="44.95730125538325" lon="14.338346427726393">
        <ele>0</ele>
      </trkpt>
      <trkpt lat="44.95728425911419" lon="14.337711434242001">
        <ele>0</ele>
      </trkpt>
      <trkpt lat="44.95726726284513" lon="14.33707644075761">
        <ele>0</ele>
      </trkpt>
      <trkpt lat="44.95725026657607" lon="14.336441447273218">
        <ele>0</ele>
      </trkpt>
      <trkpt lat="44.95723327030701" lon="14.335806453788825">
        <ele>0</ele>
      </trkpt>
      <trkpt lat="44.95721627403795" lon="14.335171460304434">
        <ele>0</ele>
      </trkpt>
      <trkpt lat="44.95719927776888" lon="14.334536466820042">
        <ele>0</ele>
      </trkpt>
      <trkpt lat="44.95718228149982" lon="14.33390147333565">
        <ele>0</ele>
      </trkpt>
      <trkpt lat="44.95716528523076" lon="14.333266479851257">
        <ele>0</ele>
      </trkpt>
      <trkpt lat="44.9571482889617" lon="14.332631486366866">
        <ele>0</ele>
      </trkpt>
      <trkpt lat="44.95713129269264" lon="14.331996492882475">
        <ele>0</ele>
      </trkpt>
      <trkpt lat="44.957114296423576" lon="14.331361499398081">
        <ele>0</ele>
      </trkpt>
      <trkpt lat="44.95709730015451" lon="14.33072650591369">
        <ele>0</ele>
      </trkpt>
      <trkpt lat="44.95708030388545" lon="14.330091512429298">
        <ele>0</ele>
      </trkpt>
      <trkpt lat="44.95706330761639" lon="14.329456518944907">
        <ele>0</ele>
      </trkpt>
      <trkpt lat="44.95704631134733" lon="14.328821525460514">
        <ele>0</ele>
      </trkpt>
      <trkpt lat="44.95703788883279" lon="14.32850685393845">
        <ele>0</ele>
      </trkpt>
      <trkpt lat="44.95680726624394" lon="14.32796143663764">
        <ele>0</ele>
      </trkpt>
      <trkpt lat="44.9565766436551" lon="14.327416019336829">
        <ele>0</ele>
      </trkpt>
      <trkpt lat="44.95634602106625" lon="14.326870602036019">
        <ele>0</ele>
      </trkpt>
      <trkpt lat="44.95611539847741" lon="14.326325184735207">
        <ele>0</ele>
      </trkpt>
      <trkpt lat="44.95588477588856" lon="14.325779767434398">
        <ele>0</ele>
      </trkpt>
      <trkpt lat="44.95565415329972" lon="14.325234350133586">
        <ele>0</ele>
      </trkpt>
      <trkpt lat="44.955423530710874" lon="14.324688932832776">
        <ele>0</ele>
      </trkpt>
      <trkpt lat="44.95519290812203" lon="14.324143515531965">
        <ele>0</ele>
      </trkpt>
      <trkpt lat="44.954962285533185" lon="14.323598098231155">
        <ele>0</ele>
      </trkpt>
      <trkpt lat="44.95473166294434" lon="14.323052680930344">
        <ele>0</ele>
      </trkpt>
      <trkpt lat="44.954501040355495" lon="14.322507263629534">
        <ele>0</ele>
      </trkpt>
      <trkpt lat="44.95427041776665" lon="14.321961846328724">
        <ele>0</ele>
      </trkpt>
      <trkpt lat="44.954039795177806" lon="14.321416429027913">
        <ele>0</ele>
      </trkpt>
      <trkpt lat="44.95380917258897" lon="14.320871011727103">
        <ele>0</ele>
      </trkpt>
      <trkpt lat="44.953578550000124" lon="14.320325594426292">
        <ele>0</ele>
      </trkpt>
      <trkpt lat="44.95334792741128" lon="14.319780177125482">
        <ele>0</ele>
      </trkpt>
      <trkpt lat="44.953117304822435" lon="14.31923475982467">
        <ele>0</ele>
      </trkpt>
      <trkpt lat="44.95288668223359" lon="14.31868934252386">
        <ele>0</ele>
      </trkpt>
      <trkpt lat="44.952656059644745" lon="14.31814392522305">
        <ele>0</ele>
      </trkpt>
      <trkpt lat="44.9524254370559" lon="14.31759850792224">
        <ele>0</ele>
      </trkpt>
      <trkpt lat="44.952194814467056" lon="14.317053090621428">
        <ele>0</ele>
      </trkpt>
      <trkpt lat="44.95196419187821" lon="14.316507673320618">
        <ele>0</ele>
      </trkpt>
      <trkpt lat="44.95173356928937" lon="14.315962256019809">
        <ele>0</ele>
      </trkpt>
      <trkpt lat="44.95150294670052" lon="14.315416838718997">
        <ele>0</ele>
      </trkpt>
      <trkpt lat="44.95127232411168" lon="14.314871421418188">
        <ele>0.521566285402514</ele>
      </trkpt>
      <trkpt lat="44.95104170152283" lon="14.314326004117376">
        <ele>0.49640025943517685</ele>
      </trkpt>
      <trkpt lat="44.95081107893399" lon="14.313780586816566">
        <ele>0</ele>
      </trkpt>
      <trkpt lat="44.95058045634514" lon="14.313235169515755">
        <ele>0</ele>
      </trkpt>
      <trkpt lat="44.9503498337563" lon="14.312689752214945">
        <ele>0</ele>
      </trkpt>
      <trkpt lat="44.950119211167454" lon="14.312144334914134">
        <ele>0</ele>
      </trkpt>
      <trkpt lat="44.94988858857861" lon="14.311598917613324">
        <ele>0</ele>
      </trkpt>
      <trkpt lat="44.949657965989765" lon="14.311053500312513">
        <ele>0</ele>
      </trkpt>
      <trkpt lat="44.94942734340092" lon="14.310508083011703">
        <ele>0</ele>
      </trkpt>
      <trkpt lat="44.949196720812076" lon="14.309962665710893">
        <ele>0</ele>
      </trkpt>
      <trkpt lat="44.94896609822323" lon="14.309417248410082">
        <ele>0</ele>
      </trkpt>
      <trkpt lat="44.948735475634386" lon="14.308871831109272">
        <ele>0</ele>
      </trkpt>
      <trkpt lat="44.94850485304554" lon="14.30832641380846">
        <ele>0</ele>
      </trkpt>
      <trkpt lat="44.9482742304567" lon="14.30778099650765">
        <ele>0</ele>
      </trkpt>
      <trkpt lat="44.94804360786785" lon="14.30723557920684">
        <ele>0</ele>
      </trkpt>
      <trkpt lat="44.94781298527901" lon="14.30669016190603">
        <ele>0</ele>
      </trkpt>
      <trkpt lat="44.94758236269017" lon="14.306144744605218">
        <ele>0</ele>
      </trkpt>
      <trkpt lat="44.947351740101325" lon="14.305599327304408">
        <ele>0</ele>
      </trkpt>
      <trkpt lat="44.94712111751248" lon="14.305053910003597">
        <ele>0</ele>
      </trkpt>
      <trkpt lat="44.946890494923636" lon="14.304508492702787">
        <ele>0</ele>
      </trkpt>
      <trkpt lat="44.94665987233479" lon="14.303963075401978">
        <ele>0</ele>
      </trkpt>
      <trkpt lat="44.94642924974595" lon="14.303417658101166">
        <ele>0</ele>
      </trkpt>
      <trkpt lat="44.9461986271571" lon="14.302872240800356">
        <ele>0</ele>
      </trkpt>
      <trkpt lat="44.94596800456826" lon="14.302326823499545">
        <ele>0</ele>
      </trkpt>
      <trkpt lat="44.94573738197941" lon="14.301781406198735">
        <ele>0</ele>
      </trkpt>
      <trkpt lat="44.94550675939057" lon="14.301235988897924">
        <ele>0</ele>
      </trkpt>
      <trkpt lat="44.94527613680172" lon="14.300690571597114">
        <ele>0</ele>
      </trkpt>
      <trkpt lat="44.94504551421288" lon="14.300145154296303">
        <ele>0</ele>
      </trkpt>
      <trkpt lat="44.944814891624034" lon="14.299599736995493">
        <ele>0</ele>
      </trkpt>
      <trkpt lat="44.94458426903519" lon="14.299054319694681">
        <ele>0</ele>
      </trkpt>
      <trkpt lat="44.944353646446345" lon="14.298508902393872">
        <ele>0</ele>
      </trkpt>
      <trkpt lat="44.9441230238575" lon="14.297963485093062">
        <ele>0</ele>
      </trkpt>
      <trkpt lat="44.943892401268656" lon="14.29741806779225">
        <ele>0</ele>
      </trkpt>
      <trkpt lat="44.94366177867981" lon="14.29687265049144">
        <ele>0</ele>
      </trkpt>
      <trkpt lat="44.943431156090966" lon="14.29632723319063">
        <ele>0</ele>
      </trkpt>
      <trkpt lat="44.94320053350212" lon="14.29578181588982">
        <ele>0</ele>
      </trkpt>
      <trkpt lat="44.94296991091328" lon="14.295236398589008">
        <ele>0</ele>
      </trkpt>
      <trkpt lat="44.94273928832443" lon="14.294690981288198">
        <ele>0</ele>
      </trkpt>
      <trkpt lat="44.94250866573559" lon="14.294145563987387">
        <ele>0</ele>
      </trkpt>
      <trkpt lat="44.94227804314674" lon="14.293600146686577">
        <ele>0</ele>
      </trkpt>
      <trkpt lat="44.9420474205579" lon="14.293054729385766">
        <ele>0</ele>
      </trkpt>
      <trkpt lat="44.941816797969054" lon="14.292509312084956">
        <ele>0</ele>
      </trkpt>
      <trkpt lat="44.94158617538021" lon="14.291963894784146">
        <ele>0</ele>
      </trkpt>
      <trkpt lat="44.94135555279137" lon="14.291418477483335">
        <ele>0</ele>
      </trkpt>
      <trkpt lat="44.94112493020253" lon="14.290873060182525">
        <ele>0</ele>
      </trkpt>
      <trkpt lat="44.94089430761368" lon="14.290327642881714">
        <ele>0</ele>
      </trkpt>
      <trkpt lat="44.94066368502484" lon="14.289782225580904">
        <ele>0</ele>
      </trkpt>
      <trkpt lat="44.94043306243599" lon="14.289236808280092">
        <ele>0</ele>
      </trkpt>
      <trkpt lat="44.94020243984715" lon="14.288691390979283">
        <ele>0</ele>
      </trkpt>
      <trkpt lat="44.939971817258304" lon="14.288145973678471">
        <ele>0</ele>
      </trkpt>
      <trkpt lat="44.939922048258865" lon="14.288028271100103">
        <ele>0</ele>
      </trkpt>
      <trkpt lat="44.93947372173111" lon="14.287979398183">
        <ele>0</ele>
      </trkpt>
      <trkpt lat="44.93902539520335" lon="14.287930525265896">
        <ele>0</ele>
      </trkpt>
      <trkpt lat="44.9385770686756" lon="14.28788165234879">
        <ele>0</ele>
      </trkpt>
      <trkpt lat="44.93812874214784" lon="14.287832779431687">
        <ele>0</ele>
      </trkpt>
      <trkpt lat="44.937680415620086" lon="14.287783906514584">
        <ele>0</ele>
      </trkpt>
      <trkpt lat="44.937232089092326" lon="14.28773503359748">
        <ele>0</ele>
      </trkpt>
      <trkpt lat="44.93678376256457" lon="14.287686160680376">
        <ele>0</ele>
      </trkpt>
      <trkpt lat="44.93633543603682" lon="14.287637287763273">
        <ele>0</ele>
      </trkpt>
      <trkpt lat="44.93588710950906" lon="14.287588414846168">
        <ele>0</ele>
      </trkpt>
      <trkpt lat="44.93543878298131" lon="14.287539541929064">
        <ele>0</ele>
      </trkpt>
      <trkpt lat="44.93499045645355" lon="14.28749066901196">
        <ele>0</ele>
      </trkpt>
      <trkpt lat="44.934542129925795" lon="14.287441796094857">
        <ele>0</ele>
      </trkpt>
      <trkpt lat="44.934093803398035" lon="14.287392923177753">
        <ele>0</ele>
      </trkpt>
      <trkpt lat="44.93364547687028" lon="14.287344050260648">
        <ele>0</ele>
      </trkpt>
      <trkpt lat="44.93319715034252" lon="14.287295177343545">
        <ele>0</ele>
      </trkpt>
      <trkpt lat="44.93274882381477" lon="14.287246304426441">
        <ele>0</ele>
      </trkpt>
      <trkpt lat="44.93230049728702" lon="14.287197431509338">
        <ele>0</ele>
      </trkpt>
      <trkpt lat="44.93185217075926" lon="14.287148558592234">
        <ele>0</ele>
      </trkpt>
      <trkpt lat="44.931403844231504" lon="14.28709968567513">
        <ele>0</ele>
      </trkpt>
      <trkpt lat="44.930955517703744" lon="14.287050812758025">
        <ele>0</ele>
      </trkpt>
      <trkpt lat="44.93050719117599" lon="14.287001939840922">
        <ele>0</ele>
      </trkpt>
      <trkpt lat="44.93005886464823" lon="14.286953066923818">
        <ele>0</ele>
      </trkpt>
      <trkpt lat="44.92961053812048" lon="14.286904194006715">
        <ele>0</ele>
      </trkpt>
      <trkpt lat="44.929162211592725" lon="14.286855321089611">
        <ele>0</ele>
      </trkpt>
      <trkpt lat="44.928713885064965" lon="14.286806448172506">
        <ele>0</ele>
      </trkpt>
      <trkpt lat="44.92826555853721" lon="14.286757575255402">
        <ele>0</ele>
      </trkpt>
      <trkpt lat="44.92781723200945" lon="14.286708702338299">
        <ele>0</ele>
      </trkpt>
      <trkpt lat="44.9273689054817" lon="14.286659829421195">
        <ele>0</ele>
      </trkpt>
      <trkpt lat="44.92692057895394" lon="14.286610956504092">
        <ele>0</ele>
      </trkpt>
      <trkpt lat="44.92647225242619" lon="14.286562083586988">
        <ele>0</ele>
      </trkpt>
      <trkpt lat="44.92602392589843" lon="14.286513210669883">
        <ele>0</ele>
      </trkpt>
      <trkpt lat="44.925575599370674" lon="14.28646433775278">
        <ele>0</ele>
      </trkpt>
      <trkpt lat="44.92512727284292" lon="14.286415464835676">
        <ele>0</ele>
      </trkpt>
      <trkpt lat="44.92467894631516" lon="14.286366591918572">
        <ele>0</ele>
      </trkpt>
      <trkpt lat="44.92423061978741" lon="14.286317719001469">
        <ele>0</ele>
      </trkpt>
      <trkpt lat="44.92378229325965" lon="14.286268846084363">
        <ele>0</ele>
      </trkpt>
      <trkpt lat="44.923333966731896" lon="14.28621997316726">
        <ele>0</ele>
      </trkpt>
      <trkpt lat="44.922885640204136" lon="14.286171100250156">
        <ele>0</ele>
      </trkpt>
      <trkpt lat="44.92243731367638" lon="14.286122227333053">
        <ele>0</ele>
      </trkpt>
      <trkpt lat="44.92198898714863" lon="14.286073354415949">
        <ele>0</ele>
      </trkpt>
      <trkpt lat="44.92154066062087" lon="14.286024481498846">
        <ele>0</ele>
      </trkpt>
      <trkpt lat="44.92109233409312" lon="14.28597560858174">
        <ele>0</ele>
      </trkpt>
      <trkpt lat="44.92064400756536" lon="14.285926735664637">
        <ele>0</ele>
      </trkpt>
      <trkpt lat="44.920195681037605" lon="14.285877862747533">
        <ele>0</ele>
      </trkpt>
      <trkpt lat="44.919747354509845" lon="14.28582898983043">
        <ele>0</ele>
      </trkpt>
      <trkpt lat="44.91929902798209" lon="14.285780116913326">
        <ele>0</ele>
      </trkpt>
      <trkpt lat="44.91885070145433" lon="14.28573124399622">
        <ele>0</ele>
      </trkpt>
      <trkpt lat="44.91840237492658" lon="14.285682371079117">
        <ele>0</ele>
      </trkpt>
      <trkpt lat="44.917954048398826" lon="14.285633498162014">
        <ele>0</ele>
      </trkpt>
      <trkpt lat="44.917505721871066" lon="14.28558462524491">
        <ele>0</ele>
      </trkpt>
      <trkpt lat="44.91705739534331" lon="14.285535752327807">
        <ele>0</ele>
      </trkpt>
      <trkpt lat="44.91660906881555" lon="14.285486879410703">
        <ele>0</ele>
      </trkpt>
      <trkpt lat="44.9161607422878" lon="14.285438006493598">
        <ele>0</ele>
      </trkpt>
      <trkpt lat="44.91571241576004" lon="14.285389133576494">
        <ele>0</ele>
      </trkpt>
      <trkpt lat="44.91526408923229" lon="14.28534026065939">
        <ele>0</ele>
      </trkpt>
      <trkpt lat="44.914815762704535" lon="14.285291387742287">
        <ele>0</ele>
      </trkpt>
      <trkpt lat="44.914367436176775" lon="14.285242514825184">
        <ele>0</ele>
      </trkpt>
      <trkpt lat="44.91391910964902" lon="14.285193641908078">
        <ele>0</ele>
      </trkpt>
      <trkpt lat="44.91347078312126" lon="14.285144768990975">
        <ele>0</ele>
      </trkpt>
      <trkpt lat="44.91302245659351" lon="14.285095896073871">
        <ele>0</ele>
      </trkpt>
      <trkpt lat="44.91257413006575" lon="14.285047023156768">
        <ele>0</ele>
      </trkpt>
      <trkpt lat="44.912125803538" lon="14.284998150239664">
        <ele>0</ele>
      </trkpt>
      <trkpt lat="44.911677477010244" lon="14.28494927732256">
        <ele>0</ele>
      </trkpt>
      <trkpt lat="44.911229150482484" lon="14.284900404405455">
        <ele>0</ele>
      </trkpt>
      <trkpt lat="44.91078082395473" lon="14.284851531488352">
        <ele>0</ele>
      </trkpt>
      <trkpt lat="44.91033249742697" lon="14.284802658571248">
        <ele>0</ele>
      </trkpt>
      <trkpt lat="44.90988417089922" lon="14.284753785654145">
        <ele>0</ele>
      </trkpt>
      <trkpt lat="44.90943584437146" lon="14.284704912737041">
        <ele>0</ele>
      </trkpt>
      <trkpt lat="44.908987517843705" lon="14.284656039819936">
        <ele>0</ele>
      </trkpt>
      <trkpt lat="44.908539191315946" lon="14.284607166902832">
        <ele>0</ele>
      </trkpt>
      <trkpt lat="44.90809086478819" lon="14.284558293985729">
        <ele>0</ele>
      </trkpt>
      <trkpt lat="44.90764253826044" lon="14.284509421068625">
        <ele>0</ele>
      </trkpt>
      <trkpt lat="44.90719421173268" lon="14.284460548151522">
        <ele>0</ele>
      </trkpt>
      <trkpt lat="44.90674588520493" lon="14.284411675234418">
        <ele>0</ele>
      </trkpt>
      <trkpt lat="44.90629755867717" lon="14.284362802317313">
        <ele>0</ele>
      </trkpt>
      <trkpt lat="44.905849232149414" lon="14.28431392940021">
        <ele>0</ele>
      </trkpt>
      <trkpt lat="44.905400905621654" lon="14.284265056483106">
        <ele>0</ele>
      </trkpt>
      <trkpt lat="44.9049525790939" lon="14.284216183566002">
        <ele>0</ele>
      </trkpt>
      <trkpt lat="44.90450425256615" lon="14.284167310648899">
        <ele>0</ele>
      </trkpt>
      <trkpt lat="44.90405592603839" lon="14.284118437731793">
        <ele>0</ele>
      </trkpt>
      <trkpt lat="44.903607599510636" lon="14.28406956481469">
        <ele>0</ele>
      </trkpt>
      <trkpt lat="44.903159272982876" lon="14.284020691897586">
        <ele>0</ele>
      </trkpt>
      <trkpt lat="44.90271094645512" lon="14.283971818980483">
        <ele>0</ele>
      </trkpt>
      <trkpt lat="44.90226261992736" lon="14.28392294606338">
        <ele>0</ele>
      </trkpt>
      <trkpt lat="44.90181429339961" lon="14.283874073146276">
        <ele>0</ele>
      </trkpt>
      <trkpt lat="44.90136596687185" lon="14.28382520022917">
        <ele>0</ele>
      </trkpt>
      <trkpt lat="44.9009176403441" lon="14.283776327312067">
        <ele>0</ele>
      </trkpt>
      <trkpt lat="44.90066425349977" lon="14.283748705136105">
        <ele>0</ele>
      </trkpt>
      <trkpt lat="44.90022029813611" lon="14.283849431901217">
        <ele>0</ele>
      </trkpt>
      <trkpt lat="44.899776342772455" lon="14.283950158666327">
        <ele>0</ele>
      </trkpt>
      <trkpt lat="44.8993323874088" lon="14.284050885431439">
        <ele>0</ele>
      </trkpt>
      <trkpt lat="44.89888843204515" lon="14.284151612196549">
        <ele>0</ele>
      </trkpt>
      <trkpt lat="44.89844447668149" lon="14.284252338961661">
        <ele>0</ele>
      </trkpt>
      <trkpt lat="44.89800052131783" lon="14.284353065726771">
        <ele>0</ele>
      </trkpt>
      <trkpt lat="44.897556565954176" lon="14.284453792491883">
        <ele>0</ele>
      </trkpt>
      <trkpt lat="44.89711261059052" lon="14.284554519256993">
        <ele>0</ele>
      </trkpt>
      <trkpt lat="44.89666865522686" lon="14.284655246022105">
        <ele>0</ele>
      </trkpt>
      <trkpt lat="44.896224699863204" lon="14.284755972787215">
        <ele>0</ele>
      </trkpt>
      <trkpt lat="44.895780744499554" lon="14.284856699552327">
        <ele>0</ele>
      </trkpt>
      <trkpt lat="44.8953367891359" lon="14.284957426317437">
        <ele>0</ele>
      </trkpt>
      <trkpt lat="44.89489283377224" lon="14.285058153082549">
        <ele>0</ele>
      </trkpt>
      <trkpt lat="44.89444887840858" lon="14.285158879847659">
        <ele>0</ele>
      </trkpt>
      <trkpt lat="44.894004923044925" lon="14.28525960661277">
        <ele>0</ele>
      </trkpt>
      <trkpt lat="44.89356096768127" lon="14.28536033337788">
        <ele>0</ele>
      </trkpt>
      <trkpt lat="44.89311701231762" lon="14.285461060142993">
        <ele>0</ele>
      </trkpt>
      <trkpt lat="44.89267305695396" lon="14.285561786908104">
        <ele>0</ele>
      </trkpt>
      <trkpt lat="44.8922291015903" lon="14.285662513673214">
        <ele>0</ele>
      </trkpt>
      <trkpt lat="44.891785146226646" lon="14.285763240438326">
        <ele>0</ele>
      </trkpt>
      <trkpt lat="44.89134119086299" lon="14.285863967203436">
        <ele>0</ele>
      </trkpt>
      <trkpt lat="44.89089723549933" lon="14.285964693968548">
        <ele>0</ele>
      </trkpt>
      <trkpt lat="44.890453280135674" lon="14.286065420733658">
        <ele>0</ele>
      </trkpt>
      <trkpt lat="44.89000932477202" lon="14.28616614749877">
        <ele>0</ele>
      </trkpt>
      <trkpt lat="44.889565369408366" lon="14.28626687426388">
        <ele>0</ele>
      </trkpt>
      <trkpt lat="44.88912141404471" lon="14.286367601028992">
        <ele>0</ele>
      </trkpt>
      <trkpt lat="44.88867745868105" lon="14.286468327794102">
        <ele>0</ele>
      </trkpt>
      <trkpt lat="44.888233503317394" lon="14.286569054559214">
        <ele>0</ele>
      </trkpt>
      <trkpt lat="44.88778954795374" lon="14.286669781324324">
        <ele>0</ele>
      </trkpt>
      <trkpt lat="44.88734559259008" lon="14.286770508089436">
        <ele>0</ele>
      </trkpt>
      <trkpt lat="44.88690163722643" lon="14.286871234854546">
        <ele>0</ele>
      </trkpt>
      <trkpt lat="44.88645768186277" lon="14.286971961619658">
        <ele>0</ele>
      </trkpt>
      <trkpt lat="44.886013726499115" lon="14.287072688384768">
        <ele>0</ele>
      </trkpt>
      <trkpt lat="44.88556977113546" lon="14.28717341514988">
        <ele>0</ele>
      </trkpt>
      <trkpt lat="44.8851258157718" lon="14.287274141914992">
        <ele>0</ele>
      </trkpt>
      <trkpt lat="44.88468186040814" lon="14.287374868680102">
        <ele>0</ele>
      </trkpt>
      <trkpt lat="44.88423790504449" lon="14.287475595445214">
        <ele>0</ele>
      </trkpt>
      <trkpt lat="44.883793949680836" lon="14.287576322210324">
        <ele>0</ele>
      </trkpt>
      <trkpt lat="44.88334999431718" lon="14.287677048975436">
        <ele>0</ele>
      </trkpt>
      <trkpt lat="44.88290603895352" lon="14.287777775740546">
        <ele>0</ele>
      </trkpt>
      <trkpt lat="44.882462083589864" lon="14.287878502505658">
        <ele>0</ele>
      </trkpt>
      <trkpt lat="44.88201812822621" lon="14.287979229270768">
        <ele>0</ele>
      </trkpt>
      <trkpt lat="44.88157417286255" lon="14.28807995603588">
        <ele>0</ele>
      </trkpt>
      <trkpt lat="44.8811302174989" lon="14.28818068280099">
        <ele>0</ele>
      </trkpt>
      <trkpt lat="44.88068626213524" lon="14.288281409566101">
        <ele>0</ele>
      </trkpt>
      <trkpt lat="44.880242306771585" lon="14.288382136331212">
        <ele>0</ele>
      </trkpt>
      <trkpt lat="44.87979835140793" lon="14.288482863096323">
        <ele>0</ele>
      </trkpt>
      <trkpt lat="44.87935439604427" lon="14.288583589861434">
        <ele>0</ele>
      </trkpt>
      <trkpt lat="44.87891044068061" lon="14.288684316626545">
        <ele>0</ele>
      </trkpt>
      <trkpt lat="44.878466485316956" lon="14.288785043391655">
        <ele>0</ele>
      </trkpt>
      <trkpt lat="44.878022529953306" lon="14.288885770156767">
        <ele>0</ele>
      </trkpt>
      <trkpt lat="44.87757857458965" lon="14.28898649692188">
        <ele>0</ele>
      </trkpt>
      <trkpt lat="44.87713461922599" lon="14.28908722368699">
        <ele>0</ele>
      </trkpt>
      <trkpt lat="44.876690663862334" lon="14.289187950452101">
        <ele>0</ele>
      </trkpt>
      <trkpt lat="44.87624670849868" lon="14.289288677217211">
        <ele>0</ele>
      </trkpt>
      <trkpt lat="44.87580275313502" lon="14.289389403982323">
        <ele>0</ele>
      </trkpt>
      <trkpt lat="44.87535879777137" lon="14.289490130747433">
        <ele>0</ele>
      </trkpt>
      <trkpt lat="44.87491484240771" lon="14.289590857512545">
        <ele>0</ele>
      </trkpt>
      <trkpt lat="44.874470887044055" lon="14.289691584277655">
        <ele>0</ele>
      </trkpt>
      <trkpt lat="44.8740269316804" lon="14.289792311042767">
        <ele>0</ele>
      </trkpt>
      <trkpt lat="44.87358297631674" lon="14.289893037807877">
        <ele>0</ele>
      </trkpt>
      <trkpt lat="44.87313902095308" lon="14.289993764572989">
        <ele>0</ele>
      </trkpt>
      <trkpt lat="44.872695065589426" lon="14.290094491338099">
        <ele>0</ele>
      </trkpt>
      <trkpt lat="44.872251110225776" lon="14.29019521810321">
        <ele>0</ele>
      </trkpt>
      <trkpt lat="44.87180715486212" lon="14.29029594486832">
        <ele>0</ele>
      </trkpt>
      <trkpt lat="44.87136319949846" lon="14.290396671633433">
        <ele>0</ele>
      </trkpt>
      <trkpt lat="44.870919244134804" lon="14.290497398398543">
        <ele>0</ele>
      </trkpt>
      <trkpt lat="44.870475288771146" lon="14.290598125163655">
        <ele>0</ele>
      </trkpt>
      <trkpt lat="44.87003133340749" lon="14.290698851928767">
        <ele>0</ele>
      </trkpt>
      <trkpt lat="44.86958737804383" lon="14.290799578693877">
        <ele>0</ele>
      </trkpt>
      <trkpt lat="44.86914342268018" lon="14.290900305458988">
        <ele>0</ele>
      </trkpt>
      <trkpt lat="44.868699467316524" lon="14.291001032224099">
        <ele>0</ele>
      </trkpt>
      <trkpt lat="44.86825551195287" lon="14.29110175898921">
        <ele>0</ele>
      </trkpt>
      <trkpt lat="44.86781155658921" lon="14.29120248575432">
        <ele>0</ele>
      </trkpt>
      <trkpt lat="44.86736760122555" lon="14.291303212519432">
        <ele>0</ele>
      </trkpt>
      <trkpt lat="44.866923645861895" lon="14.291403939284542">
        <ele>0</ele>
      </trkpt>
      <trkpt lat="44.866479690498245" lon="14.291504666049654">
        <ele>0</ele>
      </trkpt>
      <trkpt lat="44.86603573513459" lon="14.291605392814764">
        <ele>0</ele>
      </trkpt>
      <trkpt lat="44.86559177977093" lon="14.291706119579876">
        <ele>0</ele>
      </trkpt>
      <trkpt lat="44.86514782440727" lon="14.291806846344986">
        <ele>0</ele>
      </trkpt>
      <trkpt lat="44.864703869043616" lon="14.291907573110098">
        <ele>0</ele>
      </trkpt>
      <trkpt lat="44.86425991367996" lon="14.292008299875208">
        <ele>0</ele>
      </trkpt>
      <trkpt lat="44.8638159583163" lon="14.29210902664032">
        <ele>0</ele>
      </trkpt>
      <trkpt lat="44.86337200295265" lon="14.29220975340543">
        <ele>0</ele>
      </trkpt>
      <trkpt lat="44.862928047588994" lon="14.292310480170542">
        <ele>0</ele>
      </trkpt>
      <trkpt lat="44.86248409222534" lon="14.292411206935654">
        <ele>0</ele>
      </trkpt>
      <trkpt lat="44.86204013686168" lon="14.292511933700764">
        <ele>0</ele>
      </trkpt>
      <trkpt lat="44.86159618149802" lon="14.292612660465876">
        <ele>0</ele>
      </trkpt>
      <trkpt lat="44.861152226134365" lon="14.292713387230986">
        <ele>0</ele>
      </trkpt>
      <trkpt lat="44.86070827077071" lon="14.292814113996098">
        <ele>0</ele>
      </trkpt>
      <trkpt lat="44.86026431540706" lon="14.292914840761208">
        <ele>0</ele>
      </trkpt>
      <trkpt lat="44.8598203600434" lon="14.29301556752632">
        <ele>0</ele>
      </trkpt>
      <trkpt lat="44.85937640467974" lon="14.29311629429143">
        <ele>0</ele>
      </trkpt>
      <trkpt lat="44.858932449316086" lon="14.293217021056542">
        <ele>0</ele>
      </trkpt>
      <trkpt lat="44.85848849395243" lon="14.293317747821652">
        <ele>0</ele>
      </trkpt>
      <trkpt lat="44.85804453858877" lon="14.293418474586764">
        <ele>0</ele>
      </trkpt>
      <trkpt lat="44.85760058322512" lon="14.293519201351874">
        <ele>0</ele>
      </trkpt>
      <trkpt lat="44.857156627861464" lon="14.293619928116986">
        <ele>0</ele>
      </trkpt>
      <trkpt lat="44.85671267249781" lon="14.293720654882096">
        <ele>0</ele>
      </trkpt>
      <trkpt lat="44.85626871713415" lon="14.293821381647208">
        <ele>0</ele>
      </trkpt>
      <trkpt lat="44.85582476177049" lon="14.293922108412318">
        <ele>0</ele>
      </trkpt>
      <trkpt lat="44.855380806406835" lon="14.29402283517743">
        <ele>0</ele>
      </trkpt>
      <trkpt lat="44.85493685104318" lon="14.294123561942541">
        <ele>0</ele>
      </trkpt>
      <trkpt lat="44.85449289567953" lon="14.294224288707651">
        <ele>0</ele>
      </trkpt>
      <trkpt lat="44.85404894031587" lon="14.294325015472763">
        <ele>0</ele>
      </trkpt>
      <trkpt lat="44.85360498495221" lon="14.294425742237873">
        <ele>0</ele>
      </trkpt>
      <trkpt lat="44.853161029588556" lon="14.294526469002985">
        <ele>0</ele>
      </trkpt>
      <trkpt lat="44.8527170742249" lon="14.294627195768095">
        <ele>0</ele>
      </trkpt>
      <trkpt lat="44.85227311886124" lon="14.294727922533207">
        <ele>0</ele>
      </trkpt>
      <trkpt lat="44.851829163497584" lon="14.294828649298317">
        <ele>0</ele>
      </trkpt>
      <trkpt lat="44.851385208133934" lon="14.294929376063429">
        <ele>0</ele>
      </trkpt>
      <trkpt lat="44.850941252770276" lon="14.29503010282854">
        <ele>0</ele>
      </trkpt>
      <trkpt lat="44.85049729740662" lon="14.295130829593651">
        <ele>0</ele>
      </trkpt>
      <trkpt lat="44.85005334204296" lon="14.295231556358761">
        <ele>0</ele>
      </trkpt>
      <trkpt lat="44.849609386679305" lon="14.295332283123873">
        <ele>0</ele>
      </trkpt>
      <trkpt lat="44.84916543131565" lon="14.295433009888983">
        <ele>0</ele>
      </trkpt>
      <trkpt lat="44.848721475952" lon="14.295533736654095">
        <ele>0</ele>
      </trkpt>
      <trkpt lat="44.84827752058834" lon="14.295634463419205">
        <ele>0</ele>
      </trkpt>
      <trkpt lat="44.84783356522468" lon="14.295735190184317">
        <ele>0</ele>
      </trkpt>
      <trkpt lat="44.847389609861025" lon="14.295835916949427">
        <ele>0</ele>
      </trkpt>
      <trkpt lat="44.84694565449737" lon="14.295936643714539">
        <ele>0</ele>
      </trkpt>
      <trkpt lat="44.84650169913371" lon="14.29603737047965">
        <ele>0</ele>
      </trkpt>
      <trkpt lat="44.846057743770054" lon="14.29613809724476">
        <ele>0</ele>
      </trkpt>
      <trkpt lat="44.8456137884064" lon="14.296238824009873">
        <ele>0</ele>
      </trkpt>
      <trkpt lat="44.845169833042746" lon="14.296339550774983">
        <ele>0</ele>
      </trkpt>
      <trkpt lat="44.84472587767909" lon="14.296440277540094">
        <ele>0</ele>
      </trkpt>
      <trkpt lat="44.84428192231543" lon="14.296541004305205">
        <ele>0</ele>
      </trkpt>
      <trkpt lat="44.843837966951774" lon="14.296641731070316">
        <ele>0</ele>
      </trkpt>
      <trkpt lat="44.84339401158812" lon="14.296742457835427">
        <ele>0</ele>
      </trkpt>
      <trkpt lat="44.84295005622446" lon="14.296843184600538">
        <ele>0</ele>
      </trkpt>
      <trkpt lat="44.84250610086081" lon="14.296943911365648">
        <ele>0</ele>
      </trkpt>
      <trkpt lat="44.84206214549715" lon="14.29704463813076">
        <ele>0</ele>
      </trkpt>
      <trkpt lat="44.841618190133495" lon="14.29714536489587">
        <ele>0</ele>
      </trkpt>
      <trkpt lat="44.84117423476984" lon="14.297246091660982">
        <ele>0</ele>
      </trkpt>
      <trkpt lat="44.84073027940618" lon="14.297346818426092">
        <ele>0</ele>
      </trkpt>
      <trkpt lat="44.84028632404252" lon="14.297447545191204">
        <ele>0</ele>
      </trkpt>
      <trkpt lat="44.83984236867887" lon="14.297548271956314">
        <ele>0</ele>
      </trkpt>
      <trkpt lat="44.839398413315216" lon="14.297648998721426">
        <ele>0</ele>
      </trkpt>
      <trkpt lat="44.83895445795156" lon="14.297749725486538">
        <ele>0</ele>
      </trkpt>
      <trkpt lat="44.8385105025879" lon="14.297850452251648">
        <ele>0</ele>
      </trkpt>
      <trkpt lat="44.838066547224244" lon="14.29795117901676">
        <ele>0</ele>
      </trkpt>
      <trkpt lat="44.83762259186059" lon="14.29805190578187">
        <ele>0</ele>
      </trkpt>
      <trkpt lat="44.83717863649693" lon="14.298152632546982">
        <ele>0</ele>
      </trkpt>
      <trkpt lat="44.83673468113328" lon="14.298253359312092">
        <ele>0</ele>
      </trkpt>
      <trkpt lat="44.83629072576962" lon="14.298354086077204">
        <ele>0</ele>
      </trkpt>
      <trkpt lat="44.835846770405965" lon="14.298454812842314">
        <ele>0</ele>
      </trkpt>
      <trkpt lat="44.83540281504231" lon="14.298555539607426">
        <ele>0</ele>
      </trkpt>
      <trkpt lat="44.83495885967865" lon="14.298656266372536">
        <ele>0</ele>
      </trkpt>
      <trkpt lat="44.83451490431499" lon="14.298756993137648">
        <ele>0</ele>
      </trkpt>
      <trkpt lat="44.834070948951336" lon="14.298857719902758">
        <ele>0</ele>
      </trkpt>
      <trkpt lat="44.833626993587686" lon="14.29895844666787">
        <ele>0</ele>
      </trkpt>
      <trkpt lat="44.83318303822403" lon="14.29905917343298">
        <ele>0</ele>
      </trkpt>
      <trkpt lat="44.83273908286037" lon="14.299159900198092">
        <ele>0</ele>
      </trkpt>
      <trkpt lat="44.832295127496714" lon="14.299260626963202">
        <ele>0</ele>
      </trkpt>
      <trkpt lat="44.83185117213306" lon="14.299361353728314">
        <ele>0</ele>
      </trkpt>
      <trkpt lat="44.8314072167694" lon="14.299462080493425">
        <ele>0</ele>
      </trkpt>
      <trkpt lat="44.83096326140575" lon="14.299562807258535">
        <ele>0</ele>
      </trkpt>
      <trkpt lat="44.83051930604209" lon="14.299663534023647">
        <ele>0</ele>
      </trkpt>
      <trkpt lat="44.830075350678435" lon="14.299764260788757">
        <ele>0</ele>
      </trkpt>
      <trkpt lat="44.82963139531478" lon="14.29986498755387">
        <ele>0</ele>
      </trkpt>
      <trkpt lat="44.82918743995112" lon="14.29996571431898">
        <ele>0</ele>
      </trkpt>
      <trkpt lat="44.82874348458746" lon="14.300066441084091">
        <ele>0</ele>
      </trkpt>
      <trkpt lat="44.828299529223806" lon="14.300167167849201">
        <ele>0</ele>
      </trkpt>
      <trkpt lat="44.827855573860155" lon="14.300267894614313">
        <ele>0</ele>
      </trkpt>
      <trkpt lat="44.8274116184965" lon="14.300368621379423">
        <ele>0</ele>
      </trkpt>
      <trkpt lat="44.82696766313284" lon="14.300469348144535">
        <ele>0</ele>
      </trkpt>
      <trkpt lat="44.826523707769184" lon="14.300570074909645">
        <ele>0</ele>
      </trkpt>
      <trkpt lat="44.826079752405526" lon="14.300670801674757">
        <ele>0</ele>
      </trkpt>
      <trkpt lat="44.82563579704187" lon="14.300771528439867">
        <ele>0</ele>
      </trkpt>
      <trkpt lat="44.82519184167821" lon="14.300872255204979">
        <ele>0</ele>
      </trkpt>
      <trkpt lat="44.82474788631456" lon="14.300972981970089">
        <ele>0</ele>
      </trkpt>
      <trkpt lat="44.824303930950904" lon="14.301073708735201">
        <ele>0</ele>
      </trkpt>
      <trkpt lat="44.82385997558725" lon="14.301174435500313">
        <ele>0</ele>
      </trkpt>
      <trkpt lat="44.82341602022359" lon="14.301275162265423">
        <ele>0</ele>
      </trkpt>
      <trkpt lat="44.82297206485993" lon="14.301375889030535">
        <ele>0</ele>
      </trkpt>
      <trkpt lat="44.822528109496275" lon="14.301476615795645">
        <ele>0</ele>
      </trkpt>
      <trkpt lat="44.822084154132625" lon="14.301577342560757">
        <ele>0</ele>
      </trkpt>
      <trkpt lat="44.82164019876897" lon="14.301678069325867">
        <ele>0</ele>
      </trkpt>
      <trkpt lat="44.82119624340531" lon="14.301778796090979">
        <ele>0</ele>
      </trkpt>
      <trkpt lat="44.82075228804165" lon="14.301879522856089">
        <ele>0</ele>
      </trkpt>
      <trkpt lat="44.820308332677996" lon="14.3019802496212">
        <ele>0</ele>
      </trkpt>
      <trkpt lat="44.81986437731434" lon="14.30208097638631">
        <ele>0</ele>
      </trkpt>
      <trkpt lat="44.81942042195068" lon="14.302181703151422">
        <ele>0</ele>
      </trkpt>
      <trkpt lat="44.81897646658703" lon="14.302282429916533">
        <ele>0</ele>
      </trkpt>
      <trkpt lat="44.818532511223374" lon="14.302383156681644">
        <ele>0</ele>
      </trkpt>
      <trkpt lat="44.81808855585972" lon="14.302483883446754">
        <ele>0</ele>
      </trkpt>
      <trkpt lat="44.81764460049606" lon="14.302584610211866">
        <ele>0</ele>
      </trkpt>
      <trkpt lat="44.817232001087376" lon="14.302678222784493">
        <ele>0</ele>
      </trkpt>
      <trkpt lat="44.81681850209759" lon="14.302927256546429">
        <ele>0</ele>
      </trkpt>
      <trkpt lat="44.8164050031078" lon="14.303176290308363">
        <ele>0</ele>
      </trkpt>
      <trkpt lat="44.81599150411802" lon="14.303425324070298">
        <ele>0</ele>
      </trkpt>
      <trkpt lat="44.81557800512823" lon="14.303674357832234">
        <ele>0</ele>
      </trkpt>
      <trkpt lat="44.815164506138444" lon="14.30392339159417">
        <ele>0</ele>
      </trkpt>
      <trkpt lat="44.81475100714866" lon="14.304172425356104">
        <ele>0</ele>
      </trkpt>
      <trkpt lat="44.81433750815887" lon="14.30442145911804">
        <ele>0</ele>
      </trkpt>
      <trkpt lat="44.813924009169085" lon="14.304670492879975">
        <ele>0</ele>
      </trkpt>
      <trkpt lat="44.8135105101793" lon="14.30491952664191">
        <ele>0</ele>
      </trkpt>
      <trkpt lat="44.81309701118951" lon="14.305168560403844">
        <ele>0</ele>
      </trkpt>
      <trkpt lat="44.812683512199726" lon="14.30541759416578">
        <ele>0</ele>
      </trkpt>
      <trkpt lat="44.81227001320994" lon="14.305666627927716">
        <ele>0</ele>
      </trkpt>
      <trkpt lat="44.81185651422016" lon="14.305915661689651">
        <ele>0</ele>
      </trkpt>
      <trkpt lat="44.811443015230374" lon="14.306164695451585">
        <ele>0</ele>
      </trkpt>
      <trkpt lat="44.81102951624059" lon="14.30641372921352">
        <ele>0</ele>
      </trkpt>
      <trkpt lat="44.8106160172508" lon="14.306662762975456">
        <ele>0</ele>
      </trkpt>
      <trkpt lat="44.810202518261015" lon="14.306911796737392">
        <ele>0</ele>
      </trkpt>
      <trkpt lat="44.80978901927123" lon="14.307160830499326">
        <ele>0</ele>
      </trkpt>
      <trkpt lat="44.80937552028144" lon="14.307409864261261">
        <ele>0</ele>
      </trkpt>
      <trkpt lat="44.808962021291656" lon="14.307658898023197">
        <ele>0</ele>
      </trkpt>
      <trkpt lat="44.80854852230187" lon="14.307907931785133">
        <ele>0</ele>
      </trkpt>
      <trkpt lat="44.80813502331208" lon="14.308156965547067">
        <ele>0</ele>
      </trkpt>
      <trkpt lat="44.8077215243223" lon="14.308405999309002">
        <ele>0</ele>
      </trkpt>
      <trkpt lat="44.80730802533251" lon="14.308655033070938">
        <ele>0</ele>
      </trkpt>
      <trkpt lat="44.806894526342724" lon="14.308904066832874">
        <ele>0</ele>
      </trkpt>
      <trkpt lat="44.80648102735294" lon="14.309153100594807">
        <ele>0</ele>
      </trkpt>
      <trkpt lat="44.80606752836315" lon="14.309402134356743">
        <ele>0</ele>
      </trkpt>
      <trkpt lat="44.80590850117056" lon="14.309497910020042">
        <ele>0</ele>
      </trkpt>
      <trkpt lat="44.8059132254456" lon="14.310131648837798">
        <ele>0</ele>
      </trkpt>
      <trkpt lat="44.805917949720644" lon="14.310765387655552">
        <ele>0</ele>
      </trkpt>
      <trkpt lat="44.80592267399568" lon="14.311399126473308">
        <ele>0</ele>
      </trkpt>
      <trkpt lat="44.80592739827072" lon="14.312032865291062">
        <ele>0</ele>
      </trkpt>
      <trkpt lat="44.805932122545755" lon="14.312666604108818">
        <ele>0</ele>
      </trkpt>
      <trkpt lat="44.8059368468208" lon="14.313300342926574">
        <ele>0</ele>
      </trkpt>
      <trkpt lat="44.805941571095836" lon="14.313934081744328">
        <ele>0</ele>
      </trkpt>
      <trkpt lat="44.80594629537087" lon="14.314567820562084">
        <ele>0</ele>
      </trkpt>
      <trkpt lat="44.80595101964591" lon="14.315201559379839">
        <ele>0</ele>
      </trkpt>
      <trkpt lat="44.805955743920954" lon="14.315835298197594">
        <ele>0</ele>
      </trkpt>
      <trkpt lat="44.80596046819599" lon="14.31646903701535">
        <ele>0</ele>
      </trkpt>
      <trkpt lat="44.80596519247103" lon="14.317102775833105">
        <ele>0</ele>
      </trkpt>
      <trkpt lat="44.80596991674607" lon="14.31773651465086">
        <ele>0</ele>
      </trkpt>
      <trkpt lat="44.80597464102111" lon="14.318370253468615">
        <ele>0</ele>
      </trkpt>
      <trkpt lat="44.805979365296146" lon="14.31900399228637">
        <ele>0</ele>
      </trkpt>
      <trkpt lat="44.80598408957118" lon="14.319637731104127">
        <ele>0</ele>
      </trkpt>
      <trkpt lat="44.80598881384623" lon="14.320271469921881">
        <ele>0</ele>
      </trkpt>
      <trkpt lat="44.805993538121264" lon="14.320905208739637">
        <ele>0</ele>
      </trkpt>
      <trkpt lat="44.8059982623963" lon="14.321538947557391">
        <ele>0</ele>
      </trkpt>
      <trkpt lat="44.80600298667134" lon="14.322172686375147">
        <ele>0</ele>
      </trkpt>
      <trkpt lat="44.80600771094638" lon="14.322806425192903">
        <ele>0</ele>
      </trkpt>
      <trkpt lat="44.80601243522142" lon="14.323440164010657">
        <ele>0</ele>
      </trkpt>
      <trkpt lat="44.806017159496456" lon="14.324073902828413">
        <ele>0</ele>
      </trkpt>
      <trkpt lat="44.8060218837715" lon="14.324707641646167">
        <ele>0</ele>
      </trkpt>
      <trkpt lat="44.80602660804654" lon="14.325341380463923">
        <ele>0</ele>
      </trkpt>
      <trkpt lat="44.806031332321574" lon="14.32597511928168">
        <ele>0</ele>
      </trkpt>
      <trkpt lat="44.80603605659661" lon="14.326608858099434">
        <ele>0</ele>
      </trkpt>
      <trkpt lat="44.806040780871655" lon="14.32724259691719">
        <ele>0</ele>
      </trkpt>
      <trkpt lat="44.80604550514669" lon="14.327876335734944">
        <ele>0</ele>
      </trkpt>
      <trkpt lat="44.80605022942173" lon="14.3285100745527">
        <ele>0</ele>
      </trkpt>
      <trkpt lat="44.806054953696766" lon="14.329143813370456">
        <ele>0</ele>
      </trkpt>
      <trkpt lat="44.80605967797181" lon="14.32977755218821">
        <ele>0</ele>
      </trkpt>
      <trkpt lat="44.80606440224685" lon="14.330411291005966">
        <ele>0</ele>
      </trkpt>
      <trkpt lat="44.806069126521884" lon="14.33104502982372">
        <ele>0</ele>
      </trkpt>
      <trkpt lat="44.80607385079693" lon="14.331678768641476">
        <ele>0</ele>
      </trkpt>
      <trkpt lat="44.806078575071965" lon="14.332312507459232">
        <ele>0</ele>
      </trkpt>
      <trkpt lat="44.806083299347" lon="14.332946246276986">
        <ele>0</ele>
      </trkpt>
      <trkpt lat="44.80608802362204" lon="14.333579985094742">
        <ele>0</ele>
      </trkpt>
      <trkpt lat="44.80609274789708" lon="14.334213723912496">
        <ele>0</ele>
      </trkpt>
      <trkpt lat="44.80609747217212" lon="14.334847462730252">
        <ele>0</ele>
      </trkpt>
      <trkpt lat="44.806102196447156" lon="14.335481201548008">
        <ele>0</ele>
      </trkpt>
      <trkpt lat="44.80610692072219" lon="14.336114940365762">
        <ele>0</ele>
      </trkpt>
      <trkpt lat="44.80611164499724" lon="14.336748679183518">
        <ele>0</ele>
      </trkpt>
      <trkpt lat="44.806116369272274" lon="14.337382418001273">
        <ele>0</ele>
      </trkpt>
      <trkpt lat="44.80612109354731" lon="14.338016156819029">
        <ele>0</ele>
      </trkpt>
      <trkpt lat="44.806125817822355" lon="14.338649895636784">
        <ele>0</ele>
      </trkpt>
      <trkpt lat="44.80613054209739" lon="14.339283634454539">
        <ele>0</ele>
      </trkpt>
      <trkpt lat="44.80613526637243" lon="14.339917373272295">
        <ele>0</ele>
      </trkpt>
      <trkpt lat="44.806139990647466" lon="14.340551112090049">
        <ele>0</ele>
      </trkpt>
      <trkpt lat="44.80614471492251" lon="14.341184850907805">
        <ele>0</ele>
      </trkpt>
      <trkpt lat="44.80614943919755" lon="14.341818589725559">
        <ele>0</ele>
      </trkpt>
      <trkpt lat="44.806154163472584" lon="14.342452328543315">
        <ele>0</ele>
      </trkpt>
      <trkpt lat="44.80615888774762" lon="14.343086067361071">
        <ele>0</ele>
      </trkpt>
      <trkpt lat="44.806163612022665" lon="14.343719806178825">
        <ele>0</ele>
      </trkpt>
      <trkpt lat="44.8061683362977" lon="14.344353544996581">
        <ele>0</ele>
      </trkpt>
      <trkpt lat="44.80617306057274" lon="14.344987283814335">
        <ele>0</ele>
      </trkpt>
      <trkpt lat="44.80617778484778" lon="14.345621022632091">
        <ele>0</ele>
      </trkpt>
      <trkpt lat="44.80618250912282" lon="14.346254761449847">
        <ele>0</ele>
      </trkpt>
      <trkpt lat="44.80618723339786" lon="14.346888500267601">
        <ele>0</ele>
      </trkpt>
      <trkpt lat="44.80619062581721" lon="14.347343577038373">
        <ele>0</ele>
      </trkpt>
      <trkpt lat="44.80654468348936" lon="14.347734292359966">
        <ele>0</ele>
      </trkpt>
      <trkpt lat="44.80689874116151" lon="14.348125007681558">
        <ele>0</ele>
      </trkpt>
      <trkpt lat="44.807252798833666" lon="14.348515723003151">
        <ele>0</ele>
      </trkpt>
      <trkpt lat="44.807606856505814" lon="14.348906438324745">
        <ele>0</ele>
      </trkpt>
      <trkpt lat="44.80796091417797" lon="14.349297153646338">
        <ele>0</ele>
      </trkpt>
      <trkpt lat="44.808314971850116" lon="14.34968786896793">
        <ele>0</ele>
      </trkpt>
      <trkpt lat="44.80866902952227" lon="14.350078584289523">
        <ele>0</ele>
      </trkpt>
      <trkpt lat="44.80902308719442" lon="14.350469299611117">
        <ele>0</ele>
      </trkpt>
      <trkpt lat="44.80937714486657" lon="14.350860014932708">
        <ele>0</ele>
      </trkpt>
      <trkpt lat="44.80973120253872" lon="14.351250730254302">
        <ele>0</ele>
      </trkpt>
      <trkpt lat="44.810085260210876" lon="14.351641445575895">
        <ele>0</ele>
      </trkpt>
      <trkpt lat="44.810439317883024" lon="14.352032160897489">
        <ele>0</ele>
      </trkpt>
      <trkpt lat="44.81079337555518" lon="14.35242287621908">
        <ele>0</ele>
      </trkpt>
      <trkpt lat="44.811147433227326" lon="14.352813591540674">
        <ele>0</ele>
      </trkpt>
      <trkpt lat="44.81150149089948" lon="14.353204306862267">
        <ele>0</ele>
      </trkpt>
      <trkpt lat="44.811855548571636" lon="14.353595022183859">
        <ele>0</ele>
      </trkpt>
      <trkpt lat="44.81220960624378" lon="14.353985737505452">
        <ele>0</ele>
      </trkpt>
      <trkpt lat="44.81232150308347" lon="14.354109219675564">
        <ele>0</ele>
      </trkpt>
      <trkpt lat="44.81276289643812" lon="14.35398823400716">
        <ele>0</ele>
      </trkpt>
      <trkpt lat="44.81320428979277" lon="14.353867248338753">
        <ele>0</ele>
      </trkpt>
      <trkpt lat="44.81364568314743" lon="14.353746262670349">
        <ele>0</ele>
      </trkpt>
      <trkpt lat="44.814087076502084" lon="14.353625277001944">
        <ele>0</ele>
      </trkpt>
      <trkpt lat="44.81452846985673" lon="14.35350429133354">
        <ele>0</ele>
      </trkpt>
      <trkpt lat="44.81496986321139" lon="14.353383305665133">
        <ele>0</ele>
      </trkpt>
      <trkpt lat="44.815411256566044" lon="14.353262319996729">
        <ele>0</ele>
      </trkpt>
      <trkpt lat="44.81585264992069" lon="14.353141334328324">
        <ele>0</ele>
      </trkpt>
      <trkpt lat="44.81629404327535" lon="14.35302034865992">
        <ele>0</ele>
      </trkpt>
      <trkpt lat="44.816445829242525" lon="14.352978744212322">
        <ele>0</ele>
      </trkpt>
      <trkpt lat="44.816061465332965" lon="14.352649779327281">
        <ele>0</ele>
      </trkpt>
      <trkpt lat="44.815677101423404" lon="14.352320814442242">
        <ele>0</ele>
      </trkpt>
      <trkpt lat="44.81529273751384" lon="14.351991849557201">
        <ele>0</ele>
      </trkpt>
      <trkpt lat="44.81490837360428" lon="14.351662884672162">
        <ele>0</ele>
      </trkpt>
      <trkpt lat="44.814524009694715" lon="14.351333919787121">
        <ele>0</ele>
      </trkpt>
      <trkpt lat="44.814139645785154" lon="14.351004954902082">
        <ele>0</ele>
      </trkpt>
      <trkpt lat="44.81375528187559" lon="14.350675990017042">
        <ele>0</ele>
      </trkpt>
      <trkpt lat="44.81337091796603" lon="14.350347025132002">
        <ele>0</ele>
      </trkpt>
      <trkpt lat="44.81323804549842" lon="14.350233303799314">
        <ele>0</ele>
      </trkpt>
      <trkpt lat="44.81279137358521" lon="14.350160371356713">
        <ele>0</ele>
      </trkpt>
      <trkpt lat="44.812344701672004" lon="14.35008743891411">
        <ele>0</ele>
      </trkpt>
      <trkpt lat="44.811898029758794" lon="14.35001450647151">
        <ele>0</ele>
      </trkpt>
      <trkpt lat="44.81145135784558" lon="14.349941574028907">
        <ele>0</ele>
      </trkpt>
      <trkpt lat="44.81100468593237" lon="14.349868641586307">
        <ele>0</ele>
      </trkpt>
      <trkpt lat="44.81055801401916" lon="14.349795709143704">
        <ele>0</ele>
      </trkpt>
      <trkpt lat="44.81011134210595" lon="14.349722776701103">
        <ele>0</ele>
      </trkpt>
      <trkpt lat="44.80966467019274" lon="14.3496498442585">
        <ele>0</ele>
      </trkpt>
      <trkpt lat="44.80921799827953" lon="14.3495769118159">
        <ele>0</ele>
      </trkpt>
      <trkpt lat="44.80877132636632" lon="14.349503979373297">
        <ele>0</ele>
      </trkpt>
      <trkpt lat="44.8083246544531" lon="14.349431046930697">
        <ele>0</ele>
      </trkpt>
      <trkpt lat="44.80787798253989" lon="14.349358114488096">
        <ele>0</ele>
      </trkpt>
      <trkpt lat="44.80743131062668" lon="14.349285182045493">
        <ele>0</ele>
      </trkpt>
      <trkpt lat="44.80698463871347" lon="14.349212249602893">
        <ele>0</ele>
      </trkpt>
      <trkpt lat="44.80653796680026" lon="14.34913931716029">
        <ele>0</ele>
      </trkpt>
      <trkpt lat="44.806091294887054" lon="14.34906638471769">
        <ele>0</ele>
      </trkpt>
      <trkpt lat="44.805644622973844" lon="14.348993452275087">
        <ele>0</ele>
      </trkpt>
      <trkpt lat="44.80519795106063" lon="14.348920519832486">
        <ele>0</ele>
      </trkpt>
      <trkpt lat="44.80475127914742" lon="14.348847587389884">
        <ele>0</ele>
      </trkpt>
      <trkpt lat="44.80430460723421" lon="14.348774654947283">
        <ele>0</ele>
      </trkpt>
      <trkpt lat="44.803857935321" lon="14.348701722504682">
        <ele>0</ele>
      </trkpt>
      <trkpt lat="44.80341126340779" lon="14.34862879006208">
        <ele>0</ele>
      </trkpt>
      <trkpt lat="44.80296459149458" lon="14.348555857619479">
        <ele>0</ele>
      </trkpt>
      <trkpt lat="44.80251791958137" lon="14.348482925176876">
        <ele>0</ele>
      </trkpt>
      <trkpt lat="44.80207124766815" lon="14.348409992734275">
        <ele>0</ele>
      </trkpt>
      <trkpt lat="44.80162457575494" lon="14.348337060291673">
        <ele>0</ele>
      </trkpt>
      <trkpt lat="44.80117790384173" lon="14.348264127849072">
        <ele>0</ele>
      </trkpt>
      <trkpt lat="44.80073123192852" lon="14.34819119540647">
        <ele>0</ele>
      </trkpt>
      <trkpt lat="44.800284560015314" lon="14.348118262963869">
        <ele>0</ele>
      </trkpt>
      <trkpt lat="44.799837888102104" lon="14.348045330521266">
        <ele>0</ele>
      </trkpt>
      <trkpt lat="44.799391216188894" lon="14.347972398078666">
        <ele>0</ele>
      </trkpt>
      <trkpt lat="44.79894454427568" lon="14.347899465636065">
        <ele>0</ele>
      </trkpt>
      <trkpt lat="44.79849787236247" lon="14.347826533193462">
        <ele>0</ele>
      </trkpt>
      <trkpt lat="44.79805120044926" lon="14.347753600750861">
        <ele>0</ele>
      </trkpt>
      <trkpt lat="44.79760452853605" lon="14.347680668308259">
        <ele>0</ele>
      </trkpt>
      <trkpt lat="44.79715785662284" lon="14.347607735865658">
        <ele>0</ele>
      </trkpt>
      <trkpt lat="44.79671118470963" lon="14.347534803423056">
        <ele>0</ele>
      </trkpt>
      <trkpt lat="44.79626451279642" lon="14.347461870980455">
        <ele>0</ele>
      </trkpt>
      <trkpt lat="44.7958178408832" lon="14.347388938537852">
        <ele>0</ele>
      </trkpt>
      <trkpt lat="44.79537116896999" lon="14.347316006095252">
        <ele>0</ele>
      </trkpt>
      <trkpt lat="44.79492449705678" lon="14.347243073652649">
        <ele>0</ele>
      </trkpt>
      <trkpt lat="44.794477825143574" lon="14.347170141210048">
        <ele>0</ele>
      </trkpt>
      <trkpt lat="44.794031153230364" lon="14.347097208767448">
        <ele>0</ele>
      </trkpt>
      <trkpt lat="44.793584481317154" lon="14.347024276324845">
        <ele>0</ele>
      </trkpt>
      <trkpt lat="44.793137809403945" lon="14.346951343882244">
        <ele>0</ele>
      </trkpt>
      <trkpt lat="44.792691137490735" lon="14.346878411439642">
        <ele>0</ele>
      </trkpt>
      <trkpt lat="44.79224446557752" lon="14.346805478997041">
        <ele>0</ele>
      </trkpt>
      <trkpt lat="44.79179779366431" lon="14.346732546554438">
        <ele>0</ele>
      </trkpt>
      <trkpt lat="44.7913511217511" lon="14.346659614111838">
        <ele>0</ele>
      </trkpt>
      <trkpt lat="44.79090444983789" lon="14.346586681669235">
        <ele>0</ele>
      </trkpt>
      <trkpt lat="44.79045777792468" lon="14.346513749226634">
        <ele>0</ele>
      </trkpt>
      <trkpt lat="44.79001110601147" lon="14.346440816784034">
        <ele>0</ele>
      </trkpt>
      <trkpt lat="44.78956443409826" lon="14.346367884341431">
        <ele>0</ele>
      </trkpt>
      <trkpt lat="44.78911776218504" lon="14.34629495189883">
        <ele>0</ele>
      </trkpt>
      <trkpt lat="44.78867109027183" lon="14.346222019456228">
        <ele>0</ele>
      </trkpt>
      <trkpt lat="44.788224418358624" lon="14.346149087013627">
        <ele>0</ele>
      </trkpt>
      <trkpt lat="44.787777746445414" lon="14.346076154571024">
        <ele>0</ele>
      </trkpt>
      <trkpt lat="44.787331074532204" lon="14.346003222128424">
        <ele>0</ele>
      </trkpt>
      <trkpt lat="44.786884402618995" lon="14.345930289685821">
        <ele>0</ele>
      </trkpt>
      <trkpt lat="44.786437730705785" lon="14.34585735724322">
        <ele>0</ele>
      </trkpt>
      <trkpt lat="44.78599105879257" lon="14.345784424800618">
        <ele>0</ele>
      </trkpt>
      <trkpt lat="44.78554438687936" lon="14.345711492358017">
        <ele>0</ele>
      </trkpt>
      <trkpt lat="44.78509771496615" lon="14.345638559915416">
        <ele>0</ele>
      </trkpt>
      <trkpt lat="44.78465104305294" lon="14.345565627472814">
        <ele>0</ele>
      </trkpt>
      <trkpt lat="44.78420437113973" lon="14.345492695030213">
        <ele>0</ele>
      </trkpt>
      <trkpt lat="44.78375769922652" lon="14.34541976258761">
        <ele>0</ele>
      </trkpt>
      <trkpt lat="44.78331102731331" lon="14.34534683014501">
        <ele>0</ele>
      </trkpt>
      <trkpt lat="44.78286435540009" lon="14.345273897702407">
        <ele>0</ele>
      </trkpt>
      <trkpt lat="44.782417683486884" lon="14.345200965259806">
        <ele>0</ele>
      </trkpt>
      <trkpt lat="44.781971011573674" lon="14.345128032817204">
        <ele>0</ele>
      </trkpt>
      <trkpt lat="44.781524339660464" lon="14.345055100374603">
        <ele>0</ele>
      </trkpt>
      <trkpt lat="44.781077667747255" lon="14.344982167932">
        <ele>0</ele>
      </trkpt>
      <trkpt lat="44.780630995834045" lon="14.3449092354894">
        <ele>0</ele>
      </trkpt>
      <trkpt lat="44.780184323920835" lon="14.3448363030468">
        <ele>0</ele>
      </trkpt>
      <trkpt lat="44.77973765200762" lon="14.344763370604197">
        <ele>0</ele>
      </trkpt>
      <trkpt lat="44.77935812215648" lon="14.344701401095335">
        <ele>0</ele>
      </trkpt>
      <trkpt lat="44.77893040757682" lon="14.344896787911054">
        <ele>0</ele>
      </trkpt>
      <trkpt lat="44.77850269299717" lon="14.345092174726773">
        <ele>0</ele>
      </trkpt>
      <trkpt lat="44.778074978417514" lon="14.345287561542492">
        <ele>0</ele>
      </trkpt>
      <trkpt lat="44.777647263837856" lon="14.345482948358212">
        <ele>0</ele>
      </trkpt>
      <trkpt lat="44.777219549258206" lon="14.34567833517393">
        <ele>0</ele>
      </trkpt>
      <trkpt lat="44.77679183467855" lon="14.34587372198965">
        <ele>0</ele>
      </trkpt>
      <trkpt lat="44.77636412009889" lon="14.346069108805368">
        <ele>0</ele>
      </trkpt>
      <trkpt lat="44.77593640551924" lon="14.346264495621087">
        <ele>0</ele>
      </trkpt>
      <trkpt lat="44.77550869093958" lon="14.346459882436806">
        <ele>0</ele>
      </trkpt>
      <trkpt lat="44.775080976359924" lon="14.346655269252524">
        <ele>0</ele>
      </trkpt>
      <trkpt lat="44.77465326178027" lon="14.346850656068243">
        <ele>0</ele>
      </trkpt>
      <trkpt lat="44.774225547200615" lon="14.347046042883964">
        <ele>0</ele>
      </trkpt>
      <trkpt lat="44.77379783262096" lon="14.347241429699682">
        <ele>0</ele>
      </trkpt>
      <trkpt lat="44.773370118041306" lon="14.347436816515401">
        <ele>0</ele>
      </trkpt>
      <trkpt lat="44.77294240346165" lon="14.34763220333112">
        <ele>0</ele>
      </trkpt>
      <trkpt lat="44.77251468888199" lon="14.347827590146839">
        <ele>0</ele>
      </trkpt>
      <trkpt lat="44.77208697430234" lon="14.348022976962557">
        <ele>0</ele>
      </trkpt>
      <trkpt lat="44.77165925972268" lon="14.348218363778276">
        <ele>0</ele>
      </trkpt>
      <trkpt lat="44.771231545143024" lon="14.348413750593995">
        <ele>0</ele>
      </trkpt>
      <trkpt lat="44.77080383056337" lon="14.348609137409715">
        <ele>0</ele>
      </trkpt>
      <trkpt lat="44.770376115983716" lon="14.348804524225434">
        <ele>0</ele>
      </trkpt>
      <trkpt lat="44.76994840140406" lon="14.348999911041153">
        <ele>0</ele>
      </trkpt>
      <trkpt lat="44.76952068682441" lon="14.349195297856872">
        <ele>0</ele>
      </trkpt>
      <trkpt lat="44.76909297224475" lon="14.34939068467259">
        <ele>0</ele>
      </trkpt>
      <trkpt lat="44.76866525766509" lon="14.349586071488309">
        <ele>0</ele>
      </trkpt>
      <trkpt lat="44.76823754308544" lon="14.349781458304028">
        <ele>0</ele>
      </trkpt>
      <trkpt lat="44.76780982850578" lon="14.349976845119748">
        <ele>0</ele>
      </trkpt>
      <trkpt lat="44.767382113926125" lon="14.350172231935467">
        <ele>0</ele>
      </trkpt>
      <trkpt lat="44.766954399346474" lon="14.350367618751186">
        <ele>0</ele>
      </trkpt>
      <trkpt lat="44.766526684766816" lon="14.350563005566904">
        <ele>0</ele>
      </trkpt>
      <trkpt lat="44.76609897018716" lon="14.350758392382623">
        <ele>0</ele>
      </trkpt>
      <trkpt lat="44.76567125560751" lon="14.350953779198342">
        <ele>0</ele>
      </trkpt>
      <trkpt lat="44.76524354102785" lon="14.35114916601406">
        <ele>0</ele>
      </trkpt>
      <trkpt lat="44.76481582644819" lon="14.35134455282978">
        <ele>0</ele>
      </trkpt>
      <trkpt lat="44.76438811186854" lon="14.3515399396455">
        <ele>0</ele>
      </trkpt>
      <trkpt lat="44.76396039728888" lon="14.351735326461219">
        <ele>0</ele>
      </trkpt>
      <trkpt lat="44.76353268270923" lon="14.351930713276937">
        <ele>0</ele>
      </trkpt>
      <trkpt lat="44.763104968129575" lon="14.352126100092656">
        <ele>0</ele>
      </trkpt>
      <trkpt lat="44.76267725354992" lon="14.352321486908375">
        <ele>0</ele>
      </trkpt>
      <trkpt lat="44.762249538970266" lon="14.352516873724094">
        <ele>0</ele>
      </trkpt>
      <trkpt lat="44.76182182439061" lon="14.352712260539812">
        <ele>0</ele>
      </trkpt>
      <trkpt lat="44.76139410981095" lon="14.352907647355531">
        <ele>0</ele>
      </trkpt>
      <trkpt lat="44.7609663952313" lon="14.353103034171252">
        <ele>0</ele>
      </trkpt>
      <trkpt lat="44.76053868065164" lon="14.35329842098697">
        <ele>0</ele>
      </trkpt>
      <trkpt lat="44.760110966071984" lon="14.353493807802689">
        <ele>0</ele>
      </trkpt>
      <trkpt lat="44.75968325149233" lon="14.353689194618408">
        <ele>0</ele>
      </trkpt>
      <trkpt lat="44.759255536912676" lon="14.353884581434126">
        <ele>0</ele>
      </trkpt>
      <trkpt lat="44.75882782233302" lon="14.354079968249845">
        <ele>0</ele>
      </trkpt>
      <trkpt lat="44.75840010775337" lon="14.354275355065564">
        <ele>0</ele>
      </trkpt>
      <trkpt lat="44.75797239317371" lon="14.354470741881283">
        <ele>0</ele>
      </trkpt>
      <trkpt lat="44.75754467859405" lon="14.354666128697003">
        <ele>0</ele>
      </trkpt>
      <trkpt lat="44.7571169640144" lon="14.354861515512722">
        <ele>0</ele>
      </trkpt>
      <trkpt lat="44.75668924943474" lon="14.35505690232844">
        <ele>0</ele>
      </trkpt>
      <trkpt lat="44.756261534855085" lon="14.35525228914416">
        <ele>0</ele>
      </trkpt>
      <trkpt lat="44.755833820275434" lon="14.355447675959878">
        <ele>0</ele>
      </trkpt>
      <trkpt lat="44.755406105695776" lon="14.355643062775597">
        <ele>0</ele>
      </trkpt>
      <trkpt lat="44.75497839111612" lon="14.355838449591316">
        <ele>0</ele>
      </trkpt>
      <trkpt lat="44.75455067653647" lon="14.356033836407036">
        <ele>0</ele>
      </trkpt>
      <trkpt lat="44.75412296195681" lon="14.356229223222755">
        <ele>0</ele>
      </trkpt>
      <trkpt lat="44.75369524737715" lon="14.356424610038474">
        <ele>0</ele>
      </trkpt>
      <trkpt lat="44.7532675327975" lon="14.356619996854192">
        <ele>0</ele>
      </trkpt>
      <trkpt lat="44.75283981821784" lon="14.356815383669911">
        <ele>0</ele>
      </trkpt>
      <trkpt lat="44.752412103638186" lon="14.35701077048563">
        <ele>0</ele>
      </trkpt>
      <trkpt lat="44.751984389058535" lon="14.357206157301349">
        <ele>0</ele>
      </trkpt>
      <trkpt lat="44.75155667447888" lon="14.357401544117067">
        <ele>0</ele>
      </trkpt>
      <trkpt lat="44.75112895989922" lon="14.357596930932788">
        <ele>0</ele>
      </trkpt>
      <trkpt lat="44.75070124531957" lon="14.357792317748507">
        <ele>0</ele>
      </trkpt>
      <trkpt lat="44.75027353073991" lon="14.357987704564225">
        <ele>0</ele>
      </trkpt>
      <trkpt lat="44.74984581616025" lon="14.358183091379944">
        <ele>0</ele>
      </trkpt>
      <trkpt lat="44.7494181015806" lon="14.358378478195663">
        <ele>0</ele>
      </trkpt>
      <trkpt lat="44.748990387000944" lon="14.358573865011381">
        <ele>0</ele>
      </trkpt>
      <trkpt lat="44.748562672421286" lon="14.3587692518271">
        <ele>0</ele>
      </trkpt>
      <trkpt lat="44.748134957841636" lon="14.358964638642819">
        <ele>0</ele>
      </trkpt>
      <trkpt lat="44.74770724326198" lon="14.35916002545854">
        <ele>0</ele>
      </trkpt>
      <trkpt lat="44.74727952868232" lon="14.359355412274258">
        <ele>0</ele>
      </trkpt>
      <trkpt lat="44.74685181410267" lon="14.359550799089977">
        <ele>0</ele>
      </trkpt>
      <trkpt lat="44.74642409952301" lon="14.359746185905696">
        <ele>0</ele>
      </trkpt>
      <trkpt lat="44.74599638494335" lon="14.359941572721414">
        <ele>0</ele>
      </trkpt>
      <trkpt lat="44.7455686703637" lon="14.360136959537133">
        <ele>0</ele>
      </trkpt>
      <trkpt lat="44.745140955784045" lon="14.360332346352852">
        <ele>0</ele>
      </trkpt>
      <trkpt lat="44.74471324120439" lon="14.360527733168572">
        <ele>0</ele>
      </trkpt>
      <trkpt lat="44.744285526624736" lon="14.360723119984291">
        <ele>0</ele>
      </trkpt>
      <trkpt lat="44.74385781204508" lon="14.36091850680001">
        <ele>0</ele>
      </trkpt>
      <trkpt lat="44.74343009746542" lon="14.361113893615729">
        <ele>0</ele>
      </trkpt>
      <trkpt lat="44.74300238288577" lon="14.361309280431447">
        <ele>0</ele>
      </trkpt>
      <trkpt lat="44.74257466830611" lon="14.361504667247166">
        <ele>0</ele>
      </trkpt>
      <trkpt lat="44.742146953726454" lon="14.361700054062885">
        <ele>0</ele>
      </trkpt>
      <trkpt lat="44.7417192391468" lon="14.361895440878603">
        <ele>0</ele>
      </trkpt>
      <trkpt lat="44.741291524567146" lon="14.362090827694324">
        <ele>0</ele>
      </trkpt>
      <trkpt lat="44.74086380998749" lon="14.362286214510043">
        <ele>0</ele>
      </trkpt>
      <trkpt lat="44.74043609540784" lon="14.362481601325761">
        <ele>0</ele>
      </trkpt>
      <trkpt lat="44.74000838082818" lon="14.36267698814148">
        <ele>0</ele>
      </trkpt>
      <trkpt lat="44.73958066624852" lon="14.362872374957199">
        <ele>0</ele>
      </trkpt>
      <trkpt lat="44.73915295166887" lon="14.363067761772918">
        <ele>0</ele>
      </trkpt>
      <trkpt lat="44.73872523708921" lon="14.363263148588636">
        <ele>0</ele>
      </trkpt>
      <trkpt lat="44.738297522509555" lon="14.363458535404355">
        <ele>0</ele>
      </trkpt>
      <trkpt lat="44.737869807929904" lon="14.363653922220076">
        <ele>0</ele>
      </trkpt>
      <trkpt lat="44.737442093350246" lon="14.363849309035794">
        <ele>0</ele>
      </trkpt>
      <trkpt lat="44.73701437877059" lon="14.364044695851513">
        <ele>0</ele>
      </trkpt>
      <trkpt lat="44.73658666419094" lon="14.364240082667232">
        <ele>0</ele>
      </trkpt>
      <trkpt lat="44.73615894961128" lon="14.36443546948295">
        <ele>0</ele>
      </trkpt>
      <trkpt lat="44.73573123503162" lon="14.36463085629867">
        <ele>0</ele>
      </trkpt>
      <trkpt lat="44.73530352045197" lon="14.364826243114388">
        <ele>0</ele>
      </trkpt>
      <trkpt lat="44.73487580587231" lon="14.365021629930107">
        <ele>0</ele>
      </trkpt>
      <trkpt lat="44.734448091292656" lon="14.365217016745827">
        <ele>0</ele>
      </trkpt>
      <trkpt lat="44.734020376713005" lon="14.365412403561546">
        <ele>0</ele>
      </trkpt>
      <trkpt lat="44.73359266213335" lon="14.365607790377265">
        <ele>0</ele>
      </trkpt>
      <trkpt lat="44.733164947553696" lon="14.365803177192983">
        <ele>0</ele>
      </trkpt>
      <trkpt lat="44.73273723297404" lon="14.365998564008702">
        <ele>0</ele>
      </trkpt>
      <trkpt lat="44.73230951839438" lon="14.366193950824421">
        <ele>0</ele>
      </trkpt>
      <trkpt lat="44.73188180381473" lon="14.36638933764014">
        <ele>0</ele>
      </trkpt>
      <trkpt lat="44.73145408923507" lon="14.36658472445586">
        <ele>0</ele>
      </trkpt>
      <trkpt lat="44.731026374655414" lon="14.366780111271579">
        <ele>0</ele>
      </trkpt>
      <trkpt lat="44.73059866007576" lon="14.366975498087298">
        <ele>0</ele>
      </trkpt>
      <trkpt lat="44.730170945496106" lon="14.367170884903016">
        <ele>0</ele>
      </trkpt>
      <trkpt lat="44.72974323091645" lon="14.367366271718735">
        <ele>0</ele>
      </trkpt>
      <trkpt lat="44.7293155163368" lon="14.367561658534454">
        <ele>0</ele>
      </trkpt>
      <trkpt lat="44.72888780175714" lon="14.367757045350173">
        <ele>0</ele>
      </trkpt>
      <trkpt lat="44.72846008717748" lon="14.367952432165891">
        <ele>0</ele>
      </trkpt>
      <trkpt lat="44.72803237259783" lon="14.368147818981612">
        <ele>0</ele>
      </trkpt>
      <trkpt lat="44.72760465801817" lon="14.36834320579733">
        <ele>0</ele>
      </trkpt>
      <trkpt lat="44.727176943438515" lon="14.36853859261305">
        <ele>0</ele>
      </trkpt>
      <trkpt lat="44.726749228858864" lon="14.368733979428768">
        <ele>0</ele>
      </trkpt>
      <trkpt lat="44.726321514279206" lon="14.368929366244487">
        <ele>0</ele>
      </trkpt>
      <trkpt lat="44.72589379969955" lon="14.369124753060206">
        <ele>0</ele>
      </trkpt>
      <trkpt lat="44.7254660851199" lon="14.369320139875924">
        <ele>0</ele>
      </trkpt>
      <trkpt lat="44.72503837054024" lon="14.369515526691643">
        <ele>0</ele>
      </trkpt>
      <trkpt lat="44.72461065596058" lon="14.369710913507364">
        <ele>0</ele>
      </trkpt>
      <trkpt lat="44.72418294138093" lon="14.369906300323082">
        <ele>0</ele>
      </trkpt>
      <trkpt lat="44.72375522680127" lon="14.370101687138801">
        <ele>0</ele>
      </trkpt>
      <trkpt lat="44.723327512221616" lon="14.37029707395452">
        <ele>0</ele>
      </trkpt>
      <trkpt lat="44.722899797641965" lon="14.370492460770238">
        <ele>0</ele>
      </trkpt>
      <trkpt lat="44.72247208306231" lon="14.370687847585957">
        <ele>0</ele>
      </trkpt>
      <trkpt lat="44.72204436848265" lon="14.370883234401676">
        <ele>0</ele>
      </trkpt>
      <trkpt lat="44.721616653903" lon="14.371078621217395">
        <ele>0</ele>
      </trkpt>
      <trkpt lat="44.72118893932334" lon="14.371274008033115">
        <ele>0</ele>
      </trkpt>
      <trkpt lat="44.72079715417914" lon="14.371452981711855">
        <ele>0</ele>
      </trkpt>
      <trkpt lat="44.72072284831608" lon="14.370828873257809">
        <ele>0</ele>
      </trkpt>
      <trkpt lat="44.72064854245302" lon="14.370204764803761">
        <ele>0</ele>
      </trkpt>
      <trkpt lat="44.720574236589954" lon="14.369580656349715">
        <ele>0</ele>
      </trkpt>
      <trkpt lat="44.720499930726895" lon="14.36895654789567">
        <ele>0</ele>
      </trkpt>
      <trkpt lat="44.720425624863836" lon="14.368332439441621">
        <ele>0</ele>
      </trkpt>
      <trkpt lat="44.72035131900078" lon="14.367708330987575">
        <ele>0</ele>
      </trkpt>
      <trkpt lat="44.72027701313772" lon="14.367084222533528">
        <ele>0</ele>
      </trkpt>
      <trkpt lat="44.72020270727466" lon="14.366460114079482">
        <ele>0</ele>
      </trkpt>
      <trkpt lat="44.72012840141159" lon="14.365836005625436">
        <ele>0</ele>
      </trkpt>
      <trkpt lat="44.720054095548534" lon="14.365211897171388">
        <ele>0</ele>
      </trkpt>
      <trkpt lat="44.719979789685475" lon="14.364587788717342">
        <ele>0</ele>
      </trkpt>
      <trkpt lat="44.719905483822416" lon="14.363963680263296">
        <ele>0</ele>
      </trkpt>
      <trkpt lat="44.71983117795936" lon="14.363339571809249">
        <ele>0</ele>
      </trkpt>
      <trkpt lat="44.7197568720963" lon="14.362715463355203">
        <ele>0</ele>
      </trkpt>
      <trkpt lat="44.71968256623323" lon="14.362091354901155">
        <ele>0</ele>
      </trkpt>
      <trkpt lat="44.71960826037017" lon="14.36146724644711">
        <ele>0</ele>
      </trkpt>
      <trkpt lat="44.71953395450711" lon="14.360843137993063">
        <ele>0</ele>
      </trkpt>
      <trkpt lat="44.719459648644055" lon="14.360219029539016">
        <ele>0</ele>
      </trkpt>
      <trkpt lat="44.719385342780996" lon="14.35959492108497">
        <ele>0</ele>
      </trkpt>
      <trkpt lat="44.71931103691794" lon="14.358970812630924">
        <ele>0</ele>
      </trkpt>
      <trkpt lat="44.71923673105487" lon="14.358346704176876">
        <ele>0</ele>
      </trkpt>
      <trkpt lat="44.71916242519181" lon="14.35772259572283">
        <ele>0</ele>
      </trkpt>
      <trkpt lat="44.71908811932875" lon="14.357098487268782">
        <ele>0</ele>
      </trkpt>
      <trkpt lat="44.71901381346569" lon="14.356474378814736">
        <ele>0</ele>
      </trkpt>
      <trkpt lat="44.718939507602634" lon="14.35585027036069">
        <ele>0</ele>
      </trkpt>
      <trkpt lat="44.71886520173957" lon="14.355226161906643">
        <ele>0</ele>
      </trkpt>
      <trkpt lat="44.71879089587651" lon="14.354602053452597">
        <ele>0</ele>
      </trkpt>
      <trkpt lat="44.71871659001345" lon="14.353977944998551">
        <ele>0</ele>
      </trkpt>
      <trkpt lat="44.71864228415039" lon="14.353353836544503">
        <ele>0</ele>
      </trkpt>
      <trkpt lat="44.71856797828733" lon="14.352729728090457">
        <ele>0</ele>
      </trkpt>
      <trkpt lat="44.71849367242427" lon="14.35210561963641">
        <ele>0</ele>
      </trkpt>
      <trkpt lat="44.71841936656121" lon="14.351481511182364">
        <ele>0</ele>
      </trkpt>
      <trkpt lat="44.71834506069815" lon="14.350857402728318">
        <ele>0</ele>
      </trkpt>
      <trkpt lat="44.71827075483509" lon="14.35023329427427">
        <ele>0</ele>
      </trkpt>
      <trkpt lat="44.71819644897203" lon="14.349609185820224">
        <ele>0</ele>
      </trkpt>
      <trkpt lat="44.71812214310897" lon="14.348985077366178">
        <ele>0</ele>
      </trkpt>
      <trkpt lat="44.71804783724591" lon="14.34836096891213">
        <ele>0</ele>
      </trkpt>
      <trkpt lat="44.717973531382846" lon="14.347736860458085">
        <ele>0</ele>
      </trkpt>
      <trkpt lat="44.71789922551979" lon="14.347112752004037">
        <ele>0</ele>
      </trkpt>
      <trkpt lat="44.71782491965673" lon="14.346488643549991">
        <ele>0</ele>
      </trkpt>
      <trkpt lat="44.71775061379367" lon="14.345864535095945">
        <ele>0</ele>
      </trkpt>
      <trkpt lat="44.71767630793061" lon="14.345240426641897">
        <ele>0</ele>
      </trkpt>
      <trkpt lat="44.717602002067544" lon="14.344616318187851">
        <ele>0</ele>
      </trkpt>
      <trkpt lat="44.717527696204485" lon="14.343992209733806">
        <ele>0</ele>
      </trkpt>
      <trkpt lat="44.717453390341426" lon="14.343368101279758">
        <ele>0</ele>
      </trkpt>
      <trkpt lat="44.71737908447837" lon="14.342743992825712">
        <ele>0</ele>
      </trkpt>
      <trkpt lat="44.71730477861531" lon="14.342119884371664">
        <ele>0</ele>
      </trkpt>
      <trkpt lat="44.71723047275225" lon="14.341495775917618">
        <ele>0</ele>
      </trkpt>
      <trkpt lat="44.71715616688918" lon="14.340871667463572">
        <ele>0</ele>
      </trkpt>
      <trkpt lat="44.717081861026124" lon="14.340247559009525">
        <ele>0</ele>
      </trkpt>
      <trkpt lat="44.717007555163065" lon="14.339623450555479">
        <ele>0</ele>
      </trkpt>
      <trkpt lat="44.716933249300006" lon="14.338999342101433">
        <ele>0</ele>
      </trkpt>
      <trkpt lat="44.71685894343695" lon="14.338375233647385">
        <ele>0</ele>
      </trkpt>
      <trkpt lat="44.71678463757389" lon="14.33775112519334">
        <ele>0</ele>
      </trkpt>
      <trkpt lat="44.71671033171082" lon="14.337127016739291">
        <ele>0</ele>
      </trkpt>
      <trkpt lat="44.71663602584776" lon="14.336502908285246">
        <ele>0</ele>
      </trkpt>
      <trkpt lat="44.7165617199847" lon="14.3358787998312">
        <ele>0</ele>
      </trkpt>
      <trkpt lat="44.716487414121644" lon="14.335254691377152">
        <ele>0</ele>
      </trkpt>
      <trkpt lat="44.716413108258585" lon="14.334630582923106">
        <ele>0</ele>
      </trkpt>
      <trkpt lat="44.716338802395526" lon="14.33400647446906">
        <ele>0</ele>
      </trkpt>
      <trkpt lat="44.71626449653246" lon="14.333382366015012">
        <ele>0</ele>
      </trkpt>
      <trkpt lat="44.7161901906694" lon="14.332758257560966">
        <ele>0</ele>
      </trkpt>
      <trkpt lat="44.71611588480634" lon="14.332134149106919">
        <ele>0</ele>
      </trkpt>
      <trkpt lat="44.71604157894328" lon="14.331510040652873">
        <ele>0</ele>
      </trkpt>
      <trkpt lat="44.715967273080224" lon="14.330885932198827">
        <ele>0</ele>
      </trkpt>
      <trkpt lat="44.71589296721716" lon="14.33026182374478">
        <ele>0</ele>
      </trkpt>
      <trkpt lat="44.7158186613541" lon="14.329637715290733">
        <ele>0</ele>
      </trkpt>
      <trkpt lat="44.71574435549104" lon="14.329013606836687">
        <ele>0</ele>
      </trkpt>
      <trkpt lat="44.71567004962798" lon="14.32838949838264">
        <ele>0</ele>
      </trkpt>
      <trkpt lat="44.71559574376492" lon="14.327765389928594">
        <ele>0</ele>
      </trkpt>
      <trkpt lat="44.71552143790186" lon="14.327141281474546">
        <ele>0</ele>
      </trkpt>
      <trkpt lat="44.7154471320388" lon="14.3265171730205">
        <ele>0</ele>
      </trkpt>
      <trkpt lat="44.71537282617574" lon="14.325893064566454">
        <ele>0</ele>
      </trkpt>
      <trkpt lat="44.71529852031268" lon="14.325268956112406">
        <ele>0</ele>
      </trkpt>
      <trkpt lat="44.71522421444962" lon="14.32464484765836">
        <ele>0</ele>
      </trkpt>
      <trkpt lat="44.715154101635136" lon="14.324055957381688">
        <ele>0</ele>
      </trkpt>
      <trkpt lat="44.714912716412435" lon="14.323522208521561">
        <ele>0</ele>
      </trkpt>
      <trkpt lat="44.71467133118974" lon="14.322988459661437">
        <ele>0</ele>
      </trkpt>
      <trkpt lat="44.71442994596704" lon="14.32245471080131">
        <ele>0</ele>
      </trkpt>
      <trkpt lat="44.71418856074435" lon="14.321920961941183">
        <ele>0</ele>
      </trkpt>
      <trkpt lat="44.713947175521646" lon="14.321387213081056">
        <ele>0</ele>
      </trkpt>
      <trkpt lat="44.71370579029895" lon="14.320853464220932">
        <ele>0</ele>
      </trkpt>
      <trkpt lat="44.71346440507625" lon="14.320319715360805">
        <ele>0</ele>
      </trkpt>
      <trkpt lat="44.71322301985355" lon="14.319785966500678">
        <ele>0</ele>
      </trkpt>
      <trkpt lat="44.71298163463086" lon="14.319252217640551">
        <ele>0</ele>
      </trkpt>
      <trkpt lat="44.71274024940816" lon="14.318718468780427">
        <ele>0</ele>
      </trkpt>
      <trkpt lat="44.71249886418546" lon="14.3181847199203">
        <ele>0</ele>
      </trkpt>
      <trkpt lat="44.71225747896276" lon="14.317650971060173">
        <ele>0</ele>
      </trkpt>
      <trkpt lat="44.71201609374007" lon="14.317117222200046">
        <ele>0</ele>
      </trkpt>
      <trkpt lat="44.71177470851737" lon="14.316583473339922">
        <ele>0</ele>
      </trkpt>
      <trkpt lat="44.711533323294674" lon="14.316049724479795">
        <ele>0</ele>
      </trkpt>
      <trkpt lat="44.71129193807197" lon="14.315515975619668">
        <ele>0</ele>
      </trkpt>
      <trkpt lat="44.71105055284927" lon="14.314982226759541">
        <ele>0</ele>
      </trkpt>
      <trkpt lat="44.71080916762658" lon="14.314448477899417">
        <ele>0</ele>
      </trkpt>
      <trkpt lat="44.71056778240388" lon="14.31391472903929">
        <ele>0</ele>
      </trkpt>
      <trkpt lat="44.710326397181184" lon="14.313380980179163">
        <ele>0</ele>
      </trkpt>
      <trkpt lat="44.71008501195848" lon="14.312847231319036">
        <ele>0</ele>
      </trkpt>
      <trkpt lat="44.70984362673579" lon="14.312313482458912">
        <ele>0</ele>
      </trkpt>
      <trkpt lat="44.70960224151309" lon="14.311779733598785">
        <ele>0</ele>
      </trkpt>
      <trkpt lat="44.70936085629039" lon="14.311245984738658">
        <ele>0</ele>
      </trkpt>
      <trkpt lat="44.709119471067694" lon="14.310712235878531">
        <ele>0</ele>
      </trkpt>
      <trkpt lat="44.708878085844994" lon="14.310178487018407">
        <ele>0</ele>
      </trkpt>
      <trkpt lat="44.7086367006223" lon="14.30964473815828">
        <ele>0</ele>
      </trkpt>
      <trkpt lat="44.7083953153996" lon="14.309110989298153">
        <ele>0</ele>
      </trkpt>
      <trkpt lat="44.708153930176906" lon="14.308577240438026">
        <ele>0</ele>
      </trkpt>
      <trkpt lat="44.707912544954205" lon="14.308043491577902">
        <ele>0</ele>
      </trkpt>
      <trkpt lat="44.70767115973151" lon="14.307509742717775">
        <ele>0</ele>
      </trkpt>
      <trkpt lat="44.70742977450881" lon="14.306975993857648">
        <ele>0</ele>
      </trkpt>
      <trkpt lat="44.70718838928611" lon="14.306442244997521">
        <ele>0</ele>
      </trkpt>
      <trkpt lat="44.706947004063416" lon="14.305908496137397">
        <ele>0</ele>
      </trkpt>
      <trkpt lat="44.706705618840715" lon="14.30537474727727">
        <ele>0</ele>
      </trkpt>
      <trkpt lat="44.70646423361802" lon="14.304840998417143">
        <ele>0</ele>
      </trkpt>
      <trkpt lat="44.70622284839532" lon="14.304307249557016">
        <ele>0</ele>
      </trkpt>
      <trkpt lat="44.70598146317263" lon="14.303773500696892">
        <ele>0</ele>
      </trkpt>
      <trkpt lat="44.705740077949926" lon="14.303239751836765">
        <ele>0</ele>
      </trkpt>
      <trkpt lat="44.705498692727225" lon="14.302706002976638">
        <ele>0</ele>
      </trkpt>
      <trkpt lat="44.70525730750453" lon="14.302172254116511">
        <ele>0</ele>
      </trkpt>
      <trkpt lat="44.70501592228183" lon="14.301638505256387">
        <ele>0</ele>
      </trkpt>
      <trkpt lat="44.70477453705914" lon="14.30110475639626">
        <ele>0</ele>
      </trkpt>
      <trkpt lat="44.704533151836436" lon="14.300571007536133">
        <ele>0</ele>
      </trkpt>
      <trkpt lat="44.70429176661374" lon="14.300037258676007">
        <ele>0</ele>
      </trkpt>
      <trkpt lat="44.70405038139104" lon="14.299503509815882">
        <ele>0</ele>
      </trkpt>
      <trkpt lat="44.70380899616835" lon="14.298969760955755">
        <ele>0</ele>
      </trkpt>
      <trkpt lat="44.70356761094565" lon="14.298436012095628">
        <ele>0</ele>
      </trkpt>
      <trkpt lat="44.70332622572295" lon="14.297902263235502">
        <ele>0</ele>
      </trkpt>
      <trkpt lat="44.70308484050025" lon="14.297368514375377">
        <ele>0</ele>
      </trkpt>
      <trkpt lat="44.70284345527755" lon="14.29683476551525">
        <ele>0</ele>
      </trkpt>
      <trkpt lat="44.70260207005486" lon="14.296301016655123">
        <ele>0</ele>
      </trkpt>
      <trkpt lat="44.70236068483216" lon="14.295767267794997">
        <ele>0</ele>
      </trkpt>
      <trkpt lat="44.702119299609464" lon="14.295233518934872">
        <ele>0</ele>
      </trkpt>
      <trkpt lat="44.70187791438676" lon="14.294699770074745">
        <ele>0</ele>
      </trkpt>
      <trkpt lat="44.70163652916406" lon="14.294166021214618">
        <ele>0</ele>
      </trkpt>
      <trkpt lat="44.70139514394137" lon="14.293632272354492">
        <ele>0</ele>
      </trkpt>
      <trkpt lat="44.70115375871867" lon="14.293098523494367">
        <ele>0</ele>
      </trkpt>
      <trkpt lat="44.700912373495974" lon="14.29256477463424">
        <ele>0</ele>
      </trkpt>
      <trkpt lat="44.700670988273274" lon="14.292031025774113">
        <ele>0</ele>
      </trkpt>
      <trkpt lat="44.70042960305058" lon="14.291497276913987">
        <ele>0</ele>
      </trkpt>
      <trkpt lat="44.70018821782788" lon="14.290963528053862">
        <ele>0</ele>
      </trkpt>
      <trkpt lat="44.699946832605185" lon="14.290429779193735">
        <ele>0</ele>
      </trkpt>
      <trkpt lat="44.699705447382485" lon="14.289896030333608">
        <ele>0</ele>
      </trkpt>
      <trkpt lat="44.699464062159784" lon="14.289362281473482">
        <ele>0</ele>
      </trkpt>
      <trkpt lat="44.69922267693709" lon="14.288828532613357">
        <ele>0</ele>
      </trkpt>
      <trkpt lat="44.69898129171439" lon="14.28829478375323">
        <ele>0</ele>
      </trkpt>
      <trkpt lat="44.698739906491696" lon="14.287761034893103">
        <ele>0</ele>
      </trkpt>
      <trkpt lat="44.698498521268995" lon="14.287227286032977">
        <ele>0</ele>
      </trkpt>
      <trkpt lat="44.6982571360463" lon="14.286693537172852">
        <ele>0</ele>
      </trkpt>
      <trkpt lat="44.6980157508236" lon="14.286159788312725">
        <ele>0</ele>
      </trkpt>
      <trkpt lat="44.6977743656009" lon="14.285626039452598">
        <ele>0</ele>
      </trkpt>
      <trkpt lat="44.697532980378206" lon="14.285092290592472">
        <ele>0</ele>
      </trkpt>
      <trkpt lat="44.697291595155505" lon="14.284558541732347">
        <ele>0</ele>
      </trkpt>
      <trkpt lat="44.69705020993281" lon="14.28402479287222">
        <ele>0</ele>
      </trkpt>
      <trkpt lat="44.69680882471011" lon="14.283491044012093">
        <ele>0</ele>
      </trkpt>
      <trkpt lat="44.69656743948742" lon="14.282957295151968">
        <ele>0</ele>
      </trkpt>
      <trkpt lat="44.696326054264716" lon="14.282423546291842">
        <ele>0</ele>
      </trkpt>
      <trkpt lat="44.69608466904202" lon="14.281889797431715">
        <ele>0</ele>
      </trkpt>
      <trkpt lat="44.69584328381932" lon="14.281356048571588">
        <ele>0</ele>
      </trkpt>
      <trkpt lat="44.69560189859662" lon="14.280822299711463">
        <ele>0</ele>
      </trkpt>
      <trkpt lat="44.69536051337393" lon="14.280288550851337">
        <ele>0</ele>
      </trkpt>
      <trkpt lat="44.69511912815123" lon="14.27975480199121">
        <ele>0</ele>
      </trkpt>
      <trkpt lat="44.69487774292853" lon="14.279221053131083">
        <ele>0</ele>
      </trkpt>
      <trkpt lat="44.69463635770583" lon="14.278687304270958">
        <ele>0</ele>
      </trkpt>
      <trkpt lat="44.69439497248314" lon="14.278153555410832">
        <ele>0</ele>
      </trkpt>
      <trkpt lat="44.69415358726044" lon="14.277619806550705">
        <ele>0</ele>
      </trkpt>
      <trkpt lat="44.693912202037744" lon="14.277086057690578">
        <ele>0</ele>
      </trkpt>
      <trkpt lat="44.69367081681504" lon="14.276552308830453">
        <ele>0</ele>
      </trkpt>
      <trkpt lat="44.69342943159234" lon="14.276018559970327">
        <ele>0</ele>
      </trkpt>
      <trkpt lat="44.69318804636965" lon="14.2754848111102">
        <ele>0</ele>
      </trkpt>
      <trkpt lat="44.69294666114695" lon="14.274951062250073">
        <ele>0</ele>
      </trkpt>
      <trkpt lat="44.692705275924254" lon="14.274417313389948">
        <ele>0</ele>
      </trkpt>
      <trkpt lat="44.69246389070155" lon="14.273883564529822">
        <ele>0</ele>
      </trkpt>
      <trkpt lat="44.69222250547886" lon="14.273349815669695">
        <ele>0</ele>
      </trkpt>
      <trkpt lat="44.69198112025616" lon="14.272816066809568">
        <ele>0</ele>
      </trkpt>
      <trkpt lat="44.69173973503346" lon="14.272282317949443">
        <ele>0</ele>
      </trkpt>
      <trkpt lat="44.691498349810765" lon="14.271748569089317">
        <ele>0</ele>
      </trkpt>
      <trkpt lat="44.691256964588064" lon="14.27121482022919">
        <ele>0</ele>
      </trkpt>
      <trkpt lat="44.69101557936537" lon="14.270681071369063">
        <ele>0</ele>
      </trkpt>
      <trkpt lat="44.69077419414267" lon="14.270147322508938">
        <ele>0</ele>
      </trkpt>
      <trkpt lat="44.690532808919976" lon="14.269613573648812">
        <ele>0</ele>
      </trkpt>
      <trkpt lat="44.690291423697275" lon="14.269079824788685">
        <ele>0</ele>
      </trkpt>
      <trkpt lat="44.69005003847458" lon="14.268546075928558">
        <ele>0</ele>
      </trkpt>
      <trkpt lat="44.68980865325188" lon="14.268012327068433">
        <ele>0</ele>
      </trkpt>
      <trkpt lat="44.68956726802918" lon="14.267478578208307">
        <ele>0</ele>
      </trkpt>
      <trkpt lat="44.689325882806486" lon="14.26694482934818">
        <ele>0</ele>
      </trkpt>
      <trkpt lat="44.689084497583785" lon="14.266411080488053">
        <ele>0</ele>
      </trkpt>
      <trkpt lat="44.68884311236109" lon="14.265877331627928">
        <ele>0</ele>
      </trkpt>
      <trkpt lat="44.68860172713839" lon="14.265343582767802">
        <ele>0</ele>
      </trkpt>
      <trkpt lat="44.6883603419157" lon="14.264809833907675">
        <ele>0</ele>
      </trkpt>
      <trkpt lat="44.688118956692996" lon="14.264276085047548">
        <ele>0</ele>
      </trkpt>
      <trkpt lat="44.688101933593714" lon="14.264238443721638">
        <ele>0</ele>
      </trkpt>
      <trkpt lat="44.6877637969067" lon="14.263821598971269">
        <ele>0</ele>
      </trkpt>
      <trkpt lat="44.68742566021969" lon="14.2634047542209">
        <ele>0</ele>
      </trkpt>
      <trkpt lat="44.68708752353267" lon="14.262987909470533">
        <ele>0</ele>
      </trkpt>
      <trkpt lat="44.686749386845655" lon="14.262571064720165">
        <ele>0</ele>
      </trkpt>
      <trkpt lat="44.68641125015864" lon="14.262154219969796">
        <ele>0</ele>
      </trkpt>
      <trkpt lat="44.68607311347163" lon="14.261737375219427">
        <ele>0</ele>
      </trkpt>
      <trkpt lat="44.685734976784616" lon="14.26132053046906">
        <ele>0</ele>
      </trkpt>
      <trkpt lat="44.6853968400976" lon="14.260903685718691">
        <ele>0</ele>
      </trkpt>
      <trkpt lat="44.68505870341058" lon="14.260486840968323">
        <ele>0</ele>
      </trkpt>
      <trkpt lat="44.68472056672357" lon="14.260069996217954">
        <ele>0</ele>
      </trkpt>
      <trkpt lat="44.68438243003656" lon="14.259653151467587">
        <ele>0</ele>
      </trkpt>
      <trkpt lat="44.684044293349544" lon="14.259236306717218">
        <ele>0</ele>
      </trkpt>
      <trkpt lat="44.68370615666253" lon="14.25881946196685">
        <ele>0</ele>
      </trkpt>
      <trkpt lat="44.68336801997552" lon="14.25840261721648">
        <ele>0</ele>
      </trkpt>
      <trkpt lat="44.6830298832885" lon="14.257985772466114">
        <ele>0</ele>
      </trkpt>
      <trkpt lat="44.682691746601485" lon="14.257568927715745">
        <ele>0</ele>
      </trkpt>
      <trkpt lat="44.68235360991447" lon="14.257152082965376">
        <ele>0</ele>
      </trkpt>
      <trkpt lat="44.68201547322746" lon="14.256735238215008">
        <ele>0</ele>
      </trkpt>
      <trkpt lat="44.681677336540446" lon="14.25631839346464">
        <ele>0</ele>
      </trkpt>
      <trkpt lat="44.68133919985343" lon="14.255901548714272">
        <ele>0</ele>
      </trkpt>
      <trkpt lat="44.68100106316641" lon="14.255484703963903">
        <ele>0</ele>
      </trkpt>
      <trkpt lat="44.6806629264794" lon="14.255067859213534">
        <ele>0</ele>
      </trkpt>
      <trkpt lat="44.68032478979239" lon="14.254651014463168">
        <ele>0</ele>
      </trkpt>
      <trkpt lat="44.679986653105374" lon="14.254234169712799">
        <ele>0</ele>
      </trkpt>
      <trkpt lat="44.67964851641836" lon="14.25381732496243">
        <ele>0</ele>
      </trkpt>
      <trkpt lat="44.67931037973135" lon="14.253400480212061">
        <ele>0</ele>
      </trkpt>
      <trkpt lat="44.67897224304433" lon="14.252983635461694">
        <ele>0</ele>
      </trkpt>
      <trkpt lat="44.678634106357315" lon="14.252566790711326">
        <ele>0</ele>
      </trkpt>
      <trkpt lat="44.6782959696703" lon="14.252149945960957">
        <ele>0</ele>
      </trkpt>
      <trkpt lat="44.67795783298329" lon="14.251733101210588">
        <ele>0</ele>
      </trkpt>
      <trkpt lat="44.677619696296276" lon="14.251316256460221">
        <ele>0</ele>
      </trkpt>
      <trkpt lat="44.67728155960926" lon="14.250899411709852">
        <ele>0</ele>
      </trkpt>
      <trkpt lat="44.67694342292224" lon="14.250482566959484">
        <ele>0</ele>
      </trkpt>
      <trkpt lat="44.67660528623523" lon="14.250065722209115">
        <ele>0</ele>
      </trkpt>
      <trkpt lat="44.67626714954822" lon="14.249648877458746">
        <ele>0</ele>
      </trkpt>
      <trkpt lat="44.675929012861204" lon="14.24923203270838">
        <ele>0</ele>
      </trkpt>
      <trkpt lat="44.67559087617419" lon="14.24881518795801">
        <ele>0</ele>
      </trkpt>
      <trkpt lat="44.67525273948717" lon="14.248398343207642">
        <ele>0</ele>
      </trkpt>
      <trkpt lat="44.67491460280016" lon="14.247981498457273">
        <ele>0</ele>
      </trkpt>
      <trkpt lat="44.674576466113145" lon="14.247564653706906">
        <ele>0</ele>
      </trkpt>
      <trkpt lat="44.67423832942613" lon="14.247147808956537">
        <ele>0</ele>
      </trkpt>
      <trkpt lat="44.67390019273912" lon="14.246730964206169">
        <ele>0</ele>
      </trkpt>
      <trkpt lat="44.673562056052106" lon="14.2463141194558">
        <ele>0</ele>
      </trkpt>
      <trkpt lat="44.673223919365086" lon="14.245897274705433">
        <ele>0</ele>
      </trkpt>
      <trkpt lat="44.67288578267807" lon="14.245480429955064">
        <ele>0</ele>
      </trkpt>
      <trkpt lat="44.67254764599106" lon="14.245063585204695">
        <ele>0</ele>
      </trkpt>
      <trkpt lat="44.67220950930405" lon="14.244646740454327">
        <ele>0</ele>
      </trkpt>
      <trkpt lat="44.671871372617034" lon="14.24422989570396">
        <ele>0</ele>
      </trkpt>
      <trkpt lat="44.67153323593002" lon="14.243813050953591">
        <ele>0</ele>
      </trkpt>
      <trkpt lat="44.671195099243" lon="14.243396206203222">
        <ele>0</ele>
      </trkpt>
      <trkpt lat="44.67085696255599" lon="14.242979361452853">
        <ele>0</ele>
      </trkpt>
      <trkpt lat="44.670518825868974" lon="14.242562516702487">
        <ele>0</ele>
      </trkpt>
      <trkpt lat="44.67018068918196" lon="14.242145671952118">
        <ele>0</ele>
      </trkpt>
      <trkpt lat="44.66984255249495" lon="14.241728827201749">
        <ele>0</ele>
      </trkpt>
      <trkpt lat="44.669504415807936" lon="14.24131198245138">
        <ele>0</ele>
      </trkpt>
      <trkpt lat="44.669166279120915" lon="14.240895137701013">
        <ele>0</ele>
      </trkpt>
      <trkpt lat="44.6688281424339" lon="14.240478292950645">
        <ele>0</ele>
      </trkpt>
      <trkpt lat="44.66849000574689" lon="14.240061448200276">
        <ele>0</ele>
      </trkpt>
      <trkpt lat="44.668151869059876" lon="14.239644603449907">
        <ele>0</ele>
      </trkpt>
      <trkpt lat="44.66781373237286" lon="14.23922775869954">
        <ele>0</ele>
      </trkpt>
      <trkpt lat="44.66747559568585" lon="14.238810913949171">
        <ele>0</ele>
      </trkpt>
      <trkpt lat="44.66713745899883" lon="14.238394069198803">
        <ele>0</ele>
      </trkpt>
      <trkpt lat="44.66684899763081" lon="14.238038462689474">
        <ele>0</ele>
      </trkpt>
      <trkpt lat="44.66640985133419" lon="14.23790255893719">
        <ele>0</ele>
      </trkpt>
      <trkpt lat="44.665970705037566" lon="14.237766655184904">
        <ele>0</ele>
      </trkpt>
      <trkpt lat="44.66553155874094" lon="14.23763075143262">
        <ele>0</ele>
      </trkpt>
      <trkpt lat="44.66509241244432" lon="14.237494847680336">
        <ele>0</ele>
      </trkpt>
      <trkpt lat="44.664653266147695" lon="14.23735894392805">
        <ele>0</ele>
      </trkpt>
      <trkpt lat="44.664214119851074" lon="14.237223040175767">
        <ele>0</ele>
      </trkpt>
      <trkpt lat="44.663774973554446" lon="14.237087136423483">
        <ele>0</ele>
      </trkpt>
      <trkpt lat="44.663335827257825" lon="14.236951232671199">
        <ele>0</ele>
      </trkpt>
      <trkpt lat="44.662896680961204" lon="14.236815328918913">
        <ele>0</ele>
      </trkpt>
      <trkpt lat="44.66245753466458" lon="14.23667942516663">
        <ele>0</ele>
      </trkpt>
      <trkpt lat="44.662018388367954" lon="14.236543521414346">
        <ele>0</ele>
      </trkpt>
      <trkpt lat="44.66157924207133" lon="14.23640761766206">
        <ele>0</ele>
      </trkpt>
      <trkpt lat="44.66114009577471" lon="14.236271713909776">
        <ele>0</ele>
      </trkpt>
      <trkpt lat="44.66070094947809" lon="14.236135810157492">
        <ele>0</ele>
      </trkpt>
      <trkpt lat="44.66026180318146" lon="14.235999906405207">
        <ele>0</ele>
      </trkpt>
      <trkpt lat="44.65982265688484" lon="14.235864002652923">
        <ele>0</ele>
      </trkpt>
      <trkpt lat="44.65938351058822" lon="14.235728098900639">
        <ele>0</ele>
      </trkpt>
      <trkpt lat="44.6589443642916" lon="14.235592195148355">
        <ele>0</ele>
      </trkpt>
      <trkpt lat="44.65850521799497" lon="14.23545629139607">
        <ele>0</ele>
      </trkpt>
      <trkpt lat="44.65806607169835" lon="14.235320387643785">
        <ele>0</ele>
      </trkpt>
      <trkpt lat="44.65762692540173" lon="14.235184483891501">
        <ele>0</ele>
      </trkpt>
      <trkpt lat="44.65718777910511" lon="14.235048580139216">
        <ele>0</ele>
      </trkpt>
      <trkpt lat="44.65674863280849" lon="14.234912676386932">
        <ele>0</ele>
      </trkpt>
      <trkpt lat="44.65630948651186" lon="14.234776772634648">
        <ele>0</ele>
      </trkpt>
      <trkpt lat="44.65587034021524" lon="14.234640868882362">
        <ele>0</ele>
      </trkpt>
      <trkpt lat="44.655431193918616" lon="14.234504965130078">
        <ele>0</ele>
      </trkpt>
      <trkpt lat="44.654992047621995" lon="14.234369061377794">
        <ele>0</ele>
      </trkpt>
      <trkpt lat="44.65455290132537" lon="14.234233157625509">
        <ele>0</ele>
      </trkpt>
      <trkpt lat="44.654113755028746" lon="14.234097253873225">
        <ele>0</ele>
      </trkpt>
      <trkpt lat="44.653674608732125" lon="14.233961350120941">
        <ele>0</ele>
      </trkpt>
      <trkpt lat="44.653235462435504" lon="14.233825446368657">
        <ele>0</ele>
      </trkpt>
      <trkpt lat="44.652796316138875" lon="14.233689542616371">
        <ele>0</ele>
      </trkpt>
      <trkpt lat="44.652357169842254" lon="14.233553638864088">
        <ele>0</ele>
      </trkpt>
      <trkpt lat="44.65191802354563" lon="14.233417735111804">
        <ele>0</ele>
      </trkpt>
      <trkpt lat="44.65147887724901" lon="14.233281831359518">
        <ele>0</ele>
      </trkpt>
      <trkpt lat="44.651320642920524" lon="14.233232862168279">
        <ele>0</ele>
      </trkpt>
      <trkpt lat="44.650877297906966" lon="14.233338413007163">
        <ele>0</ele>
      </trkpt>
      <trkpt lat="44.65043395289341" lon="14.233443963846044">
        <ele>0</ele>
      </trkpt>
      <trkpt lat="44.64999060787985" lon="14.233549514684928">
        <ele>0</ele>
      </trkpt>
      <trkpt lat="44.64954726286629" lon="14.233655065523811">
        <ele>0</ele>
      </trkpt>
      <trkpt lat="44.649103917852734" lon="14.233760616362694">
        <ele>0</ele>
      </trkpt>
      <trkpt lat="44.64866057283918" lon="14.233866167201576">
        <ele>0</ele>
      </trkpt>
      <trkpt lat="44.64821722782562" lon="14.23397171804046">
        <ele>0</ele>
      </trkpt>
      <trkpt lat="44.64777388281206" lon="14.234077268879343">
        <ele>0</ele>
      </trkpt>
      <trkpt lat="44.6473305377985" lon="14.234182819718226">
        <ele>0</ele>
      </trkpt>
      <trkpt lat="44.646887192784945" lon="14.234288370557108">
        <ele>0</ele>
      </trkpt>
      <trkpt lat="44.64644384777139" lon="14.234393921395991">
        <ele>0</ele>
      </trkpt>
      <trkpt lat="44.64600050275783" lon="14.234499472234875">
        <ele>0</ele>
      </trkpt>
      <trkpt lat="44.64555715774427" lon="14.234605023073756">
        <ele>0</ele>
      </trkpt>
      <trkpt lat="44.64511381273071" lon="14.23471057391264">
        <ele>0</ele>
      </trkpt>
      <trkpt lat="44.644670467717155" lon="14.234816124751523">
        <ele>0</ele>
      </trkpt>
      <trkpt lat="44.6442271227036" lon="14.234921675590407">
        <ele>0</ele>
      </trkpt>
      <trkpt lat="44.64378377769004" lon="14.235027226429288">
        <ele>0</ele>
      </trkpt>
      <trkpt lat="44.64334043267648" lon="14.235132777268172">
        <ele>0</ele>
      </trkpt>
      <trkpt lat="44.642897087662924" lon="14.235238328107055">
        <ele>0</ele>
      </trkpt>
      <trkpt lat="44.642453742649366" lon="14.235343878945939">
        <ele>0</ele>
      </trkpt>
      <trkpt lat="44.64201039763581" lon="14.23544942978482">
        <ele>0</ele>
      </trkpt>
      <trkpt lat="44.64156705262225" lon="14.235554980623704">
        <ele>0</ele>
      </trkpt>
      <trkpt lat="44.64112370760869" lon="14.235660531462587">
        <ele>0</ele>
      </trkpt>
      <trkpt lat="44.640680362595134" lon="14.235766082301469">
        <ele>0</ele>
      </trkpt>
      <trkpt lat="44.640237017581576" lon="14.235871633140352">
        <ele>0</ele>
      </trkpt>
      <trkpt lat="44.63979367256802" lon="14.235977183979236">
        <ele>0</ele>
      </trkpt>
      <trkpt lat="44.63935032755446" lon="14.236082734818119">
        <ele>0</ele>
      </trkpt>
      <trkpt lat="44.63907479132618" lon="14.236148334022232">
        <ele>0</ele>
      </trkpt>
      <trkpt lat="44.638860262112246" lon="14.23670370763039">
        <ele>0</ele>
      </trkpt>
      <trkpt lat="44.63864573289832" lon="14.237259081238546">
        <ele>0</ele>
      </trkpt>
      <trkpt lat="44.638431203684384" lon="14.237814454846704">
        <ele>0</ele>
      </trkpt>
      <trkpt lat="44.638216674470456" lon="14.23836982845486">
        <ele>0</ele>
      </trkpt>
      <trkpt lat="44.63800214525652" lon="14.238925202063019">
        <ele>0</ele>
      </trkpt>
      <trkpt lat="44.637787616042594" lon="14.239480575671175">
        <ele>0</ele>
      </trkpt>
      <trkpt lat="44.63757308682866" lon="14.240035949279333">
        <ele>0</ele>
      </trkpt>
      <trkpt lat="44.63735855761473" lon="14.24059132288749">
        <ele>0</ele>
      </trkpt>
      <trkpt lat="44.6371440284008" lon="14.241146696495647">
        <ele>0</ele>
      </trkpt>
      <trkpt lat="44.63692949918687" lon="14.241702070103804">
        <ele>0</ele>
      </trkpt>
      <trkpt lat="44.636714969972935" lon="14.242257443711962">
        <ele>0</ele>
      </trkpt>
      <trkpt lat="44.636500440759" lon="14.242812817320118">
        <ele>0</ele>
      </trkpt>
      <trkpt lat="44.63628591154507" lon="14.243368190928276">
        <ele>0</ele>
      </trkpt>
      <trkpt lat="44.63607138233114" lon="14.243923564536434">
        <ele>0</ele>
      </trkpt>
      <trkpt lat="44.635857345633895" lon="14.244477663116527">
        <ele>0</ele>
      </trkpt>
      <trkpt lat="44.63619395593115" lon="14.244058672352924">
        <ele>0</ele>
      </trkpt>
      <trkpt lat="44.6365305662284" lon="14.24363968158932">
        <ele>0</ele>
      </trkpt>
      <trkpt lat="44.636867176525655" lon="14.243220690825718">
        <ele>0</ele>
      </trkpt>
      <trkpt lat="44.63720378682291" lon="14.242801700062113">
        <ele>0</ele>
      </trkpt>
      <trkpt lat="44.63754039712016" lon="14.24238270929851">
        <ele>0</ele>
      </trkpt>
      <trkpt lat="44.637877007417416" lon="14.241963718534906">
        <ele>0</ele>
      </trkpt>
      <trkpt lat="44.63821361771467" lon="14.241544727771304">
        <ele>0</ele>
      </trkpt>
      <trkpt lat="44.63855022801192" lon="14.2411257370077">
        <ele>0</ele>
      </trkpt>
      <trkpt lat="44.638820788942326" lon="14.240788960231242">
        <ele>0</ele>
      </trkpt>
      <trkpt lat="44.63871263938541" lon="14.240175578584624">
        <ele>0</ele>
      </trkpt>
      <trkpt lat="44.638604489828495" lon="14.239562196938008">
        <ele>0</ele>
      </trkpt>
      <trkpt lat="44.63849634027158" lon="14.23894881529139">
        <ele>0</ele>
      </trkpt>
      <trkpt lat="44.63838819071467" lon="14.238335433644773">
        <ele>0</ele>
      </trkpt>
      <trkpt lat="44.638280041157756" lon="14.237722051998155">
        <ele>0</ele>
      </trkpt>
      <trkpt lat="44.63817189160084" lon="14.237108670351539">
        <ele>0</ele>
      </trkpt>
      <trkpt lat="44.638063742043926" lon="14.236495288704921">
        <ele>0</ele>
      </trkpt>
      <trkpt lat="44.63795559248701" lon="14.235881907058303">
        <ele>0</ele>
      </trkpt>
      <trkpt lat="44.637847442930095" lon="14.235268525411685">
        <ele>0</ele>
      </trkpt>
      <trkpt lat="44.63773929337318" lon="14.23465514376507">
        <ele>0</ele>
      </trkpt>
      <trkpt lat="44.637631143816265" lon="14.234041762118451">
        <ele>0</ele>
      </trkpt>
      <trkpt lat="44.637522994259356" lon="14.233428380471834">
        <ele>0</ele>
      </trkpt>
      <trkpt lat="44.63741484470244" lon="14.232814998825216">
        <ele>0</ele>
      </trkpt>
      <trkpt lat="44.637306695145526" lon="14.2322016171786">
        <ele>0</ele>
      </trkpt>
      <trkpt lat="44.63719854558861" lon="14.231588235531982">
        <ele>0</ele>
      </trkpt>
      <trkpt lat="44.637090396031695" lon="14.230974853885364">
        <ele>0</ele>
      </trkpt>
      <trkpt lat="44.63698224647478" lon="14.230361472238746">
        <ele>0</ele>
      </trkpt>
      <trkpt lat="44.636874096917865" lon="14.22974809059213">
        <ele>0</ele>
      </trkpt>
      <trkpt lat="44.63676594736095" lon="14.229134708945512">
        <ele>0</ele>
      </trkpt>
      <trkpt lat="44.63665779780404" lon="14.228521327298894">
        <ele>0</ele>
      </trkpt>
      <trkpt lat="44.636549648247126" lon="14.227907945652278">
        <ele>0</ele>
      </trkpt>
      <trkpt lat="44.63645004640341" lon="14.227343043264824">
        <ele>0</ele>
      </trkpt>
      <trkpt lat="44.63600525311067" lon="14.227250341297728">
        <ele>0</ele>
      </trkpt>
      <trkpt lat="44.63556045981793" lon="14.227157639330631">
        <ele>0</ele>
      </trkpt>
      <trkpt lat="44.63511566652519" lon="14.227064937363537">
        <ele>0</ele>
      </trkpt>
      <trkpt lat="44.634670873232444" lon="14.22697223539644">
        <ele>0</ele>
      </trkpt>
      <trkpt lat="44.63422607993971" lon="14.226879533429344">
        <ele>0</ele>
      </trkpt>
      <trkpt lat="44.633781286646965" lon="14.226786831462247">
        <ele>0</ele>
      </trkpt>
      <trkpt lat="44.63333649335422" lon="14.226694129495153">
        <ele>0</ele>
      </trkpt>
      <trkpt lat="44.632891700061485" lon="14.226601427528056">
        <ele>0</ele>
      </trkpt>
      <trkpt lat="44.63244690676874" lon="14.22650872556096">
        <ele>0</ele>
      </trkpt>
      <trkpt lat="44.632002113476" lon="14.226416023593863">
        <ele>0</ele>
      </trkpt>
      <trkpt lat="44.63155732018326" lon="14.226323321626767">
        <ele>0</ele>
      </trkpt>
      <trkpt lat="44.63111252689052" lon="14.226230619659672">
        <ele>0</ele>
      </trkpt>
      <trkpt lat="44.630667733597775" lon="14.226137917692576">
        <ele>0</ele>
      </trkpt>
      <trkpt lat="44.63022294030504" lon="14.22604521572548">
        <ele>0</ele>
      </trkpt>
      <trkpt lat="44.629778147012296" lon="14.225952513758383">
        <ele>0</ele>
      </trkpt>
      <trkpt lat="44.62933335371955" lon="14.225859811791288">
        <ele>0</ele>
      </trkpt>
      <trkpt lat="44.628888560426816" lon="14.225767109824192">
        <ele>0</ele>
      </trkpt>
      <trkpt lat="44.62844376713407" lon="14.225674407857095">
        <ele>0</ele>
      </trkpt>
      <trkpt lat="44.62799897384133" lon="14.225581705889999">
        <ele>0</ele>
      </trkpt>
      <trkpt lat="44.62755418054859" lon="14.225489003922904">
        <ele>0</ele>
      </trkpt>
      <trkpt lat="44.62710938725585" lon="14.225396301955808">
        <ele>0</ele>
      </trkpt>
      <trkpt lat="44.626664593963106" lon="14.225303599988711">
        <ele>0</ele>
      </trkpt>
      <trkpt lat="44.62621980067037" lon="14.225210898021615">
        <ele>0</ele>
      </trkpt>
      <trkpt lat="44.62577500737763" lon="14.225118196054519">
        <ele>0</ele>
      </trkpt>
      <trkpt lat="44.62533021408488" lon="14.225025494087424">
        <ele>0</ele>
      </trkpt>
      <trkpt lat="44.62488542079215" lon="14.224932792120327">
        <ele>0</ele>
      </trkpt>
      <trkpt lat="44.6244406274994" lon="14.224840090153231">
        <ele>0</ele>
      </trkpt>
      <trkpt lat="44.62399583420666" lon="14.224747388186135">
        <ele>0</ele>
      </trkpt>
      <trkpt lat="44.623551040913924" lon="14.22465468621904">
        <ele>0</ele>
      </trkpt>
      <trkpt lat="44.62310624762118" lon="14.224561984251944">
        <ele>0</ele>
      </trkpt>
      <trkpt lat="44.62266145432844" lon="14.224469282284847">
        <ele>0</ele>
      </trkpt>
      <trkpt lat="44.6222166610357" lon="14.22437658031775">
        <ele>0</ele>
      </trkpt>
      <trkpt lat="44.62177186774296" lon="14.224283878350654">
        <ele>0</ele>
      </trkpt>
      <trkpt lat="44.621327074450214" lon="14.22419117638356">
        <ele>0</ele>
      </trkpt>
      <trkpt lat="44.62088228115748" lon="14.224098474416463">
        <ele>0</ele>
      </trkpt>
      <trkpt lat="44.620437487864734" lon="14.224005772449367">
        <ele>0</ele>
      </trkpt>
      <trkpt lat="44.61999269457199" lon="14.22391307048227">
        <ele>0</ele>
      </trkpt>
      <trkpt lat="44.619547901279255" lon="14.223820368515176">
        <ele>0</ele>
      </trkpt>
      <trkpt lat="44.61910310798651" lon="14.22372766654808">
        <ele>0</ele>
      </trkpt>
      <trkpt lat="44.61865831469377" lon="14.223634964580983">
        <ele>0</ele>
      </trkpt>
      <trkpt lat="44.61821352140103" lon="14.223542262613886">
        <ele>0</ele>
      </trkpt>
      <trkpt lat="44.61776872810829" lon="14.22344956064679">
        <ele>0</ele>
      </trkpt>
      <trkpt lat="44.617323934815545" lon="14.223356858679695">
        <ele>0</ele>
      </trkpt>
      <trkpt lat="44.61687914152281" lon="14.223264156712599">
        <ele>0</ele>
      </trkpt>
      <trkpt lat="44.616434348230065" lon="14.223171454745502">
        <ele>0</ele>
      </trkpt>
      <trkpt lat="44.61598955493732" lon="14.223078752778406">
        <ele>0</ele>
      </trkpt>
      <trkpt lat="44.615544761644585" lon="14.222986050811311">
        <ele>0</ele>
      </trkpt>
      <trkpt lat="44.61509996835184" lon="14.222893348844215">
        <ele>0</ele>
      </trkpt>
      <trkpt lat="44.6146551750591" lon="14.222800646877118">
        <ele>0</ele>
      </trkpt>
      <trkpt lat="44.61421038176636" lon="14.222707944910022">
        <ele>0</ele>
      </trkpt>
      <trkpt lat="44.61376558847362" lon="14.222615242942927">
        <ele>0</ele>
      </trkpt>
      <trkpt lat="44.613320795180876" lon="14.222522540975831">
        <ele>0</ele>
      </trkpt>
      <trkpt lat="44.61287600188814" lon="14.222429839008734">
        <ele>0</ele>
      </trkpt>
      <trkpt lat="44.612431208595396" lon="14.222337137041638">
        <ele>0</ele>
      </trkpt>
      <trkpt lat="44.61198641530265" lon="14.222244435074542">
        <ele>0</ele>
      </trkpt>
      <trkpt lat="44.61174875765778" lon="14.222194903457194">
        <ele>0</ele>
      </trkpt>
      <trkpt lat="44.61141883841405" lon="14.22262399758274">
        <ele>0</ele>
      </trkpt>
      <trkpt lat="44.61108891917033" lon="14.223053091708287">
        <ele>0</ele>
      </trkpt>
      <trkpt lat="44.6107589999266" lon="14.223482185833836">
        <ele>0</ele>
      </trkpt>
      <trkpt lat="44.61042908068287" lon="14.223911279959383">
        <ele>0</ele>
      </trkpt>
      <trkpt lat="44.610099161439145" lon="14.22434037408493">
        <ele>0</ele>
      </trkpt>
      <trkpt lat="44.60976924219542" lon="14.224769468210477">
        <ele>0</ele>
      </trkpt>
      <trkpt lat="44.609439322951694" lon="14.225198562336026">
        <ele>0</ele>
      </trkpt>
      <trkpt lat="44.60910940370797" lon="14.225627656461572">
        <ele>0</ele>
      </trkpt>
      <trkpt lat="44.60877948446424" lon="14.22605675058712">
        <ele>0</ele>
      </trkpt>
      <trkpt lat="44.60844956522051" lon="14.226485844712666">
        <ele>0</ele>
      </trkpt>
      <trkpt lat="44.608119645976785" lon="14.226914938838215">
        <ele>0</ele>
      </trkpt>
      <trkpt lat="44.60778972673306" lon="14.227344032963762">
        <ele>0</ele>
      </trkpt>
      <trkpt lat="44.607459807489334" lon="14.227773127089309">
        <ele>0</ele>
      </trkpt>
      <trkpt lat="44.60712988824561" lon="14.228202221214856">
        <ele>0</ele>
      </trkpt>
      <trkpt lat="44.606799969001884" lon="14.228631315340404">
        <ele>0</ele>
      </trkpt>
      <trkpt lat="44.60647004975815" lon="14.229060409465951">
        <ele>0</ele>
      </trkpt>
      <trkpt lat="44.606140130514426" lon="14.229489503591498">
        <ele>0</ele>
      </trkpt>
      <trkpt lat="44.6058102112707" lon="14.229918597717045">
        <ele>0</ele>
      </trkpt>
      <trkpt lat="44.605480292026975" lon="14.230347691842594">
        <ele>0</ele>
      </trkpt>
      <trkpt lat="44.60515037278325" lon="14.23077678596814">
        <ele>0</ele>
      </trkpt>
      <trkpt lat="44.604820453539524" lon="14.231205880093688">
        <ele>0</ele>
      </trkpt>
      <trkpt lat="44.60449053429579" lon="14.231634974219235">
        <ele>0</ele>
      </trkpt>
      <trkpt lat="44.604160615052066" lon="14.232064068344782">
        <ele>0</ele>
      </trkpt>
      <trkpt lat="44.60383069580834" lon="14.23249316247033">
        <ele>0</ele>
      </trkpt>
      <trkpt lat="44.603500776564616" lon="14.232922256595877">
        <ele>0</ele>
      </trkpt>
      <trkpt lat="44.60317085732089" lon="14.233351350721424">
        <ele>0</ele>
      </trkpt>
      <trkpt lat="44.602840938077165" lon="14.233780444846971">
        <ele>0</ele>
      </trkpt>
      <trkpt lat="44.60251101883343" lon="14.23420953897252">
        <ele>0</ele>
      </trkpt>
      <trkpt lat="44.60218109958971" lon="14.234638633098067">
        <ele>0</ele>
      </trkpt>
      <trkpt lat="44.60185118034598" lon="14.235067727223614">
        <ele>0</ele>
      </trkpt>
      <trkpt lat="44.601521261102256" lon="14.23549682134916">
        <ele>0</ele>
      </trkpt>
      <trkpt lat="44.60119134185853" lon="14.23592591547471">
        <ele>0</ele>
      </trkpt>
      <trkpt lat="44.600861422614805" lon="14.236355009600256">
        <ele>0</ele>
      </trkpt>
      <trkpt lat="44.60053150337107" lon="14.236784103725803">
        <ele>0</ele>
      </trkpt>
      <trkpt lat="44.60020158412735" lon="14.23721319785135">
        <ele>0</ele>
      </trkpt>
      <trkpt lat="44.59987166488362" lon="14.237642291976899">
        <ele>0</ele>
      </trkpt>
      <trkpt lat="44.5995417456399" lon="14.238071386102446">
        <ele>0</ele>
      </trkpt>
      <trkpt lat="44.59921182639617" lon="14.238500480227993">
        <ele>0</ele>
      </trkpt>
      <trkpt lat="44.598881907152446" lon="14.23892957435354">
        <ele>0</ele>
      </trkpt>
      <trkpt lat="44.598551987908714" lon="14.239358668479088">
        <ele>0</ele>
      </trkpt>
      <trkpt lat="44.59822206866499" lon="14.239787762604635">
        <ele>0</ele>
      </trkpt>
      <trkpt lat="44.59789214942126" lon="14.240216856730182">
        <ele>0</ele>
      </trkpt>
      <trkpt lat="44.59756223017754" lon="14.240645950855729">
        <ele>0</ele>
      </trkpt>
      <trkpt lat="44.59723231093381" lon="14.241075044981278">
        <ele>0</ele>
      </trkpt>
      <trkpt lat="44.59690239169009" lon="14.241504139106825">
        <ele>0</ele>
      </trkpt>
      <trkpt lat="44.596572472446354" lon="14.241933233232372">
        <ele>0</ele>
      </trkpt>
      <trkpt lat="44.59624255320263" lon="14.242362327357919">
        <ele>0</ele>
      </trkpt>
      <trkpt lat="44.5959126339589" lon="14.242791421483465">
        <ele>0</ele>
      </trkpt>
      <trkpt lat="44.59558271471518" lon="14.243220515609014">
        <ele>0</ele>
      </trkpt>
      <trkpt lat="44.59525279547145" lon="14.243649609734561">
        <ele>0</ele>
      </trkpt>
      <trkpt lat="44.59492287622773" lon="14.244078703860108">
        <ele>0</ele>
      </trkpt>
      <trkpt lat="44.594592956983995" lon="14.244507797985655">
        <ele>0</ele>
      </trkpt>
      <trkpt lat="44.59426303774027" lon="14.244936892111204">
        <ele>0</ele>
      </trkpt>
      <trkpt lat="44.593933118496544" lon="14.24536598623675">
        <ele>0</ele>
      </trkpt>
      <trkpt lat="44.59360319925282" lon="14.245795080362297">
        <ele>0</ele>
      </trkpt>
      <trkpt lat="44.59327328000909" lon="14.246224174487844">
        <ele>0</ele>
      </trkpt>
      <trkpt lat="44.59294336076537" lon="14.246653268613393">
        <ele>0</ele>
      </trkpt>
      <trkpt lat="44.59261344152164" lon="14.24708236273894">
        <ele>0</ele>
      </trkpt>
      <trkpt lat="44.59228352227791" lon="14.247511456864487">
        <ele>0</ele>
      </trkpt>
      <trkpt lat="44.591953603034185" lon="14.247940550990034">
        <ele>0</ele>
      </trkpt>
      <trkpt lat="44.59162368379046" lon="14.248369645115583">
        <ele>0</ele>
      </trkpt>
      <trkpt lat="44.591293764546734" lon="14.24879873924113">
        <ele>0</ele>
      </trkpt>
      <trkpt lat="44.59096384530301" lon="14.249227833366676">
        <ele>0</ele>
      </trkpt>
      <trkpt lat="44.59063392605928" lon="14.249656927492223">
        <ele>0</ele>
      </trkpt>
      <trkpt lat="44.59030400681555" lon="14.250086021617772">
        <ele>0</ele>
      </trkpt>
      <trkpt lat="44.589974087571825" lon="14.250515115743319">
        <ele>0</ele>
      </trkpt>
      <trkpt lat="44.5896441683281" lon="14.250944209868866">
        <ele>0</ele>
      </trkpt>
      <trkpt lat="44.589314249084374" lon="14.251373303994413">
        <ele>0</ele>
      </trkpt>
      <trkpt lat="44.58898432984065" lon="14.25180239811996">
        <ele>0</ele>
      </trkpt>
      <trkpt lat="44.588654410596924" lon="14.252231492245508">
        <ele>0</ele>
      </trkpt>
      <trkpt lat="44.58832449135319" lon="14.252660586371055">
        <ele>0</ele>
      </trkpt>
      <trkpt lat="44.587994572109466" lon="14.253089680496602">
        <ele>0</ele>
      </trkpt>
      <trkpt lat="44.58766465286574" lon="14.25351877462215">
        <ele>0</ele>
      </trkpt>
      <trkpt lat="44.58742747441781" lon="14.25382724974341">
        <ele>0</ele>
      </trkpt>
      <trkpt lat="44.58710293863962" lon="14.25426421504471">
        <ele>0</ele>
      </trkpt>
      <trkpt lat="44.58677840286143" lon="14.25470118034601">
        <ele>0</ele>
      </trkpt>
      <trkpt lat="44.58645386708323" lon="14.255138145647312">
        <ele>0</ele>
      </trkpt>
      <trkpt lat="44.58612933130504" lon="14.255575110948612">
        <ele>0</ele>
      </trkpt>
      <trkpt lat="44.58580479552685" lon="14.256012076249913">
        <ele>0</ele>
      </trkpt>
      <trkpt lat="44.58548025974866" lon="14.256449041551214">
        <ele>0</ele>
      </trkpt>
      <trkpt lat="44.58515572397046" lon="14.256886006852515">
        <ele>0</ele>
      </trkpt>
      <trkpt lat="44.58483118819227" lon="14.257322972153815">
        <ele>0</ele>
      </trkpt>
      <trkpt lat="44.58450665241408" lon="14.257759937455116">
        <ele>0</ele>
      </trkpt>
      <trkpt lat="44.58418211663589" lon="14.258196902756417">
        <ele>0</ele>
      </trkpt>
      <trkpt lat="44.583857580857696" lon="14.25863386805772">
        <ele>0</ele>
      </trkpt>
      <trkpt lat="44.5835330450795" lon="14.25907083335902">
        <ele>0</ele>
      </trkpt>
      <trkpt lat="44.58320850930131" lon="14.259507798660321">
        <ele>0</ele>
      </trkpt>
      <trkpt lat="44.58288397352312" lon="14.259944763961622">
        <ele>0</ele>
      </trkpt>
      <trkpt lat="44.582559437744926" lon="14.260381729262923">
        <ele>0</ele>
      </trkpt>
      <trkpt lat="44.58223490196673" lon="14.260818694564223">
        <ele>0</ele>
      </trkpt>
      <trkpt lat="44.58191036618854" lon="14.261255659865524">
        <ele>0</ele>
      </trkpt>
      <trkpt lat="44.58158583041035" lon="14.261692625166825">
        <ele>0</ele>
      </trkpt>
      <trkpt lat="44.58126129463216" lon="14.262129590468126">
        <ele>0</ele>
      </trkpt>
      <trkpt lat="44.580936758853966" lon="14.262566555769427">
        <ele>0</ele>
      </trkpt>
      <trkpt lat="44.58061222307577" lon="14.263003521070727">
        <ele>0</ele>
      </trkpt>
      <trkpt lat="44.58028768729758" lon="14.263440486372028">
        <ele>0</ele>
      </trkpt>
      <trkpt lat="44.57996315151939" lon="14.263877451673329">
        <ele>0</ele>
      </trkpt>
      <trkpt lat="44.579638615741196" lon="14.26431441697463">
        <ele>0</ele>
      </trkpt>
      <trkpt lat="44.579314079963" lon="14.26475138227593">
        <ele>0</ele>
      </trkpt>
      <trkpt lat="44.57898954418481" lon="14.265188347577231">
        <ele>0</ele>
      </trkpt>
      <trkpt lat="44.57866500840662" lon="14.265625312878532">
        <ele>0</ele>
      </trkpt>
      <trkpt lat="44.578340472628426" lon="14.266062278179833">
        <ele>0</ele>
      </trkpt>
      <trkpt lat="44.578015936850235" lon="14.266499243481134">
        <ele>0</ele>
      </trkpt>
      <trkpt lat="44.57769140107204" lon="14.266936208782434">
        <ele>0</ele>
      </trkpt>
      <trkpt lat="44.57736686529385" lon="14.267373174083735">
        <ele>0</ele>
      </trkpt>
      <trkpt lat="44.577042329515656" lon="14.267810139385038">
        <ele>0</ele>
      </trkpt>
      <trkpt lat="44.576717793737465" lon="14.268247104686338">
        <ele>0</ele>
      </trkpt>
      <trkpt lat="44.57639325795927" lon="14.26868406998764">
        <ele>0</ele>
      </trkpt>
      <trkpt lat="44.57606872218108" lon="14.26912103528894">
        <ele>0</ele>
      </trkpt>
      <trkpt lat="44.575744186402886" lon="14.26955800059024">
        <ele>0</ele>
      </trkpt>
      <trkpt lat="44.575419650624696" lon="14.269994965891541">
        <ele>0</ele>
      </trkpt>
      <trkpt lat="44.575095114846505" lon="14.270431931192842">
        <ele>0</ele>
      </trkpt>
      <trkpt lat="44.57477057906831" lon="14.270868896494143">
        <ele>0</ele>
      </trkpt>
      <trkpt lat="44.574446043290116" lon="14.271305861795444">
        <ele>0</ele>
      </trkpt>
      <trkpt lat="44.574121507511926" lon="14.271742827096745">
        <ele>0</ele>
      </trkpt>
      <trkpt lat="44.573796971733735" lon="14.272179792398045">
        <ele>0</ele>
      </trkpt>
      <trkpt lat="44.57347243595554" lon="14.272616757699346">
        <ele>0</ele>
      </trkpt>
      <trkpt lat="44.57314790017735" lon="14.273053723000647">
        <ele>0</ele>
      </trkpt>
      <trkpt lat="44.572823364399156" lon="14.273490688301948">
        <ele>0</ele>
      </trkpt>
      <trkpt lat="44.572498828620965" lon="14.273927653603248">
        <ele>0</ele>
      </trkpt>
      <trkpt lat="44.57217429284277" lon="14.27436461890455">
        <ele>0</ele>
      </trkpt>
      <trkpt lat="44.57184975706458" lon="14.27480158420585">
        <ele>0</ele>
      </trkpt>
      <trkpt lat="44.571525221286386" lon="14.27523854950715">
        <ele>0</ele>
      </trkpt>
      <trkpt lat="44.571450052307654" lon="14.275339759412645">
        <ele>0</ele>
      </trkpt>
      <trkpt lat="44.57108677760796" lon="14.275711623318962">
        <ele>0</ele>
      </trkpt>
      <trkpt lat="44.570723502908265" lon="14.27608348722528">
        <ele>0</ele>
      </trkpt>
      <trkpt lat="44.570360228208564" lon="14.276455351131597">
        <ele>0</ele>
      </trkpt>
      <trkpt lat="44.56999695350887" lon="14.276827215037915">
        <ele>0</ele>
      </trkpt>
      <trkpt lat="44.569633678809176" lon="14.277199078944232">
        <ele>0</ele>
      </trkpt>
      <trkpt lat="44.56927040410948" lon="14.27757094285055">
        <ele>0</ele>
      </trkpt>
      <trkpt lat="44.56890712940978" lon="14.277942806756867">
        <ele>0</ele>
      </trkpt>
      <trkpt lat="44.568543854710086" lon="14.278314670663185">
        <ele>0</ele>
      </trkpt>
      <trkpt lat="44.56818058001039" lon="14.278686534569502">
        <ele>0</ele>
      </trkpt>
      <trkpt lat="44.5678173053107" lon="14.279058398475819">
        <ele>0</ele>
      </trkpt>
      <trkpt lat="44.567454030610996" lon="14.279430262382137">
        <ele>0</ele>
      </trkpt>
      <trkpt lat="44.5670907559113" lon="14.279802126288454">
        <ele>0</ele>
      </trkpt>
      <trkpt lat="44.56672748121161" lon="14.280173990194772">
        <ele>0</ele>
      </trkpt>
      <trkpt lat="44.56636420651191" lon="14.280545854101089">
        <ele>0</ele>
      </trkpt>
      <trkpt lat="44.56600093181221" lon="14.280917718007407">
        <ele>0</ele>
      </trkpt>
      <trkpt lat="44.56563765711252" lon="14.281289581913724">
        <ele>0</ele>
      </trkpt>
      <trkpt lat="44.565274382412824" lon="14.281661445820042">
        <ele>0</ele>
      </trkpt>
      <trkpt lat="44.56491110771313" lon="14.282033309726359">
        <ele>0</ele>
      </trkpt>
      <trkpt lat="44.56454783301343" lon="14.282405173632677">
        <ele>0</ele>
      </trkpt>
      <trkpt lat="44.564184558313734" lon="14.282777037538994">
        <ele>0</ele>
      </trkpt>
      <trkpt lat="44.56382128361404" lon="14.28314890144531">
        <ele>0</ele>
      </trkpt>
      <trkpt lat="44.563458008914345" lon="14.283520765351629">
        <ele>0</ele>
      </trkpt>
      <trkpt lat="44.563094734214644" lon="14.283892629257945">
        <ele>0</ele>
      </trkpt>
      <trkpt lat="44.56273145951495" lon="14.284264493164263">
        <ele>0</ele>
      </trkpt>
      <trkpt lat="44.562368184815256" lon="14.28463635707058">
        <ele>0</ele>
      </trkpt>
      <trkpt lat="44.56200491011556" lon="14.285008220976898">
        <ele>0</ele>
      </trkpt>
      <trkpt lat="44.56164163541587" lon="14.285380084883215">
        <ele>0</ele>
      </trkpt>
      <trkpt lat="44.561278360716166" lon="14.285751948789533">
        <ele>0</ele>
      </trkpt>
      <trkpt lat="44.56091508601647" lon="14.28612381269585">
        <ele>0</ele>
      </trkpt>
      <trkpt lat="44.56055181131678" lon="14.286495676602167">
        <ele>0</ele>
      </trkpt>
      <trkpt lat="44.56018853661708" lon="14.286867540508485">
        <ele>0</ele>
      </trkpt>
      <trkpt lat="44.55982526191738" lon="14.287239404414802">
        <ele>0</ele>
      </trkpt>
      <trkpt lat="44.55946198721769" lon="14.28761126832112">
        <ele>0</ele>
      </trkpt>
      <trkpt lat="44.559098712517994" lon="14.287983132227437">
        <ele>0</ele>
      </trkpt>
      <trkpt lat="44.5587354378183" lon="14.288354996133755">
        <ele>0</ele>
      </trkpt>
      <trkpt lat="44.5583721631186" lon="14.288726860040072">
        <ele>0</ele>
      </trkpt>
      <trkpt lat="44.558008888418904" lon="14.28909872394639">
        <ele>0</ele>
      </trkpt>
      <trkpt lat="44.55764561371921" lon="14.289470587852707">
        <ele>0</ele>
      </trkpt>
      <trkpt lat="44.557282339019515" lon="14.289842451759023">
        <ele>0</ele>
      </trkpt>
      <trkpt lat="44.556919064319814" lon="14.290214315665342">
        <ele>0</ele>
      </trkpt>
      <trkpt lat="44.55655578962012" lon="14.290586179571658">
        <ele>0</ele>
      </trkpt>
      <trkpt lat="44.556192514920426" lon="14.290958043477977">
        <ele>0</ele>
      </trkpt>
      <trkpt lat="44.55582924022073" lon="14.291329907384293">
        <ele>0</ele>
      </trkpt>
      <trkpt lat="44.55546596552103" lon="14.291701771290612">
        <ele>0</ele>
      </trkpt>
      <trkpt lat="44.555102690821336" lon="14.292073635196928">
        <ele>0</ele>
      </trkpt>
      <trkpt lat="44.55473941612164" lon="14.292445499103247">
        <ele>0</ele>
      </trkpt>
      <trkpt lat="44.55437614142195" lon="14.292817363009563">
        <ele>0</ele>
      </trkpt>
      <trkpt lat="44.554012866722246" lon="14.29318922691588">
        <ele>0</ele>
      </trkpt>
      <trkpt lat="44.55364959202255" lon="14.293561090822198">
        <ele>0</ele>
      </trkpt>
      <trkpt lat="44.55328631732286" lon="14.293932954728515">
        <ele>0</ele>
      </trkpt>
      <trkpt lat="44.55292304262316" lon="14.294304818634833">
        <ele>0</ele>
      </trkpt>
      <trkpt lat="44.55255976792347" lon="14.29467668254115">
        <ele>0</ele>
      </trkpt>
      <trkpt lat="44.55219649322377" lon="14.295048546447468">
        <ele>0</ele>
      </trkpt>
      <trkpt lat="44.551833218524074" lon="14.295420410353785">
        <ele>0</ele>
      </trkpt>
      <trkpt lat="44.55146994382438" lon="14.295792274260103">
        <ele>0</ele>
      </trkpt>
      <trkpt lat="44.551106669124685" lon="14.29616413816642">
        <ele>0</ele>
      </trkpt>
      <trkpt lat="44.550743394424984" lon="14.296536002072738">
        <ele>0</ele>
      </trkpt>
      <trkpt lat="44.55038011972529" lon="14.296907865979055">
        <ele>0</ele>
      </trkpt>
      <trkpt lat="44.550016845025596" lon="14.297279729885371">
        <ele>0</ele>
      </trkpt>
      <trkpt lat="44.5496535703259" lon="14.29765159379169">
        <ele>0</ele>
      </trkpt>
      <trkpt lat="44.5492902956262" lon="14.298023457698006">
        <ele>0</ele>
      </trkpt>
      <trkpt lat="44.548927020926506" lon="14.298395321604325">
        <ele>0</ele>
      </trkpt>
      <trkpt lat="44.54856374622681" lon="14.298767185510641">
        <ele>0</ele>
      </trkpt>
      <trkpt lat="44.54820047152712" lon="14.29913904941696">
        <ele>0</ele>
      </trkpt>
      <trkpt lat="44.547837196827416" lon="14.299510913323276">
        <ele>0</ele>
      </trkpt>
      <trkpt lat="44.54747392212772" lon="14.299882777229595">
        <ele>0</ele>
      </trkpt>
      <trkpt lat="44.54711064742803" lon="14.300254641135911">
        <ele>0</ele>
      </trkpt>
      <trkpt lat="44.54674737272833" lon="14.300626505042228">
        <ele>0</ele>
      </trkpt>
      <trkpt lat="44.54638409802863" lon="14.300998368948546">
        <ele>0</ele>
      </trkpt>
      <trkpt lat="44.54602082332894" lon="14.301370232854863">
        <ele>0</ele>
      </trkpt>
      <trkpt lat="44.545657548629244" lon="14.301742096761181">
        <ele>0</ele>
      </trkpt>
      <trkpt lat="44.54529427392955" lon="14.302113960667498">
        <ele>0</ele>
      </trkpt>
      <trkpt lat="44.54493099922985" lon="14.302485824573816">
        <ele>0</ele>
      </trkpt>
      <trkpt lat="44.544567724530154" lon="14.302857688480133">
        <ele>0</ele>
      </trkpt>
      <trkpt lat="44.54420444983046" lon="14.303229552386451">
        <ele>0</ele>
      </trkpt>
      <trkpt lat="44.543841175130765" lon="14.303601416292768">
        <ele>0</ele>
      </trkpt>
      <trkpt lat="44.54347790043107" lon="14.303973280199084">
        <ele>0</ele>
      </trkpt>
      <trkpt lat="44.54311462573137" lon="14.304345144105403">
        <ele>0</ele>
      </trkpt>
      <trkpt lat="44.542751351031676" lon="14.30471700801172">
        <ele>0</ele>
      </trkpt>
      <trkpt lat="44.54238807633198" lon="14.305088871918038">
        <ele>0</ele>
      </trkpt>
      <trkpt lat="44.54202480163229" lon="14.305460735824354">
        <ele>0</ele>
      </trkpt>
      <trkpt lat="44.541661526932586" lon="14.305832599730673">
        <ele>0</ele>
      </trkpt>
      <trkpt lat="44.54129825223289" lon="14.30620446363699">
        <ele>0</ele>
      </trkpt>
      <trkpt lat="44.5409349775332" lon="14.306576327543308">
        <ele>0</ele>
      </trkpt>
      <trkpt lat="44.5405717028335" lon="14.306948191449624">
        <ele>0</ele>
      </trkpt>
      <trkpt lat="44.5402084281338" lon="14.307320055355941">
        <ele>0</ele>
      </trkpt>
      <trkpt lat="44.53984515343411" lon="14.30769191926226">
        <ele>0</ele>
      </trkpt>
      <trkpt lat="44.539481878734414" lon="14.308063783168576">
        <ele>0</ele>
      </trkpt>
      <trkpt lat="44.53911860403472" lon="14.308435647074894">
        <ele>0</ele>
      </trkpt>
      <trkpt lat="44.53875532933502" lon="14.308807510981211">
        <ele>0</ele>
      </trkpt>
      <trkpt lat="44.538392054635324" lon="14.30917937488753">
        <ele>0</ele>
      </trkpt>
      <trkpt lat="44.53802877993563" lon="14.309551238793846">
        <ele>0</ele>
      </trkpt>
      <trkpt lat="44.537665505235935" lon="14.309923102700164">
        <ele>0</ele>
      </trkpt>
      <trkpt lat="44.537302230536234" lon="14.310294966606481">
        <ele>0</ele>
      </trkpt>
      <trkpt lat="44.53693895583654" lon="14.3106668305128">
        <ele>0</ele>
      </trkpt>
      <trkpt lat="44.536575681136846" lon="14.311038694419116">
        <ele>0</ele>
      </trkpt>
      <trkpt lat="44.53621240643715" lon="14.311410558325433">
        <ele>0</ele>
      </trkpt>
      <trkpt lat="44.53584913173746" lon="14.311782422231751">
        <ele>0</ele>
      </trkpt>
      <trkpt lat="44.535485857037756" lon="14.312154286138068">
        <ele>0</ele>
      </trkpt>
      <trkpt lat="44.53512258233806" lon="14.312526150044386">
        <ele>0</ele>
      </trkpt>
      <trkpt lat="44.53475930763837" lon="14.312898013950702">
        <ele>0</ele>
      </trkpt>
      <trkpt lat="44.53439603293867" lon="14.31326987785702">
        <ele>0</ele>
      </trkpt>
      <trkpt lat="44.53403275823897" lon="14.313641741763337">
        <ele>0</ele>
      </trkpt>
      <trkpt lat="44.53366948353928" lon="14.314013605669656">
        <ele>0</ele>
      </trkpt>
      <trkpt lat="44.53330620883958" lon="14.314385469575972">
        <ele>0</ele>
      </trkpt>
      <trkpt lat="44.53294293413989" lon="14.314757333482289">
        <ele>0</ele>
      </trkpt>
      <trkpt lat="44.53257965944019" lon="14.315129197388607">
        <ele>0</ele>
      </trkpt>
      <trkpt lat="44.532216384740494" lon="14.315501061294924">
        <ele>0</ele>
      </trkpt>
      <trkpt lat="44.5318531100408" lon="14.315872925201242">
        <ele>0</ele>
      </trkpt>
      <trkpt lat="44.531489835341105" lon="14.316244789107559">
        <ele>0</ele>
      </trkpt>
      <trkpt lat="44.531126560641404" lon="14.316616653013877">
        <ele>0</ele>
      </trkpt>
      <trkpt lat="44.53076328594171" lon="14.316988516920194">
        <ele>0</ele>
      </trkpt>
      <trkpt lat="44.530400011242016" lon="14.317360380826512">
        <ele>0</ele>
      </trkpt>
      <trkpt lat="44.53003673654232" lon="14.317732244732829">
        <ele>0</ele>
      </trkpt>
      <trkpt lat="44.52989481745192" lon="14.317877519334615">
        <ele>0</ele>
      </trkpt>
      <trkpt lat="44.52946054916815" lon="14.317713919608218">
        <ele>0</ele>
      </trkpt>
      <trkpt lat="44.52902628088438" lon="14.317550319881821">
        <ele>0</ele>
      </trkpt>
      <trkpt lat="44.52859201260062" lon="14.317386720155422">
        <ele>0</ele>
      </trkpt>
      <trkpt lat="44.52815774431685" lon="14.317223120429025">
        <ele>0</ele>
      </trkpt>
      <trkpt lat="44.52772347603308" lon="14.317059520702628">
        <ele>0</ele>
      </trkpt>
      <trkpt lat="44.52728920774931" lon="14.316895920976231">
        <ele>0</ele>
      </trkpt>
      <trkpt lat="44.526854939465544" lon="14.316732321249832">
        <ele>0</ele>
      </trkpt>
      <trkpt lat="44.52642067118178" lon="14.316568721523435">
        <ele>0</ele>
      </trkpt>
      <trkpt lat="44.52598640289801" lon="14.316405121797038">
        <ele>0</ele>
      </trkpt>
      <trkpt lat="44.525552134614244" lon="14.31624152207064">
        <ele>0</ele>
      </trkpt>
      <trkpt lat="44.525117866330476" lon="14.316077922344242">
        <ele>0</ele>
      </trkpt>
      <trkpt lat="44.524683598046714" lon="14.315914322617845">
        <ele>0</ele>
      </trkpt>
      <trkpt lat="44.524249329762945" lon="14.315750722891448">
        <ele>0</ele>
      </trkpt>
      <trkpt lat="44.523815061479176" lon="14.31558712316505">
        <ele>0</ele>
      </trkpt>
      <trkpt lat="44.52338079319541" lon="14.315423523438652">
        <ele>0</ele>
      </trkpt>
      <trkpt lat="44.52294652491164" lon="14.315259923712254">
        <ele>0</ele>
      </trkpt>
      <trkpt lat="44.52251225662788" lon="14.315096323985857">
        <ele>0</ele>
      </trkpt>
      <trkpt lat="44.52207798834411" lon="14.31493272425946">
        <ele>0</ele>
      </trkpt>
      <trkpt lat="44.52164372006034" lon="14.314769124533061">
        <ele>0</ele>
      </trkpt>
      <trkpt lat="44.52120945177657" lon="14.314605524806664">
        <ele>0</ele>
      </trkpt>
      <trkpt lat="44.5207751834928" lon="14.314441925080267">
        <ele>0</ele>
      </trkpt>
      <trkpt lat="44.52034091520904" lon="14.31427832535387">
        <ele>0</ele>
      </trkpt>
      <trkpt lat="44.51990664692527" lon="14.314114725627473">
        <ele>0</ele>
      </trkpt>
      <trkpt lat="44.5194723786415" lon="14.313951125901074">
        <ele>0</ele>
      </trkpt>
      <trkpt lat="44.519038110357734" lon="14.313787526174677">
        <ele>0</ele>
      </trkpt>
      <trkpt lat="44.51860384207397" lon="14.31362392644828">
        <ele>0</ele>
      </trkpt>
      <trkpt lat="44.5181695737902" lon="14.313460326721883">
        <ele>0</ele>
      </trkpt>
      <trkpt lat="44.517735305506434" lon="14.313296726995484">
        <ele>0</ele>
      </trkpt>
      <trkpt lat="44.517301037222666" lon="14.313133127269086">
        <ele>0</ele>
      </trkpt>
      <trkpt lat="44.5168667689389" lon="14.31296952754269">
        <ele>0</ele>
      </trkpt>
      <trkpt lat="44.516432500655135" lon="14.312805927816292">
        <ele>0</ele>
      </trkpt>
      <trkpt lat="44.515998232371366" lon="14.312642328089893">
        <ele>0</ele>
      </trkpt>
      <trkpt lat="44.5157251566026" lon="14.312539453616381">
        <ele>0</ele>
      </trkpt>
      <trkpt lat="44.51528649684525" lon="14.31240082546017">
        <ele>0</ele>
      </trkpt>
      <trkpt lat="44.5148478370879" lon="14.31226219730396">
        <ele>0</ele>
      </trkpt>
      <trkpt lat="44.51440917733054" lon="14.312123569147749">
        <ele>0</ele>
      </trkpt>
      <trkpt lat="44.51397051757319" lon="14.311984940991538">
        <ele>0</ele>
      </trkpt>
      <trkpt lat="44.51353185781584" lon="14.311846312835328">
        <ele>0</ele>
      </trkpt>
      <trkpt lat="44.51309319805849" lon="14.311707684679117">
        <ele>0</ele>
      </trkpt>
      <trkpt lat="44.51265453830114" lon="14.311569056522906">
        <ele>0</ele>
      </trkpt>
      <trkpt lat="44.512215878543785" lon="14.311430428366695">
        <ele>0</ele>
      </trkpt>
      <trkpt lat="44.512211869744704" lon="14.31142916147951">
        <ele>0</ele>
      </trkpt>
      <trkpt lat="44.51258950124672" lon="14.311771490544261">
        <ele>0</ele>
      </trkpt>
      <trkpt lat="44.51296713274874" lon="14.312113819609012">
        <ele>0</ele>
      </trkpt>
      <trkpt lat="44.51334476425077" lon="14.312456148673764">
        <ele>0</ele>
      </trkpt>
      <trkpt lat="44.51372239575279" lon="14.312798477738514">
        <ele>0</ele>
      </trkpt>
      <trkpt lat="44.514100027254806" lon="14.313140806803267">
        <ele>0</ele>
      </trkpt>
      <trkpt lat="44.514477658756824" lon="14.313483135868017">
        <ele>0</ele>
      </trkpt>
      <trkpt lat="44.51485529025885" lon="14.31382546493277">
        <ele>0</ele>
      </trkpt>
      <trkpt lat="44.51523292176087" lon="14.314167793997521">
        <ele>0</ele>
      </trkpt>
      <trkpt lat="44.51561055326289" lon="14.314510123062272">
        <ele>0</ele>
      </trkpt>
      <trkpt lat="44.51564394732608" lon="14.314540395320705">
        <ele>0</ele>
      </trkpt>
      <trkpt lat="44.5160264627399" lon="14.314208862928142">
        <ele>0</ele>
      </trkpt>
      <trkpt lat="44.51640897815373" lon="14.313877330535579">
        <ele>0</ele>
      </trkpt>
      <trkpt lat="44.516791493567546" lon="14.313545798143014">
        <ele>0</ele>
      </trkpt>
      <trkpt lat="44.517174008981364" lon="14.313214265750451">
        <ele>0</ele>
      </trkpt>
      <trkpt lat="44.51755652439518" lon="14.312882733357888">
        <ele>0</ele>
      </trkpt>
      <trkpt lat="44.51793903980901" lon="14.312551200965325">
        <ele>0</ele>
      </trkpt>
      <trkpt lat="44.518321555222826" lon="14.31221966857276">
        <ele>0</ele>
      </trkpt>
      <trkpt lat="44.518704070636645" lon="14.311888136180198">
        <ele>0</ele>
      </trkpt>
      <trkpt lat="44.51908658605046" lon="14.311556603787635">
        <ele>0</ele>
      </trkpt>
      <trkpt lat="44.51946910146429" lon="14.311225071395071">
        <ele>0</ele>
      </trkpt>
      <trkpt lat="44.51985161687811" lon="14.310893539002507">
        <ele>0</ele>
      </trkpt>
      <trkpt lat="44.520234132291925" lon="14.310562006609944">
        <ele>0</ele>
      </trkpt>
      <trkpt lat="44.52061664770575" lon="14.31023047421738">
        <ele>0</ele>
      </trkpt>
      <trkpt lat="44.52099916311957" lon="14.309898941824818">
        <ele>0</ele>
      </trkpt>
      <trkpt lat="44.52138167853339" lon="14.309567409432253">
        <ele>0</ele>
      </trkpt>
      <trkpt lat="44.521764193947206" lon="14.30923587703969">
        <ele>0</ele>
      </trkpt>
      <trkpt lat="44.52214670936103" lon="14.308904344647127">
        <ele>0</ele>
      </trkpt>
      <trkpt lat="44.52252922477485" lon="14.308572812254564">
        <ele>0</ele>
      </trkpt>
      <trkpt lat="44.52291174018867" lon="14.308241279862">
        <ele>0</ele>
      </trkpt>
      <trkpt lat="44.52329425560249" lon="14.307909747469436">
        <ele>0</ele>
      </trkpt>
      <trkpt lat="44.52367677101631" lon="14.307578215076873">
        <ele>0</ele>
      </trkpt>
      <trkpt lat="44.52405928643013" lon="14.30724668268431">
        <ele>0</ele>
      </trkpt>
      <trkpt lat="44.52444180184395" lon="14.306915150291745">
        <ele>0</ele>
      </trkpt>
      <trkpt lat="44.524824317257774" lon="14.306583617899182">
        <ele>0</ele>
      </trkpt>
      <trkpt lat="44.52520683267159" lon="14.30625208550662">
        <ele>0</ele>
      </trkpt>
      <trkpt lat="44.52558934808541" lon="14.305920553114056">
        <ele>0</ele>
      </trkpt>
      <trkpt lat="44.525809267268414" lon="14.305729945545636">
        <ele>0</ele>
      </trkpt>
      <trkpt lat="44.52607472646066" lon="14.305220426313145">
        <ele>0</ele>
      </trkpt>
      <trkpt lat="44.5263401856529" lon="14.304710907080656">
        <ele>0</ele>
      </trkpt>
      <trkpt lat="44.52660564484514" lon="14.304201387848165">
        <ele>0</ele>
      </trkpt>
      <trkpt lat="44.52687110403738" lon="14.303691868615674">
        <ele>0</ele>
      </trkpt>
      <trkpt lat="44.527136563229625" lon="14.303182349383185">
        <ele>0</ele>
      </trkpt>
      <trkpt lat="44.52740202242187" lon="14.302672830150694">
        <ele>0</ele>
      </trkpt>
      <trkpt lat="44.52766748161411" lon="14.302163310918203">
        <ele>0</ele>
      </trkpt>
      <trkpt lat="44.52793294080635" lon="14.301653791685714">
        <ele>0</ele>
      </trkpt>
      <trkpt lat="44.528198399998594" lon="14.301144272453223">
        <ele>0</ele>
      </trkpt>
      <trkpt lat="44.52846385919083" lon="14.300634753220733">
        <ele>0</ele>
      </trkpt>
      <trkpt lat="44.52872931838307" lon="14.300125233988242">
        <ele>0</ele>
      </trkpt>
      <trkpt lat="44.52899477757531" lon="14.299615714755753">
        <ele>0</ele>
      </trkpt>
      <trkpt lat="44.529260236767556" lon="14.299106195523262">
        <ele>0</ele>
      </trkpt>
      <trkpt lat="44.5295256959598" lon="14.29859667629077">
        <ele>0</ele>
      </trkpt>
      <trkpt lat="44.52979115515204" lon="14.298087157058282">
        <ele>0</ele>
      </trkpt>
      <trkpt lat="44.53005661434428" lon="14.29757763782579">
        <ele>0</ele>
      </trkpt>
      <trkpt lat="44.530322073536524" lon="14.2970681185933">
        <ele>0</ele>
      </trkpt>
      <trkpt lat="44.53058753272877" lon="14.29655859936081">
        <ele>0</ele>
      </trkpt>
      <trkpt lat="44.53085299192101" lon="14.29604908012832">
        <ele>0</ele>
      </trkpt>
      <trkpt lat="44.53111845111325" lon="14.29553956089583">
        <ele>0</ele>
      </trkpt>
      <trkpt lat="44.53138391030549" lon="14.29503004166334">
        <ele>0</ele>
      </trkpt>
      <trkpt lat="44.531649369497735" lon="14.29452052243085">
        <ele>0</ele>
      </trkpt>
      <trkpt lat="44.53191482868998" lon="14.294011003198358">
        <ele>0</ele>
      </trkpt>
      <trkpt lat="44.53218028788222" lon="14.29350148396587">
        <ele>0</ele>
      </trkpt>
      <trkpt lat="44.53244574707446" lon="14.292991964733378">
        <ele>0</ele>
      </trkpt>
      <trkpt lat="44.532711206266704" lon="14.292482445500887">
        <ele>0</ele>
      </trkpt>
      <trkpt lat="44.532976665458946" lon="14.291972926268398">
        <ele>0</ele>
      </trkpt>
      <trkpt lat="44.53324212465118" lon="14.291463407035907">
        <ele>0</ele>
      </trkpt>
      <trkpt lat="44.533507583843424" lon="14.290953887803417">
        <ele>0</ele>
      </trkpt>
      <trkpt lat="44.533773043035666" lon="14.290444368570927">
        <ele>0</ele>
      </trkpt>
      <trkpt lat="44.53403850222791" lon="14.289934849338437">
        <ele>0</ele>
      </trkpt>
      <trkpt lat="44.53430396142015" lon="14.289425330105946">
        <ele>0</ele>
      </trkpt>
      <trkpt lat="44.53456942061239" lon="14.288915810873455">
        <ele>0</ele>
      </trkpt>
      <trkpt lat="44.534834879804635" lon="14.288406291640966">
        <ele>0</ele>
      </trkpt>
      <trkpt lat="44.53510033899688" lon="14.287896772408475">
        <ele>0</ele>
      </trkpt>
      <trkpt lat="44.53536579818912" lon="14.287387253175984">
        <ele>0</ele>
      </trkpt>
      <trkpt lat="44.53563125738136" lon="14.286877733943495">
        <ele>0</ele>
      </trkpt>
      <trkpt lat="44.5358967165736" lon="14.286368214711004">
        <ele>0</ele>
      </trkpt>
      <trkpt lat="44.536162175765845" lon="14.285858695478513">
        <ele>0</ele>
      </trkpt>
      <trkpt lat="44.53642763495809" lon="14.285349176246024">
        <ele>0</ele>
      </trkpt>
      <trkpt lat="44.53669309415033" lon="14.284839657013533">
        <ele>0</ele>
      </trkpt>
      <trkpt lat="44.53695855334257" lon="14.284330137781042">
        <ele>0</ele>
      </trkpt>
      <trkpt lat="44.537224012534814" lon="14.283820618548553">
        <ele>0</ele>
      </trkpt>
      <trkpt lat="44.537489471727056" lon="14.283311099316062">
        <ele>0</ele>
      </trkpt>
      <trkpt lat="44.5377549309193" lon="14.282801580083571">
        <ele>0</ele>
      </trkpt>
      <trkpt lat="44.538020390111534" lon="14.282292060851082">
        <ele>0</ele>
      </trkpt>
      <trkpt lat="44.538285849303776" lon="14.281782541618592">
        <ele>0</ele>
      </trkpt>
      <trkpt lat="44.53855130849602" lon="14.2812730223861">
        <ele>0</ele>
      </trkpt>
      <trkpt lat="44.53881676768826" lon="14.280763503153612">
        <ele>0</ele>
      </trkpt>
      <trkpt lat="44.5390822268805" lon="14.28025398392112">
        <ele>0</ele>
      </trkpt>
      <trkpt lat="44.539347686072745" lon="14.27974446468863">
        <ele>0</ele>
      </trkpt>
      <trkpt lat="44.53961314526499" lon="14.279234945456139">
        <ele>0</ele>
      </trkpt>
      <trkpt lat="44.53987860445723" lon="14.27872542622365">
        <ele>0</ele>
      </trkpt>
      <trkpt lat="44.54014406364947" lon="14.278215906991159">
        <ele>0</ele>
      </trkpt>
      <trkpt lat="44.54040952284171" lon="14.277706387758668">
        <ele>0</ele>
      </trkpt>
      <trkpt lat="44.540674982033956" lon="14.277196868526179">
        <ele>0</ele>
      </trkpt>
      <trkpt lat="44.5409404412262" lon="14.276687349293688">
        <ele>0</ele>
      </trkpt>
      <trkpt lat="44.54120590041844" lon="14.276177830061197">
        <ele>0</ele>
      </trkpt>
      <trkpt lat="44.54147135961068" lon="14.275668310828708">
        <ele>0</ele>
      </trkpt>
      <trkpt lat="44.541736818802924" lon="14.275158791596217">
        <ele>0</ele>
      </trkpt>
      <trkpt lat="44.54200227799517" lon="14.274649272363726">
        <ele>0</ele>
      </trkpt>
      <trkpt lat="44.54226773718741" lon="14.274139753131237">
        <ele>0</ele>
      </trkpt>
      <trkpt lat="44.54253319637965" lon="14.273630233898746">
        <ele>0</ele>
      </trkpt>
      <trkpt lat="44.542798655571886" lon="14.273120714666256">
        <ele>0</ele>
      </trkpt>
      <trkpt lat="44.54306411476413" lon="14.272611195433766">
        <ele>0</ele>
      </trkpt>
      <trkpt lat="44.54332957395637" lon="14.272101676201276">
        <ele>0</ele>
      </trkpt>
      <trkpt lat="44.54359503314861" lon="14.271592156968785">
        <ele>0</ele>
      </trkpt>
      <trkpt lat="44.543860492340855" lon="14.271082637736296">
        <ele>0</ele>
      </trkpt>
      <trkpt lat="44.5441259515331" lon="14.270573118503805">
        <ele>0</ele>
      </trkpt>
      <trkpt lat="44.54439141072534" lon="14.270063599271314">
        <ele>0</ele>
      </trkpt>
      <trkpt lat="44.54465686991758" lon="14.269554080038825">
        <ele>0</ele>
      </trkpt>
      <trkpt lat="44.54492232910982" lon="14.269044560806334">
        <ele>0</ele>
      </trkpt>
      <trkpt lat="44.545187788302066" lon="14.268535041573843">
        <ele>0</ele>
      </trkpt>
      <trkpt lat="44.54545324749431" lon="14.268025522341354">
        <ele>0</ele>
      </trkpt>
      <trkpt lat="44.54571870668655" lon="14.267516003108863">
        <ele>0</ele>
      </trkpt>
      <trkpt lat="44.54598416587879" lon="14.267006483876372">
        <ele>0</ele>
      </trkpt>
      <trkpt lat="44.546249625071034" lon="14.266496964643881">
        <ele>0</ele>
      </trkpt>
      <trkpt lat="44.54651508426328" lon="14.265987445411392">
        <ele>0</ele>
      </trkpt>
      <trkpt lat="44.54678054345552" lon="14.265477926178901">
        <ele>0</ele>
      </trkpt>
      <trkpt lat="44.54704600264776" lon="14.26496840694641">
        <ele>0</ele>
      </trkpt>
      <trkpt lat="44.54731146184" lon="14.264458887713921">
        <ele>0</ele>
      </trkpt>
      <trkpt lat="44.54757692103224" lon="14.26394936848143">
        <ele>0</ele>
      </trkpt>
      <trkpt lat="44.54784238022448" lon="14.26343984924894">
        <ele>0</ele>
      </trkpt>
      <trkpt lat="44.54810783941672" lon="14.26293033001645">
        <ele>0</ele>
      </trkpt>
      <trkpt lat="44.548373298608965" lon="14.26242081078396">
        <ele>0</ele>
      </trkpt>
      <trkpt lat="44.54863875780121" lon="14.261911291551469">
        <ele>0</ele>
      </trkpt>
      <trkpt lat="44.54890421699345" lon="14.26140177231898">
        <ele>0</ele>
      </trkpt>
      <trkpt lat="44.54916967618569" lon="14.260892253086489">
        <ele>0</ele>
      </trkpt>
      <trkpt lat="44.549435135377934" lon="14.260382733853998">
        <ele>0</ele>
      </trkpt>
      <trkpt lat="44.549700594570176" lon="14.259873214621509">
        <ele>0</ele>
      </trkpt>
      <trkpt lat="44.54996605376242" lon="14.259363695389018">
        <ele>0</ele>
      </trkpt>
      <trkpt lat="44.55023151295466" lon="14.258854176156527">
        <ele>0</ele>
      </trkpt>
      <trkpt lat="44.5504969721469" lon="14.258344656924038">
        <ele>0</ele>
      </trkpt>
      <trkpt lat="44.550762431339145" lon="14.257835137691547">
        <ele>0</ele>
      </trkpt>
      <trkpt lat="44.55102789053139" lon="14.257325618459056">
        <ele>0</ele>
      </trkpt>
      <trkpt lat="44.55129334972363" lon="14.256816099226565">
        <ele>0</ele>
      </trkpt>
      <trkpt lat="44.55155880891587" lon="14.256306579994076">
        <ele>0</ele>
      </trkpt>
      <trkpt lat="44.55182426810811" lon="14.255797060761585">
        <ele>0</ele>
      </trkpt>
      <trkpt lat="44.552089727300356" lon="14.255287541529094">
        <ele>0</ele>
      </trkpt>
      <trkpt lat="44.55235518649259" lon="14.254778022296605">
        <ele>0</ele>
      </trkpt>
      <trkpt lat="44.55262064568483" lon="14.254268503064115">
        <ele>0</ele>
      </trkpt>
      <trkpt lat="44.552886104877075" lon="14.253758983831624">
        <ele>0</ele>
      </trkpt>
      <trkpt lat="44.55315156406932" lon="14.253249464599135">
        <ele>0</ele>
      </trkpt>
      <trkpt lat="44.55341702326156" lon="14.252739945366644">
        <ele>0</ele>
      </trkpt>
      <trkpt lat="44.5536824824538" lon="14.252230426134153">
        <ele>0</ele>
      </trkpt>
      <trkpt lat="44.553947941646044" lon="14.251720906901664">
        <ele>0</ele>
      </trkpt>
      <trkpt lat="44.554213400838286" lon="14.251211387669173">
        <ele>0</ele>
      </trkpt>
      <trkpt lat="44.55447886003053" lon="14.250701868436682">
        <ele>0</ele>
      </trkpt>
      <trkpt lat="44.55474431922277" lon="14.250192349204193">
        <ele>0</ele>
      </trkpt>
      <trkpt lat="44.55500977841501" lon="14.249682829971702">
        <ele>0</ele>
      </trkpt>
      <trkpt lat="44.555275237607255" lon="14.249173310739211">
        <ele>0</ele>
      </trkpt>
      <trkpt lat="44.5555406967995" lon="14.248663791506722">
        <ele>0</ele>
      </trkpt>
      <trkpt lat="44.55580615599174" lon="14.248154272274231">
        <ele>0</ele>
      </trkpt>
      <trkpt lat="44.55607161518398" lon="14.24764475304174">
        <ele>0</ele>
      </trkpt>
      <trkpt lat="44.55633707437622" lon="14.247135233809251">
        <ele>0</ele>
      </trkpt>
      <trkpt lat="44.556602533568466" lon="14.24662571457676">
        <ele>0</ele>
      </trkpt>
      <trkpt lat="44.55686799276071" lon="14.24611619534427">
        <ele>0</ele>
      </trkpt>
      <trkpt lat="44.55713345195295" lon="14.24560667611178">
        <ele>0</ele>
      </trkpt>
      <trkpt lat="44.557398911145185" lon="14.24509715687929">
        <ele>0</ele>
      </trkpt>
      <trkpt lat="44.55766437033743" lon="14.244587637646799">
        <ele>0</ele>
      </trkpt>
      <trkpt lat="44.55792982952967" lon="14.244078118414308">
        <ele>0</ele>
      </trkpt>
      <trkpt lat="44.55819528872191" lon="14.243568599181819">
        <ele>0</ele>
      </trkpt>
      <trkpt lat="44.558460747914154" lon="14.243059079949328">
        <ele>0</ele>
      </trkpt>
      <trkpt lat="44.558726207106396" lon="14.242549560716837">
        <ele>0</ele>
      </trkpt>
      <trkpt lat="44.55899166629864" lon="14.242040041484348">
        <ele>0</ele>
      </trkpt>
      <trkpt lat="44.55925712549088" lon="14.241530522251857">
        <ele>0</ele>
      </trkpt>
      <trkpt lat="44.55952258468312" lon="14.241021003019366">
        <ele>0</ele>
      </trkpt>
      <trkpt lat="44.559788043875365" lon="14.240511483786877">
        <ele>0</ele>
      </trkpt>
      <trkpt lat="44.56005350306761" lon="14.240001964554386">
        <ele>0</ele>
      </trkpt>
      <trkpt lat="44.56031896225985" lon="14.239492445321895">
        <ele>0</ele>
      </trkpt>
      <trkpt lat="44.56058442145209" lon="14.238982926089406">
        <ele>0</ele>
      </trkpt>
      <trkpt lat="44.560849880644334" lon="14.238473406856915">
        <ele>0</ele>
      </trkpt>
      <trkpt lat="44.561115339836576" lon="14.237963887624424">
        <ele>0</ele>
      </trkpt>
      <trkpt lat="44.56138079902882" lon="14.237454368391935">
        <ele>0</ele>
      </trkpt>
      <trkpt lat="44.56164625822106" lon="14.236944849159444">
        <ele>0</ele>
      </trkpt>
      <trkpt lat="44.5619117174133" lon="14.236435329926953">
        <ele>0</ele>
      </trkpt>
      <trkpt lat="44.56217717660554" lon="14.235925810694464">
        <ele>0</ele>
      </trkpt>
      <trkpt lat="44.56244263579778" lon="14.235416291461974">
        <ele>0</ele>
      </trkpt>
      <trkpt lat="44.56270809499002" lon="14.234906772229483">
        <ele>0</ele>
      </trkpt>
      <trkpt lat="44.562973554182264" lon="14.234397252996992">
        <ele>0</ele>
      </trkpt>
      <trkpt lat="44.563239013374506" lon="14.233887733764503">
        <ele>0</ele>
      </trkpt>
      <trkpt lat="44.56350447256675" lon="14.233378214532012">
        <ele>0</ele>
      </trkpt>
      <trkpt lat="44.56376993175899" lon="14.232868695299521">
        <ele>0</ele>
      </trkpt>
      <trkpt lat="44.56403539095123" lon="14.232359176067032">
        <ele>0</ele>
      </trkpt>
      <trkpt lat="44.564300850143475" lon="14.231849656834541">
        <ele>0</ele>
      </trkpt>
      <trkpt lat="44.56456630933572" lon="14.23134013760205">
        <ele>0</ele>
      </trkpt>
      <trkpt lat="44.56483176852796" lon="14.230830618369561">
        <ele>0</ele>
      </trkpt>
      <trkpt lat="44.5650972277202" lon="14.23032109913707">
        <ele>0</ele>
      </trkpt>
      <trkpt lat="44.565362686912444" lon="14.22981157990458">
        <ele>0</ele>
      </trkpt>
      <trkpt lat="44.565628146104686" lon="14.22930206067209">
        <ele>0</ele>
      </trkpt>
      <trkpt lat="44.56589360529693" lon="14.2287925414396">
        <ele>0</ele>
      </trkpt>
      <trkpt lat="44.56615906448917" lon="14.228283022207108">
        <ele>0</ele>
      </trkpt>
      <trkpt lat="44.56642452368141" lon="14.22777350297462">
        <ele>0</ele>
      </trkpt>
      <trkpt lat="44.566689982873655" lon="14.227263983742128">
        <ele>0</ele>
      </trkpt>
      <trkpt lat="44.56695544206589" lon="14.226754464509638">
        <ele>0</ele>
      </trkpt>
      <trkpt lat="44.56722090125813" lon="14.226244945277148">
        <ele>0</ele>
      </trkpt>
      <trkpt lat="44.567486360450374" lon="14.225735426044658">
        <ele>0</ele>
      </trkpt>
      <trkpt lat="44.567751819642616" lon="14.225225906812167">
        <ele>0</ele>
      </trkpt>
      <trkpt lat="44.56801727883486" lon="14.224716387579678">
        <ele>0</ele>
      </trkpt>
      <trkpt lat="44.5682827380271" lon="14.224206868347187">
        <ele>0</ele>
      </trkpt>
      <trkpt lat="44.56854819721934" lon="14.223697349114696">
        <ele>0</ele>
      </trkpt>
      <trkpt lat="44.568813656411585" lon="14.223187829882207">
        <ele>0</ele>
      </trkpt>
      <trkpt lat="44.56907911560383" lon="14.222678310649716">
        <ele>0</ele>
      </trkpt>
      <trkpt lat="44.56934457479607" lon="14.222168791417225">
        <ele>0</ele>
      </trkpt>
      <trkpt lat="44.56961003398831" lon="14.221659272184734">
        <ele>0</ele>
      </trkpt>
      <trkpt lat="44.569875493180554" lon="14.221149752952245">
        <ele>0</ele>
      </trkpt>
      <trkpt lat="44.570140952372796" lon="14.220640233719754">
        <ele>0</ele>
      </trkpt>
      <trkpt lat="44.57040641156504" lon="14.220130714487263">
        <ele>0</ele>
      </trkpt>
      <trkpt lat="44.57067187075728" lon="14.219621195254774">
        <ele>0</ele>
      </trkpt>
      <trkpt lat="44.57093732994952" lon="14.219111676022283">
        <ele>0</ele>
      </trkpt>
      <trkpt lat="44.571202789141765" lon="14.218602156789792">
        <ele>0</ele>
      </trkpt>
      <trkpt lat="44.57146824833401" lon="14.218092637557303">
        <ele>0</ele>
      </trkpt>
      <trkpt lat="44.57173370752624" lon="14.217583118324812">
        <ele>0</ele>
      </trkpt>
      <trkpt lat="44.571999166718484" lon="14.217073599092322">
        <ele>0</ele>
      </trkpt>
      <trkpt lat="44.57226462591073" lon="14.216564079859833">
        <ele>0</ele>
      </trkpt>
      <trkpt lat="44.57253008510297" lon="14.216054560627342">
        <ele>0</ele>
      </trkpt>
      <trkpt lat="44.57279554429521" lon="14.21554504139485">
        <ele>0</ele>
      </trkpt>
      <trkpt lat="44.57306100348745" lon="14.215035522162362">
        <ele>0</ele>
      </trkpt>
      <trkpt lat="44.573326462679695" lon="14.21452600292987">
        <ele>0</ele>
      </trkpt>
      <trkpt lat="44.57359192187194" lon="14.21401648369738">
        <ele>0</ele>
      </trkpt>
      <trkpt lat="44.57385738106418" lon="14.213506964464889">
        <ele>0</ele>
      </trkpt>
      <trkpt lat="44.57412284025642" lon="14.2129974452324">
        <ele>0</ele>
      </trkpt>
      <trkpt lat="44.574388299448664" lon="14.212487925999909">
        <ele>0</ele>
      </trkpt>
      <trkpt lat="44.574653758640906" lon="14.211978406767418">
        <ele>0</ele>
      </trkpt>
      <trkpt lat="44.57491921783315" lon="14.211468887534929">
        <ele>0</ele>
      </trkpt>
      <trkpt lat="44.57518467702539" lon="14.210959368302438">
        <ele>0</ele>
      </trkpt>
      <trkpt lat="44.57545013621763" lon="14.210449849069947">
        <ele>0</ele>
      </trkpt>
      <trkpt lat="44.575715595409875" lon="14.209940329837458">
        <ele>0</ele>
      </trkpt>
      <trkpt lat="44.57598105460212" lon="14.209430810604967">
        <ele>0</ele>
      </trkpt>
      <trkpt lat="44.57624651379436" lon="14.208921291372477">
        <ele>0</ele>
      </trkpt>
      <trkpt lat="44.5765119729866" lon="14.208411772139987">
        <ele>0</ele>
      </trkpt>
      <trkpt lat="44.57677743217884" lon="14.207902252907497">
        <ele>0</ele>
      </trkpt>
      <trkpt lat="44.57704289137108" lon="14.207392733675006">
        <ele>0</ele>
      </trkpt>
      <trkpt lat="44.57730835056332" lon="14.206883214442517">
        <ele>0</ele>
      </trkpt>
      <trkpt lat="44.57757380975556" lon="14.206373695210026">
        <ele>0</ele>
      </trkpt>
      <trkpt lat="44.577839268947805" lon="14.205864175977535">
        <ele>0</ele>
      </trkpt>
      <trkpt lat="44.57810472814005" lon="14.205354656745044">
        <ele>0</ele>
      </trkpt>
      <trkpt lat="44.57837018733229" lon="14.204845137512555">
        <ele>0</ele>
      </trkpt>
      <trkpt lat="44.57863564652453" lon="14.204335618280064">
        <ele>0</ele>
      </trkpt>
      <trkpt lat="44.578901105716774" lon="14.203826099047573">
        <ele>0</ele>
      </trkpt>
      <trkpt lat="44.579166564909016" lon="14.203316579815084">
        <ele>0</ele>
      </trkpt>
      <trkpt lat="44.57943202410126" lon="14.202807060582593">
        <ele>0</ele>
      </trkpt>
      <trkpt lat="44.5796974832935" lon="14.202297541350102">
        <ele>0</ele>
      </trkpt>
      <trkpt lat="44.57996294248574" lon="14.201788022117613">
        <ele>0</ele>
      </trkpt>
      <trkpt lat="44.580228401677985" lon="14.201278502885122">
        <ele>0</ele>
      </trkpt>
      <trkpt lat="44.58049386087023" lon="14.200768983652631">
        <ele>0</ele>
      </trkpt>
      <trkpt lat="44.58075932006247" lon="14.200259464420142">
        <ele>0</ele>
      </trkpt>
      <trkpt lat="44.58102477925471" lon="14.199749945187651">
        <ele>0</ele>
      </trkpt>
      <trkpt lat="44.581290238446954" lon="14.19924042595516">
        <ele>0</ele>
      </trkpt>
      <trkpt lat="44.58155569763919" lon="14.198730906722671">
        <ele>0</ele>
      </trkpt>
      <trkpt lat="44.58182115683143" lon="14.19822138749018">
        <ele>0</ele>
      </trkpt>
      <trkpt lat="44.58208661602367" lon="14.19771186825769">
        <ele>0</ele>
      </trkpt>
      <trkpt lat="44.582352075215915" lon="14.197202349025199">
        <ele>0</ele>
      </trkpt>
      <trkpt lat="44.58261753440816" lon="14.19669282979271">
        <ele>0</ele>
      </trkpt>
      <trkpt lat="44.5828829936004" lon="14.196183310560219">
        <ele>0</ele>
      </trkpt>
      <trkpt lat="44.58314845279264" lon="14.195673791327728">
        <ele>0</ele>
      </trkpt>
      <trkpt lat="44.583413911984884" lon="14.195164272095239">
        <ele>0</ele>
      </trkpt>
      <trkpt lat="44.583679371177126" lon="14.194654752862748">
        <ele>0</ele>
      </trkpt>
      <trkpt lat="44.58394483036937" lon="14.194145233630257">
        <ele>0</ele>
      </trkpt>
      <trkpt lat="44.58421028956161" lon="14.193635714397768">
        <ele>0</ele>
      </trkpt>
      <trkpt lat="44.58447574875385" lon="14.193126195165277">
        <ele>0</ele>
      </trkpt>
      <trkpt lat="44.584741207946095" lon="14.192616675932786">
        <ele>0</ele>
      </trkpt>
      <trkpt lat="44.58500666713834" lon="14.192107156700297">
        <ele>0</ele>
      </trkpt>
      <trkpt lat="44.58527212633058" lon="14.191597637467806">
        <ele>0</ele>
      </trkpt>
      <trkpt lat="44.58553758552282" lon="14.191088118235315">
        <ele>0</ele>
      </trkpt>
      <trkpt lat="44.585803044715064" lon="14.190578599002826">
        <ele>0</ele>
      </trkpt>
      <trkpt lat="44.586068503907306" lon="14.190069079770335">
        <ele>0</ele>
      </trkpt>
      <trkpt lat="44.58633396309954" lon="14.189559560537845">
        <ele>0</ele>
      </trkpt>
      <trkpt lat="44.58659942229178" lon="14.189050041305354">
        <ele>0</ele>
      </trkpt>
      <trkpt lat="44.586864881484026" lon="14.188540522072865">
        <ele>0</ele>
      </trkpt>
      <trkpt lat="44.58713034067627" lon="14.188031002840374">
        <ele>0</ele>
      </trkpt>
      <trkpt lat="44.58739579986851" lon="14.187521483607883">
        <ele>0</ele>
      </trkpt>
      <trkpt lat="44.58766125906075" lon="14.187011964375394">
        <ele>0</ele>
      </trkpt>
      <trkpt lat="44.587926718252994" lon="14.186502445142903">
        <ele>0</ele>
      </trkpt>
      <trkpt lat="44.58819217744524" lon="14.185992925910412">
        <ele>0</ele>
      </trkpt>
      <trkpt lat="44.58845763663748" lon="14.185483406677923">
        <ele>0</ele>
      </trkpt>
      <trkpt lat="44.58872309582972" lon="14.184973887445432">
        <ele>0</ele>
      </trkpt>
      <trkpt lat="44.58898855502196" lon="14.184464368212941">
        <ele>0</ele>
      </trkpt>
      <trkpt lat="44.589254014214205" lon="14.183954848980452">
        <ele>0</ele>
      </trkpt>
      <trkpt lat="44.58951947340645" lon="14.183445329747961">
        <ele>0</ele>
      </trkpt>
      <trkpt lat="44.58978493259869" lon="14.18293581051547">
        <ele>0</ele>
      </trkpt>
      <trkpt lat="44.59005039179093" lon="14.182426291282981">
        <ele>0</ele>
      </trkpt>
      <trkpt lat="44.590315850983174" lon="14.18191677205049">
        <ele>0</ele>
      </trkpt>
      <trkpt lat="44.590581310175416" lon="14.181407252818">
        <ele>0</ele>
      </trkpt>
      <trkpt lat="44.59084676936766" lon="14.180897733585509">
        <ele>0</ele>
      </trkpt>
      <trkpt lat="44.5911122285599" lon="14.18038821435302">
        <ele>0</ele>
      </trkpt>
      <trkpt lat="44.591377687752136" lon="14.179878695120529">
        <ele>0</ele>
      </trkpt>
      <trkpt lat="44.59164314694438" lon="14.179369175888038">
        <ele>0</ele>
      </trkpt>
      <trkpt lat="44.59190860613662" lon="14.178859656655549">
        <ele>0</ele>
      </trkpt>
      <trkpt lat="44.59217406532886" lon="14.178350137423058">
        <ele>0</ele>
      </trkpt>
      <trkpt lat="44.592439524521104" lon="14.177840618190567">
        <ele>0</ele>
      </trkpt>
      <trkpt lat="44.59270498371335" lon="14.177331098958078">
        <ele>0</ele>
      </trkpt>
      <trkpt lat="44.59297044290559" lon="14.176821579725587">
        <ele>0</ele>
      </trkpt>
      <trkpt lat="44.59323590209783" lon="14.176312060493096">
        <ele>0</ele>
      </trkpt>
      <trkpt lat="44.59350136129007" lon="14.175802541260607">
        <ele>0</ele>
      </trkpt>
      <trkpt lat="44.593766820482315" lon="14.175293022028116">
        <ele>0</ele>
      </trkpt>
      <trkpt lat="44.59403227967456" lon="14.174783502795625">
        <ele>0</ele>
      </trkpt>
      <trkpt lat="44.5942977388668" lon="14.174273983563136">
        <ele>0</ele>
      </trkpt>
      <trkpt lat="44.59456319805904" lon="14.173764464330645">
        <ele>0</ele>
      </trkpt>
      <trkpt lat="44.594828657251284" lon="14.173254945098154">
        <ele>0</ele>
      </trkpt>
      <trkpt lat="44.595094116443526" lon="14.172745425865664">
        <ele>0</ele>
      </trkpt>
      <trkpt lat="44.59535957563577" lon="14.172235906633174">
        <ele>0</ele>
      </trkpt>
      <trkpt lat="44.59562503482801" lon="14.171726387400684">
        <ele>0</ele>
      </trkpt>
      <trkpt lat="44.59589049402025" lon="14.171216868168193">
        <ele>0</ele>
      </trkpt>
      <trkpt lat="44.59615595321249" lon="14.170707348935704">
        <ele>0</ele>
      </trkpt>
      <trkpt lat="44.59642141240473" lon="14.170197829703213">
        <ele>0</ele>
      </trkpt>
      <trkpt lat="44.59668687159697" lon="14.169688310470722">
        <ele>0</ele>
      </trkpt>
      <trkpt lat="44.596952330789215" lon="14.169178791238233">
        <ele>0</ele>
      </trkpt>
      <trkpt lat="44.59721778998146" lon="14.168669272005742">
        <ele>0</ele>
      </trkpt>
      <trkpt lat="44.5974832491737" lon="14.168159752773251">
        <ele>0</ele>
      </trkpt>
      <trkpt lat="44.59774870836594" lon="14.167650233540762">
        <ele>0</ele>
      </trkpt>
      <trkpt lat="44.59801416755818" lon="14.167140714308271">
        <ele>0</ele>
      </trkpt>
      <trkpt lat="44.598279626750426" lon="14.16663119507578">
        <ele>0</ele>
      </trkpt>
      <trkpt lat="44.59854508594267" lon="14.166121675843291">
        <ele>0</ele>
      </trkpt>
      <trkpt lat="44.59881054513491" lon="14.1656121566108">
        <ele>0</ele>
      </trkpt>
      <trkpt lat="44.59907600432715" lon="14.16510263737831">
        <ele>0</ele>
      </trkpt>
      <trkpt lat="44.599341463519394" lon="14.16459311814582">
        <ele>0</ele>
      </trkpt>
      <trkpt lat="44.59960692271164" lon="14.16408359891333">
        <ele>0</ele>
      </trkpt>
      <trkpt lat="44.59987238190388" lon="14.163574079680838">
        <ele>0</ele>
      </trkpt>
      <trkpt lat="44.60013784109612" lon="14.163064560448348">
        <ele>0</ele>
      </trkpt>
      <trkpt lat="44.60040330028836" lon="14.162555041215859">
        <ele>0</ele>
      </trkpt>
      <trkpt lat="44.600668759480605" lon="14.162045521983368">
        <ele>0</ele>
      </trkpt>
      <trkpt lat="44.60093421867285" lon="14.161536002750877">
        <ele>0</ele>
      </trkpt>
      <trkpt lat="44.60119967786508" lon="14.161026483518388">
        <ele>0</ele>
      </trkpt>
      <trkpt lat="44.601465137057325" lon="14.160516964285897">
        <ele>0</ele>
      </trkpt>
      <trkpt lat="44.60173059624957" lon="14.160007445053406">
        <ele>0</ele>
      </trkpt>
      <trkpt lat="44.60199605544181" lon="14.159497925820917">
        <ele>0</ele>
      </trkpt>
      <trkpt lat="44.60226151463405" lon="14.158988406588426">
        <ele>0</ele>
      </trkpt>
      <trkpt lat="44.60252697382629" lon="14.158478887355935">
        <ele>0</ele>
      </trkpt>
      <trkpt lat="44.602792433018536" lon="14.157969368123446">
        <ele>0</ele>
      </trkpt>
      <trkpt lat="44.60305789221078" lon="14.157459848890955">
        <ele>0</ele>
      </trkpt>
      <trkpt lat="44.60332335140302" lon="14.156950329658464">
        <ele>0</ele>
      </trkpt>
      <trkpt lat="44.60358881059526" lon="14.156440810425975">
        <ele>0</ele>
      </trkpt>
      <trkpt lat="44.603854269787504" lon="14.155931291193484">
        <ele>0</ele>
      </trkpt>
      <trkpt lat="44.60411972897975" lon="14.155421771960993">
        <ele>0</ele>
      </trkpt>
      <trkpt lat="44.60438518817199" lon="14.154912252728503">
        <ele>0</ele>
      </trkpt>
      <trkpt lat="44.60465064736423" lon="14.154402733496013">
        <ele>0</ele>
      </trkpt>
      <trkpt lat="44.60491610655647" lon="14.153893214263523">
        <ele>0</ele>
      </trkpt>
      <trkpt lat="44.605181565748715" lon="14.153383695031032">
        <ele>0</ele>
      </trkpt>
      <trkpt lat="44.60544702494096" lon="14.152874175798543">
        <ele>0</ele>
      </trkpt>
      <trkpt lat="44.6057124841332" lon="14.152364656566052">
        <ele>0</ele>
      </trkpt>
      <trkpt lat="44.605977943325435" lon="14.15185513733356">
        <ele>0</ele>
      </trkpt>
      <trkpt lat="44.60624340251768" lon="14.151345618101072">
        <ele>0</ele>
      </trkpt>
      <trkpt lat="44.60650886170992" lon="14.15083609886858">
        <ele>0</ele>
      </trkpt>
      <trkpt lat="44.60677432090216" lon="14.15032657963609">
        <ele>0</ele>
      </trkpt>
      <trkpt lat="44.607039780094404" lon="14.1498170604036">
        <ele>0</ele>
      </trkpt>
      <trkpt lat="44.607305239286646" lon="14.14930754117111">
        <ele>0</ele>
      </trkpt>
      <trkpt lat="44.60757069847889" lon="14.14879802193862">
        <ele>0</ele>
      </trkpt>
      <trkpt lat="44.60783615767113" lon="14.14828850270613">
        <ele>0</ele>
      </trkpt>
      <trkpt lat="44.60810161686337" lon="14.14777898347364">
        <ele>0</ele>
      </trkpt>
      <trkpt lat="44.608367076055615" lon="14.147269464241148">
        <ele>0</ele>
      </trkpt>
      <trkpt lat="44.60863253524786" lon="14.146759945008657">
        <ele>0</ele>
      </trkpt>
      <trkpt lat="44.6088979944401" lon="14.146250425776168">
        <ele>0</ele>
      </trkpt>
      <trkpt lat="44.60916345363234" lon="14.145740906543677">
        <ele>0</ele>
      </trkpt>
      <trkpt lat="44.60942891282458" lon="14.145231387311187">
        <ele>0</ele>
      </trkpt>
      <trkpt lat="44.609694372016826" lon="14.144721868078697">
        <ele>0</ele>
      </trkpt>
      <trkpt lat="44.60995983120907" lon="14.144212348846207">
        <ele>0</ele>
      </trkpt>
      <trkpt lat="44.61022529040131" lon="14.143702829613716">
        <ele>0</ele>
      </trkpt>
      <trkpt lat="44.61049074959355" lon="14.143193310381227">
        <ele>0</ele>
      </trkpt>
      <trkpt lat="44.61075620878579" lon="14.142683791148736">
        <ele>0</ele>
      </trkpt>
      <trkpt lat="44.61102166797803" lon="14.142174271916245">
        <ele>0</ele>
      </trkpt>
      <trkpt lat="44.61128712717027" lon="14.141664752683756">
        <ele>0</ele>
      </trkpt>
      <trkpt lat="44.611552586362514" lon="14.141155233451265">
        <ele>0</ele>
      </trkpt>
      <trkpt lat="44.611818045554756" lon="14.140645714218774">
        <ele>0</ele>
      </trkpt>
      <trkpt lat="44.612083504747" lon="14.140136194986285">
        <ele>0</ele>
      </trkpt>
      <trkpt lat="44.61234896393924" lon="14.139626675753794">
        <ele>0</ele>
      </trkpt>
      <trkpt lat="44.61261442313148" lon="14.139117156521303">
        <ele>0</ele>
      </trkpt>
      <trkpt lat="44.612879882323725" lon="14.138607637288812">
        <ele>0</ele>
      </trkpt>
      <trkpt lat="44.61314534151597" lon="14.138098118056323">
        <ele>0</ele>
      </trkpt>
      <trkpt lat="44.61341080070821" lon="14.137588598823832">
        <ele>0</ele>
      </trkpt>
      <trkpt lat="44.61367625990045" lon="14.137079079591341">
        <ele>0</ele>
      </trkpt>
      <trkpt lat="44.61394171909269" lon="14.136569560358852">
        <ele>0</ele>
      </trkpt>
      <trkpt lat="44.614207178284936" lon="14.136060041126361">
        <ele>0</ele>
      </trkpt>
      <trkpt lat="44.61447263747718" lon="14.13555052189387">
        <ele>0</ele>
      </trkpt>
      <trkpt lat="44.61473809666942" lon="14.135041002661382">
        <ele>0</ele>
      </trkpt>
      <trkpt lat="44.61500355586166" lon="14.13453148342889">
        <ele>0</ele>
      </trkpt>
      <trkpt lat="44.615269015053904" lon="14.1340219641964">
        <ele>0</ele>
      </trkpt>
      <trkpt lat="44.61553447424615" lon="14.13351244496391">
        <ele>0</ele>
      </trkpt>
      <trkpt lat="44.61579993343838" lon="14.13300292573142">
        <ele>0</ele>
      </trkpt>
      <trkpt lat="44.616065392630624" lon="14.132493406498929">
        <ele>0</ele>
      </trkpt>
      <trkpt lat="44.616330851822866" lon="14.13198388726644">
        <ele>0</ele>
      </trkpt>
      <trkpt lat="44.61659631101511" lon="14.131474368033949">
        <ele>0</ele>
      </trkpt>
      <trkpt lat="44.61686177020735" lon="14.130964848801458">
        <ele>0</ele>
      </trkpt>
      <trkpt lat="44.61712722939959" lon="14.130455329568967">
        <ele>0</ele>
      </trkpt>
      <trkpt lat="44.617392688591835" lon="14.129945810336478">
        <ele>0</ele>
      </trkpt>
      <trkpt lat="44.61765814778408" lon="14.129436291103987">
        <ele>0</ele>
      </trkpt>
      <trkpt lat="44.61792360697632" lon="14.128926771871496">
        <ele>0</ele>
      </trkpt>
      <trkpt lat="44.61818906616856" lon="14.128417252639007">
        <ele>0</ele>
      </trkpt>
      <trkpt lat="44.618454525360804" lon="14.127907733406516">
        <ele>0</ele>
      </trkpt>
      <trkpt lat="44.618719984553046" lon="14.127398214174026">
        <ele>0</ele>
      </trkpt>
      <trkpt lat="44.61898544374529" lon="14.126888694941536">
        <ele>0</ele>
      </trkpt>
      <trkpt lat="44.61925090293753" lon="14.126379175709046">
        <ele>0</ele>
      </trkpt>
      <trkpt lat="44.61951636212977" lon="14.125869656476555">
        <ele>0</ele>
      </trkpt>
      <trkpt lat="44.619781821322015" lon="14.125360137244066">
        <ele>0</ele>
      </trkpt>
      <trkpt lat="44.62004728051426" lon="14.124850618011575">
        <ele>0</ele>
      </trkpt>
      <trkpt lat="44.6203127397065" lon="14.124341098779084">
        <ele>0</ele>
      </trkpt>
      <trkpt lat="44.620578198898734" lon="14.123831579546595">
        <ele>0</ele>
      </trkpt>
      <trkpt lat="44.620843658090976" lon="14.123322060314104">
        <ele>0</ele>
      </trkpt>
      <trkpt lat="44.62110911728322" lon="14.122812541081613">
        <ele>0</ele>
      </trkpt>
      <trkpt lat="44.62137457647546" lon="14.122303021849122">
        <ele>0</ele>
      </trkpt>
      <trkpt lat="44.6216400356677" lon="14.121793502616633">
        <ele>0</ele>
      </trkpt>
      <trkpt lat="44.621905494859945" lon="14.121283983384142">
        <ele>0</ele>
      </trkpt>
      <trkpt lat="44.62217095405219" lon="14.120774464151651">
        <ele>0</ele>
      </trkpt>
      <trkpt lat="44.62243641324443" lon="14.120264944919162">
        <ele>0</ele>
      </trkpt>
      <trkpt lat="44.62270187243667" lon="14.119755425686671">
        <ele>0</ele>
      </trkpt>
      <trkpt lat="44.622967331628914" lon="14.11924590645418">
        <ele>0</ele>
      </trkpt>
      <trkpt lat="44.623232790821156" lon="14.118736387221691">
        <ele>0</ele>
      </trkpt>
      <trkpt lat="44.6234982500134" lon="14.1182268679892">
        <ele>0</ele>
      </trkpt>
      <trkpt lat="44.62376370920564" lon="14.11771734875671">
        <ele>0</ele>
      </trkpt>
      <trkpt lat="44.62402916839788" lon="14.11720782952422">
        <ele>0</ele>
      </trkpt>
      <trkpt lat="44.624294627590125" lon="14.11669831029173">
        <ele>0</ele>
      </trkpt>
      <trkpt lat="44.62456008678237" lon="14.116188791059239">
        <ele>0</ele>
      </trkpt>
      <trkpt lat="44.62482554597461" lon="14.11567927182675">
        <ele>0</ele>
      </trkpt>
      <trkpt lat="44.62509100516685" lon="14.115169752594259">
        <ele>0</ele>
      </trkpt>
      <trkpt lat="44.625356464359086" lon="14.114660233361768">
        <ele>0</ele>
      </trkpt>
      <trkpt lat="44.62562192355133" lon="14.114150714129277">
        <ele>0</ele>
      </trkpt>
      <trkpt lat="44.62588738274357" lon="14.113641194896788">
        <ele>0</ele>
      </trkpt>
      <trkpt lat="44.62615284193581" lon="14.113131675664297">
        <ele>0</ele>
      </trkpt>
      <trkpt lat="44.626247313126896" lon="14.112950348777986">
        <ele>0</ele>
      </trkpt>
      <trkpt lat="44.62651687881008" lon="14.112444237466354">
        <ele>0</ele>
      </trkpt>
      <trkpt lat="44.62678644449326" lon="14.111938126154723">
        <ele>0</ele>
      </trkpt>
      <trkpt lat="44.627056010176446" lon="14.11143201484309">
        <ele>0</ele>
      </trkpt>
      <trkpt lat="44.62732557585962" lon="14.110925903531458">
        <ele>0</ele>
      </trkpt>
      <trkpt lat="44.627595141542805" lon="14.110419792219826">
        <ele>0</ele>
      </trkpt>
      <trkpt lat="44.62786470722599" lon="14.109913680908194">
        <ele>0</ele>
      </trkpt>
      <trkpt lat="44.62813427290917" lon="14.109407569596563">
        <ele>0</ele>
      </trkpt>
      <trkpt lat="44.628403838592355" lon="14.108901458284931">
        <ele>0</ele>
      </trkpt>
      <trkpt lat="44.62867340427554" lon="14.108395346973298">
        <ele>0</ele>
      </trkpt>
      <trkpt lat="44.62894296995872" lon="14.107889235661666">
        <ele>0</ele>
      </trkpt>
      <trkpt lat="44.6292125356419" lon="14.107383124350035">
        <ele>0</ele>
      </trkpt>
      <trkpt lat="44.62948210132508" lon="14.106877013038403">
        <ele>0</ele>
      </trkpt>
      <trkpt lat="44.629751667008264" lon="14.106370901726772">
        <ele>0</ele>
      </trkpt>
      <trkpt lat="44.63002123269145" lon="14.10586479041514">
        <ele>0</ele>
      </trkpt>
      <trkpt lat="44.63029079837463" lon="14.105358679103507">
        <ele>0</ele>
      </trkpt>
      <trkpt lat="44.630560364057814" lon="14.104852567791875">
        <ele>0</ele>
      </trkpt>
      <trkpt lat="44.630829929741" lon="14.104346456480243">
        <ele>0</ele>
      </trkpt>
      <trkpt lat="44.63109949542417" lon="14.103840345168612">
        <ele>0</ele>
      </trkpt>
      <trkpt lat="44.63136906110736" lon="14.10333423385698">
        <ele>0</ele>
      </trkpt>
      <trkpt lat="44.63163862679054" lon="14.102828122545349">
        <ele>0</ele>
      </trkpt>
      <trkpt lat="44.63190819247372" lon="14.102322011233715">
        <ele>0</ele>
      </trkpt>
      <trkpt lat="44.63217775815691" lon="14.101815899922084">
        <ele>0</ele>
      </trkpt>
      <trkpt lat="44.63244732384009" lon="14.101309788610452">
        <ele>0</ele>
      </trkpt>
      <trkpt lat="44.63271688952327" lon="14.10080367729882">
        <ele>0</ele>
      </trkpt>
      <trkpt lat="44.632986455206456" lon="14.100297565987189">
        <ele>0</ele>
      </trkpt>
      <trkpt lat="44.63325602088963" lon="14.099791454675557">
        <ele>0</ele>
      </trkpt>
      <trkpt lat="44.633525586572816" lon="14.099285343363924">
        <ele>0</ele>
      </trkpt>
      <trkpt lat="44.633795152256" lon="14.098779232052292">
        <ele>0</ele>
      </trkpt>
      <trkpt lat="44.63406471793918" lon="14.09827312074066">
        <ele>0</ele>
      </trkpt>
      <trkpt lat="44.634334283622366" lon="14.09776700942903">
        <ele>0</ele>
      </trkpt>
      <trkpt lat="44.63460384930555" lon="14.097260898117398">
        <ele>0</ele>
      </trkpt>
      <trkpt lat="44.63487341498873" lon="14.096754786805766">
        <ele>0</ele>
      </trkpt>
      <trkpt lat="44.63514298067191" lon="14.096248675494133">
        <ele>0</ele>
      </trkpt>
      <trkpt lat="44.63541254635509" lon="14.095742564182501">
        <ele>0</ele>
      </trkpt>
      <trkpt lat="44.635682112038275" lon="14.09523645287087">
        <ele>0</ele>
      </trkpt>
      <trkpt lat="44.63595167772146" lon="14.094730341559238">
        <ele>0</ele>
      </trkpt>
      <trkpt lat="44.63622124340464" lon="14.094224230247606">
        <ele>0</ele>
      </trkpt>
      <trkpt lat="44.636490809087825" lon="14.093718118935975">
        <ele>0</ele>
      </trkpt>
      <trkpt lat="44.63676037477101" lon="14.093212007624341">
        <ele>0</ele>
      </trkpt>
      <trkpt lat="44.637029940454184" lon="14.09270589631271">
        <ele>0</ele>
      </trkpt>
      <trkpt lat="44.63729950613737" lon="14.092199785001078">
        <ele>0</ele>
      </trkpt>
      <trkpt lat="44.63756907182055" lon="14.091693673689447">
        <ele>0</ele>
      </trkpt>
      <trkpt lat="44.637838637503734" lon="14.091187562377815">
        <ele>0</ele>
      </trkpt>
      <trkpt lat="44.63810820318692" lon="14.090681451066184">
        <ele>0</ele>
      </trkpt>
      <trkpt lat="44.6383777688701" lon="14.09017533975455">
        <ele>0</ele>
      </trkpt>
      <trkpt lat="44.63864733455328" lon="14.089669228442919">
        <ele>0</ele>
      </trkpt>
      <trkpt lat="44.63891690023646" lon="14.089163117131287">
        <ele>0</ele>
      </trkpt>
      <trkpt lat="44.63918646591964" lon="14.088657005819655">
        <ele>0</ele>
      </trkpt>
      <trkpt lat="44.639456031602826" lon="14.088150894508024">
        <ele>0</ele>
      </trkpt>
      <trkpt lat="44.63972559728601" lon="14.087644783196392">
        <ele>0</ele>
      </trkpt>
      <trkpt lat="44.63999516296919" lon="14.087138671884759">
        <ele>0</ele>
      </trkpt>
      <trkpt lat="44.640264728652376" lon="14.086632560573127">
        <ele>0</ele>
      </trkpt>
      <trkpt lat="44.64053429433556" lon="14.086126449261496">
        <ele>0</ele>
      </trkpt>
      <trkpt lat="44.640803860018735" lon="14.085620337949864">
        <ele>0</ele>
      </trkpt>
      <trkpt lat="44.64107342570192" lon="14.085114226638233">
        <ele>0</ele>
      </trkpt>
      <trkpt lat="44.6413429913851" lon="14.0846081153266">
        <ele>0</ele>
      </trkpt>
      <trkpt lat="44.641612557068285" lon="14.084102004014968">
        <ele>0</ele>
      </trkpt>
      <trkpt lat="44.64188212275147" lon="14.083595892703336">
        <ele>0</ele>
      </trkpt>
      <trkpt lat="44.64215168843465" lon="14.083089781391704">
        <ele>0</ele>
      </trkpt>
      <trkpt lat="44.642421254117835" lon="14.082583670080073">
        <ele>0</ele>
      </trkpt>
      <trkpt lat="44.64269081980102" lon="14.082077558768441">
        <ele>0</ele>
      </trkpt>
      <trkpt lat="44.642960385484194" lon="14.081571447456808">
        <ele>0</ele>
      </trkpt>
      <trkpt lat="44.64322995116738" lon="14.081065336145176">
        <ele>0</ele>
      </trkpt>
      <trkpt lat="44.64349951685056" lon="14.080559224833545">
        <ele>0</ele>
      </trkpt>
      <trkpt lat="44.643769082533744" lon="14.080053113521913">
        <ele>0</ele>
      </trkpt>
      <trkpt lat="44.64403864821693" lon="14.079547002210282">
        <ele>0</ele>
      </trkpt>
      <trkpt lat="44.64430821390011" lon="14.07904089089865">
        <ele>0</ele>
      </trkpt>
      <trkpt lat="44.644577779583294" lon="14.078534779587017">
        <ele>0</ele>
      </trkpt>
      <trkpt lat="44.64484734526647" lon="14.078028668275385">
        <ele>0</ele>
      </trkpt>
      <trkpt lat="44.64511691094965" lon="14.077522556963753">
        <ele>0</ele>
      </trkpt>
      <trkpt lat="44.64538647663284" lon="14.077016445652122">
        <ele>0</ele>
      </trkpt>
      <trkpt lat="44.64565604231602" lon="14.07651033434049">
        <ele>0</ele>
      </trkpt>
      <trkpt lat="44.6459256079992" lon="14.076004223028859">
        <ele>0</ele>
      </trkpt>
      <trkpt lat="44.646195173682386" lon="14.075498111717225">
        <ele>0</ele>
      </trkpt>
      <trkpt lat="44.64646473936557" lon="14.074992000405594">
        <ele>0</ele>
      </trkpt>
      <trkpt lat="44.646734305048746" lon="14.074485889093962">
        <ele>0</ele>
      </trkpt>
      <trkpt lat="44.64700387073193" lon="14.07397977778233">
        <ele>0</ele>
      </trkpt>
      <trkpt lat="44.64727343641511" lon="14.073473666470699">
        <ele>0</ele>
      </trkpt>
      <trkpt lat="44.647543002098296" lon="14.072967555159067">
        <ele>0</ele>
      </trkpt>
      <trkpt lat="44.64781256778148" lon="14.072461443847434">
        <ele>0</ele>
      </trkpt>
      <trkpt lat="44.64808213346466" lon="14.071955332535802">
        <ele>0</ele>
      </trkpt>
      <trkpt lat="44.648351699147845" lon="14.07144922122417">
        <ele>0</ele>
      </trkpt>
      <trkpt lat="44.64862126483102" lon="14.07094310991254">
        <ele>0</ele>
      </trkpt>
      <trkpt lat="44.648890830514205" lon="14.070436998600908">
        <ele>0</ele>
      </trkpt>
      <trkpt lat="44.64916039619739" lon="14.069930887289276">
        <ele>0</ele>
      </trkpt>
      <trkpt lat="44.64942996188057" lon="14.069424775977643">
        <ele>0</ele>
      </trkpt>
      <trkpt lat="44.649699527563754" lon="14.068918664666011">
        <ele>0</ele>
      </trkpt>
      <trkpt lat="44.64996909324694" lon="14.06841255335438">
        <ele>0</ele>
      </trkpt>
      <trkpt lat="44.65023865893012" lon="14.067906442042748">
        <ele>0</ele>
      </trkpt>
      <trkpt lat="44.6505082246133" lon="14.067400330731116">
        <ele>0</ele>
      </trkpt>
      <trkpt lat="44.65077779029648" lon="14.066894219419485">
        <ele>0</ele>
      </trkpt>
      <trkpt lat="44.651047355979664" lon="14.066388108107851">
        <ele>0</ele>
      </trkpt>
      <trkpt lat="44.65131692166285" lon="14.06588199679622">
        <ele>0</ele>
      </trkpt>
      <trkpt lat="44.65158648734603" lon="14.065375885484588">
        <ele>0</ele>
      </trkpt>
      <trkpt lat="44.65185605302921" lon="14.064869774172957">
        <ele>0</ele>
      </trkpt>
      <trkpt lat="44.6521256187124" lon="14.064363662861325">
        <ele>0</ele>
      </trkpt>
      <trkpt lat="44.65239518439557" lon="14.063857551549694">
        <ele>0</ele>
      </trkpt>
      <trkpt lat="44.652664750078756" lon="14.06335144023806">
        <ele>0</ele>
      </trkpt>
      <trkpt lat="44.65293431576194" lon="14.062845328926429">
        <ele>0</ele>
      </trkpt>
      <trkpt lat="44.65320388144512" lon="14.062339217614797">
        <ele>0</ele>
      </trkpt>
      <trkpt lat="44.653473447128306" lon="14.061833106303165">
        <ele>0</ele>
      </trkpt>
      <trkpt lat="44.65374301281149" lon="14.061326994991534">
        <ele>0</ele>
      </trkpt>
      <trkpt lat="44.65401257849467" lon="14.060820883679902">
        <ele>0</ele>
      </trkpt>
      <trkpt lat="44.654282144177856" lon="14.060314772368269">
        <ele>0</ele>
      </trkpt>
      <trkpt lat="44.65455170986103" lon="14.059808661056637">
        <ele>0</ele>
      </trkpt>
      <trkpt lat="44.654821275544215" lon="14.059302549745006">
        <ele>0</ele>
      </trkpt>
      <trkpt lat="44.6550908412274" lon="14.058796438433374">
        <ele>0</ele>
      </trkpt>
      <trkpt lat="44.65536040691058" lon="14.058290327121743">
        <ele>0</ele>
      </trkpt>
      <trkpt lat="44.655629972593765" lon="14.057784215810111">
        <ele>0</ele>
      </trkpt>
      <trkpt lat="44.65589953827695" lon="14.057278104498478">
        <ele>0</ele>
      </trkpt>
      <trkpt lat="44.65616910396013" lon="14.056771993186846">
        <ele>0</ele>
      </trkpt>
      <trkpt lat="44.65643866964331" lon="14.056265881875214">
        <ele>0</ele>
      </trkpt>
      <trkpt lat="44.65670823532649" lon="14.055759770563583">
        <ele>0</ele>
      </trkpt>
      <trkpt lat="44.656977801009674" lon="14.055253659251951">
        <ele>0</ele>
      </trkpt>
      <trkpt lat="44.65724736669286" lon="14.05474754794032">
        <ele>0</ele>
      </trkpt>
      <trkpt lat="44.65751693237604" lon="14.054241436628686">
        <ele>0</ele>
      </trkpt>
      <trkpt lat="44.657786498059224" lon="14.053735325317055">
        <ele>0</ele>
      </trkpt>
      <trkpt lat="44.65805606374241" lon="14.053229214005423">
        <ele>0</ele>
      </trkpt>
      <trkpt lat="44.65832562942558" lon="14.052723102693792">
        <ele>0</ele>
      </trkpt>
      <trkpt lat="44.65859519510877" lon="14.05221699138216">
        <ele>0</ele>
      </trkpt>
      <trkpt lat="44.65886476079195" lon="14.051710880070527">
        <ele>0</ele>
      </trkpt>
      <trkpt lat="44.65913432647513" lon="14.051204768758895">
        <ele>0</ele>
      </trkpt>
      <trkpt lat="44.659403892158316" lon="14.050698657447263">
        <ele>0</ele>
      </trkpt>
      <trkpt lat="44.6596734578415" lon="14.050192546135632">
        <ele>0</ele>
      </trkpt>
      <trkpt lat="44.65994302352468" lon="14.049686434824">
        <ele>0</ele>
      </trkpt>
      <trkpt lat="44.66021258920786" lon="14.049180323512369">
        <ele>0</ele>
      </trkpt>
      <trkpt lat="44.66048215489104" lon="14.048674212200735">
        <ele>0</ele>
      </trkpt>
      <trkpt lat="44.660751720574225" lon="14.048168100889104">
        <ele>0</ele>
      </trkpt>
      <trkpt lat="44.66102128625741" lon="14.047661989577472">
        <ele>0</ele>
      </trkpt>
      <trkpt lat="44.66129085194059" lon="14.04715587826584">
        <ele>0</ele>
      </trkpt>
      <trkpt lat="44.661560417623775" lon="14.046649766954209">
        <ele>0</ele>
      </trkpt>
      <trkpt lat="44.66182998330696" lon="14.046143655642577">
        <ele>0</ele>
      </trkpt>
      <trkpt lat="44.662099548990135" lon="14.045637544330944">
        <ele>0</ele>
      </trkpt>
      <trkpt lat="44.66236911467332" lon="14.045131433019312">
        <ele>0</ele>
      </trkpt>
      <trkpt lat="44.6626386803565" lon="14.04462532170768">
        <ele>0</ele>
      </trkpt>
      <trkpt lat="44.662908246039684" lon="14.04411921039605">
        <ele>0</ele>
      </trkpt>
      <trkpt lat="44.66317781172287" lon="14.043613099084418">
        <ele>0</ele>
      </trkpt>
      <trkpt lat="44.66344737740605" lon="14.043106987772786">
        <ele>0</ele>
      </trkpt>
      <trkpt lat="44.663716943089234" lon="14.042600876461153">
        <ele>0</ele>
      </trkpt>
      <trkpt lat="44.66398650877242" lon="14.042094765149521">
        <ele>0</ele>
      </trkpt>
      <trkpt lat="44.664256074455594" lon="14.04158865383789">
        <ele>0</ele>
      </trkpt>
      <trkpt lat="44.66452564013878" lon="14.041082542526258">
        <ele>0</ele>
      </trkpt>
      <trkpt lat="44.66479520582196" lon="14.040576431214626">
        <ele>0</ele>
      </trkpt>
      <trkpt lat="44.66506477150514" lon="14.040070319902995">
        <ele>0</ele>
      </trkpt>
      <trkpt lat="44.66533433718833" lon="14.039564208591361">
        <ele>0</ele>
      </trkpt>
      <trkpt lat="44.66560390287151" lon="14.03905809727973">
        <ele>0</ele>
      </trkpt>
      <trkpt lat="44.66587346855469" lon="14.038551985968098">
        <ele>0</ele>
      </trkpt>
      <trkpt lat="44.66614303423787" lon="14.038045874656467">
        <ele>0</ele>
      </trkpt>
      <trkpt lat="44.66641259992105" lon="14.037539763344835">
        <ele>0</ele>
      </trkpt>
      <trkpt lat="44.666682165604236" lon="14.037033652033204">
        <ele>0</ele>
      </trkpt>
      <trkpt lat="44.66695173128742" lon="14.03652754072157">
        <ele>0</ele>
      </trkpt>
      <trkpt lat="44.6672212969706" lon="14.036021429409939">
        <ele>0</ele>
      </trkpt>
      <trkpt lat="44.667490862653786" lon="14.035515318098307">
        <ele>0</ele>
      </trkpt>
      <trkpt lat="44.66776042833697" lon="14.035009206786675">
        <ele>0</ele>
      </trkpt>
      <trkpt lat="44.668029994020145" lon="14.034503095475044">
        <ele>0</ele>
      </trkpt>
      <trkpt lat="44.66829955970333" lon="14.033996984163412">
        <ele>0</ele>
      </trkpt>
      <trkpt lat="44.66856912538651" lon="14.033490872851779">
        <ele>0</ele>
      </trkpt>
      <trkpt lat="44.668838691069695" lon="14.032984761540147">
        <ele>0</ele>
      </trkpt>
      <trkpt lat="44.66910825675288" lon="14.032478650228516">
        <ele>0</ele>
      </trkpt>
      <trkpt lat="44.66937782243606" lon="14.031972538916884">
        <ele>0</ele>
      </trkpt>
      <trkpt lat="44.669647388119245" lon="14.031466427605253">
        <ele>0</ele>
      </trkpt>
      <trkpt lat="44.66991695380242" lon="14.030960316293621">
        <ele>0</ele>
      </trkpt>
      <trkpt lat="44.670186519485604" lon="14.030454204981988">
        <ele>0</ele>
      </trkpt>
      <trkpt lat="44.67045608516879" lon="14.029948093670356">
        <ele>0</ele>
      </trkpt>
      <trkpt lat="44.67072565085197" lon="14.029441982358724">
        <ele>0</ele>
      </trkpt>
      <trkpt lat="44.670995216535154" lon="14.028935871047093">
        <ele>0</ele>
      </trkpt>
      <trkpt lat="44.67126478221834" lon="14.028429759735461">
        <ele>0</ele>
      </trkpt>
      <trkpt lat="44.67153434790152" lon="14.02792364842383">
        <ele>0</ele>
      </trkpt>
      <trkpt lat="44.6718039135847" lon="14.027417537112196">
        <ele>0</ele>
      </trkpt>
      <trkpt lat="44.67207347926788" lon="14.026911425800565">
        <ele>0</ele>
      </trkpt>
      <trkpt lat="44.67234304495106" lon="14.026405314488933">
        <ele>0</ele>
      </trkpt>
      <trkpt lat="44.672612610634246" lon="14.025899203177302">
        <ele>0</ele>
      </trkpt>
      <trkpt lat="44.67288217631743" lon="14.02539309186567">
        <ele>0</ele>
      </trkpt>
      <trkpt lat="44.67315174200061" lon="14.024886980554037">
        <ele>0</ele>
      </trkpt>
      <trkpt lat="44.673421307683796" lon="14.024380869242405">
        <ele>0</ele>
      </trkpt>
      <trkpt lat="44.67369087336697" lon="14.023874757930773">
        <ele>0</ele>
      </trkpt>
      <trkpt lat="44.673960439050155" lon="14.023368646619142">
        <ele>0</ele>
      </trkpt>
      <trkpt lat="44.67423000473334" lon="14.02286253530751">
        <ele>0</ele>
      </trkpt>
      <trkpt lat="44.67449957041652" lon="14.022356423995879">
        <ele>0</ele>
      </trkpt>
      <trkpt lat="44.674769136099705" lon="14.021850312684245">
        <ele>0</ele>
      </trkpt>
      <trkpt lat="44.67503870178289" lon="14.021344201372614">
        <ele>0</ele>
      </trkpt>
      <trkpt lat="44.67530826746607" lon="14.020838090060982">
        <ele>0</ele>
      </trkpt>
      <trkpt lat="44.675577833149255" lon="14.02033197874935">
        <ele>0</ele>
      </trkpt>
      <trkpt lat="44.67584739883243" lon="14.019825867437719">
        <ele>0</ele>
      </trkpt>
      <trkpt lat="44.676116964515614" lon="14.019319756126087">
        <ele>0</ele>
      </trkpt>
      <trkpt lat="44.6763865301988" lon="14.018813644814454">
        <ele>0</ele>
      </trkpt>
      <trkpt lat="44.67665609588198" lon="14.018307533502822">
        <ele>0</ele>
      </trkpt>
      <trkpt lat="44.676925661565164" lon="14.01780142219119">
        <ele>0</ele>
      </trkpt>
      <trkpt lat="44.67719522724835" lon="14.01729531087956">
        <ele>0</ele>
      </trkpt>
      <trkpt lat="44.67746479293153" lon="14.016789199567928">
        <ele>0</ele>
      </trkpt>
      <trkpt lat="44.67773435861471" lon="14.016283088256294">
        <ele>0</ele>
      </trkpt>
      <trkpt lat="44.67800392429789" lon="14.015776976944663">
        <ele>0</ele>
      </trkpt>
      <trkpt lat="44.67827348998107" lon="14.015270865633031">
        <ele>0</ele>
      </trkpt>
      <trkpt lat="44.67854305566426" lon="14.0147647543214">
        <ele>0</ele>
      </trkpt>
      <trkpt lat="44.67881262134744" lon="14.014258643009768">
        <ele>0</ele>
      </trkpt>
      <trkpt lat="44.67908218703062" lon="14.013752531698136">
        <ele>0</ele>
      </trkpt>
      <trkpt lat="44.679351752713806" lon="14.013246420386503">
        <ele>0</ele>
      </trkpt>
      <trkpt lat="44.67962131839698" lon="14.012740309074871">
        <ele>0</ele>
      </trkpt>
      <trkpt lat="44.679890884080166" lon="14.01223419776324">
        <ele>0</ele>
      </trkpt>
      <trkpt lat="44.68016044976335" lon="14.011728086451608">
        <ele>0</ele>
      </trkpt>
      <trkpt lat="44.68043001544653" lon="14.011221975139977">
        <ele>0</ele>
      </trkpt>
      <trkpt lat="44.680699581129716" lon="14.010715863828345">
        <ele>0</ele>
      </trkpt>
      <trkpt lat="44.6809691468129" lon="14.010209752516712">
        <ele>0</ele>
      </trkpt>
      <trkpt lat="44.68123871249608" lon="14.00970364120508">
        <ele>0</ele>
      </trkpt>
      <trkpt lat="44.68150827817926" lon="14.009197529893449">
        <ele>0</ele>
      </trkpt>
      <trkpt lat="44.68177784386244" lon="14.008691418581817">
        <ele>0</ele>
      </trkpt>
      <trkpt lat="44.682047409545625" lon="14.008185307270185">
        <ele>0</ele>
      </trkpt>
      <trkpt lat="44.68231697522881" lon="14.007679195958554">
        <ele>0</ele>
      </trkpt>
      <trkpt lat="44.68258654091199" lon="14.00717308464692">
        <ele>0</ele>
      </trkpt>
      <trkpt lat="44.682856106595175" lon="14.006666973335289">
        <ele>0</ele>
      </trkpt>
      <trkpt lat="44.68312567227836" lon="14.006160862023657">
        <ele>0</ele>
      </trkpt>
      <trkpt lat="44.68339523796154" lon="14.005654750712026">
        <ele>0</ele>
      </trkpt>
      <trkpt lat="44.68366480364472" lon="14.005148639400394">
        <ele>0</ele>
      </trkpt>
      <trkpt lat="44.6839343693279" lon="14.004642528088763">
        <ele>0</ele>
      </trkpt>
      <trkpt lat="44.684203935011084" lon="14.00413641677713">
        <ele>0</ele>
      </trkpt>
      <trkpt lat="44.68447350069427" lon="14.003630305465498">
        <ele>0</ele>
      </trkpt>
      <trkpt lat="44.68474306637745" lon="14.003124194153866">
        <ele>0</ele>
      </trkpt>
      <trkpt lat="44.685012632060634" lon="14.002618082842234">
        <ele>0</ele>
      </trkpt>
      <trkpt lat="44.68528219774382" lon="14.002111971530603">
        <ele>0</ele>
      </trkpt>
      <trkpt lat="44.68555176342699" lon="14.00160586021897">
        <ele>0</ele>
      </trkpt>
      <trkpt lat="44.685821329110176" lon="14.001099748907338">
        <ele>0</ele>
      </trkpt>
      <trkpt lat="44.68609089479336" lon="14.000593637595706">
        <ele>0</ele>
      </trkpt>
      <trkpt lat="44.68636046047654" lon="14.000087526284075">
        <ele>0</ele>
      </trkpt>
      <trkpt lat="44.686630026159726" lon="13.999581414972443">
        <ele>0</ele>
      </trkpt>
      <trkpt lat="44.68689959184291" lon="13.999075303660812">
        <ele>0</ele>
      </trkpt>
      <trkpt lat="44.68716915752609" lon="13.998569192349178">
        <ele>0</ele>
      </trkpt>
      <trkpt lat="44.68743872320927" lon="13.998063081037547">
        <ele>0</ele>
      </trkpt>
      <trkpt lat="44.68770828889245" lon="13.997556969725915">
        <ele>0</ele>
      </trkpt>
      <trkpt lat="44.687977854575635" lon="13.997050858414283">
        <ele>0</ele>
      </trkpt>
      <trkpt lat="44.68824742025882" lon="13.996544747102652">
        <ele>0</ele>
      </trkpt>
      <trkpt lat="44.688516985942" lon="13.99603863579102">
        <ele>0</ele>
      </trkpt>
      <trkpt lat="44.688786551625185" lon="13.995532524479387">
        <ele>0</ele>
      </trkpt>
      <trkpt lat="44.68905611730837" lon="13.995026413167755">
        <ele>0</ele>
      </trkpt>
      <trkpt lat="44.689325682991544" lon="13.994520301856124">
        <ele>0</ele>
      </trkpt>
      <trkpt lat="44.68959524867473" lon="13.994014190544492">
        <ele>0</ele>
      </trkpt>
      <trkpt lat="44.68986481435791" lon="13.99350807923286">
        <ele>0</ele>
      </trkpt>
      <trkpt lat="44.690134380041094" lon="13.993001967921227">
        <ele>0</ele>
      </trkpt>
      <trkpt lat="44.69040394572428" lon="13.992495856609596">
        <ele>0</ele>
      </trkpt>
      <trkpt lat="44.69067351140746" lon="13.991989745297964">
        <ele>0</ele>
      </trkpt>
      <trkpt lat="44.690943077090644" lon="13.991483633986332">
        <ele>0</ele>
      </trkpt>
      <trkpt lat="44.69121264277382" lon="13.9909775226747">
        <ele>0</ele>
      </trkpt>
      <trkpt lat="44.691482208457" lon="13.99047141136307">
        <ele>0</ele>
      </trkpt>
      <trkpt lat="44.69175177414019" lon="13.989965300051436">
        <ele>0</ele>
      </trkpt>
      <trkpt lat="44.69202133982337" lon="13.989459188739804">
        <ele>0</ele>
      </trkpt>
      <trkpt lat="44.69229090550655" lon="13.988953077428173">
        <ele>0</ele>
      </trkpt>
      <trkpt lat="44.692560471189736" lon="13.988446966116541">
        <ele>0</ele>
      </trkpt>
      <trkpt lat="44.69283003687292" lon="13.98794085480491">
        <ele>0</ele>
      </trkpt>
      <trkpt lat="44.6930996025561" lon="13.987434743493278">
        <ele>0</ele>
      </trkpt>
      <trkpt lat="44.69336916823928" lon="13.986928632181645">
        <ele>0</ele>
      </trkpt>
      <trkpt lat="44.69363873392246" lon="13.986422520870013">
        <ele>0</ele>
      </trkpt>
      <trkpt lat="44.693908299605646" lon="13.985916409558381">
        <ele>0</ele>
      </trkpt>
      <trkpt lat="44.69417786528883" lon="13.98541029824675">
        <ele>0</ele>
      </trkpt>
      <trkpt lat="44.69444743097201" lon="13.984904186935118">
        <ele>0</ele>
      </trkpt>
      <trkpt lat="44.694716996655195" lon="13.984398075623487">
        <ele>0</ele>
      </trkpt>
      <trkpt lat="44.69498656233838" lon="13.983891964311853">
        <ele>0</ele>
      </trkpt>
      <trkpt lat="44.695256128021555" lon="13.983385853000222">
        <ele>0</ele>
      </trkpt>
      <trkpt lat="44.69552569370474" lon="13.98287974168859">
        <ele>0</ele>
      </trkpt>
      <trkpt lat="44.69579525938792" lon="13.982373630376959">
        <ele>0</ele>
      </trkpt>
      <trkpt lat="44.696064825071105" lon="13.981867519065327">
        <ele>0</ele>
      </trkpt>
      <trkpt lat="44.69633439075429" lon="13.981361407753695">
        <ele>0</ele>
      </trkpt>
      <trkpt lat="44.69660395643747" lon="13.980855296442062">
        <ele>0</ele>
      </trkpt>
      <trkpt lat="44.696873522120654" lon="13.98034918513043">
        <ele>0</ele>
      </trkpt>
      <trkpt lat="44.69714308780383" lon="13.979843073818799">
        <ele>0</ele>
      </trkpt>
      <trkpt lat="44.697412653487014" lon="13.979336962507167">
        <ele>0</ele>
      </trkpt>
      <trkpt lat="44.6976822191702" lon="13.978830851195536">
        <ele>0</ele>
      </trkpt>
      <trkpt lat="44.69795178485338" lon="13.978324739883902">
        <ele>0</ele>
      </trkpt>
      <trkpt lat="44.69822135053656" lon="13.97781862857227">
        <ele>0</ele>
      </trkpt>
      <trkpt lat="44.69849091621975" lon="13.97731251726064">
        <ele>0</ele>
      </trkpt>
      <trkpt lat="44.69876048190293" lon="13.976806405949008">
        <ele>0</ele>
      </trkpt>
      <trkpt lat="44.699030047586106" lon="13.976300294637376">
        <ele>0</ele>
      </trkpt>
      <trkpt lat="44.69929961326929" lon="13.975794183325744">
        <ele>0</ele>
      </trkpt>
      <trkpt lat="44.69956917895247" lon="13.975288072014111">
        <ele>0</ele>
      </trkpt>
      <trkpt lat="44.699838744635656" lon="13.97478196070248">
        <ele>0</ele>
      </trkpt>
      <trkpt lat="44.70010831031884" lon="13.974275849390848">
        <ele>0</ele>
      </trkpt>
      <trkpt lat="44.70037787600202" lon="13.973769738079216">
        <ele>0</ele>
      </trkpt>
      <trkpt lat="44.700647441685206" lon="13.973263626767585">
        <ele>0</ele>
      </trkpt>
      <trkpt lat="44.70091700736838" lon="13.972757515455953">
        <ele>0</ele>
      </trkpt>
      <trkpt lat="44.701186573051565" lon="13.97225140414432">
        <ele>0</ele>
      </trkpt>
      <trkpt lat="44.70145613873475" lon="13.971745292832688">
        <ele>0</ele>
      </trkpt>
      <trkpt lat="44.70172570441793" lon="13.971239181521057">
        <ele>0</ele>
      </trkpt>
      <trkpt lat="44.701995270101115" lon="13.970733070209425">
        <ele>0</ele>
      </trkpt>
      <trkpt lat="44.7022648357843" lon="13.970226958897793">
        <ele>0</ele>
      </trkpt>
      <trkpt lat="44.70253440146748" lon="13.96972084758616">
        <ele>0</ele>
      </trkpt>
      <trkpt lat="44.702803967150665" lon="13.969214736274528">
        <ele>0</ele>
      </trkpt>
      <trkpt lat="44.70307353283384" lon="13.968708624962897">
        <ele>0</ele>
      </trkpt>
      <trkpt lat="44.703343098517024" lon="13.968202513651265">
        <ele>0</ele>
      </trkpt>
      <trkpt lat="44.70361266420021" lon="13.967696402339634">
        <ele>0</ele>
      </trkpt>
      <trkpt lat="44.70388222988339" lon="13.967190291028002">
        <ele>0</ele>
      </trkpt>
      <trkpt lat="44.704151795566574" lon="13.966684179716369">
        <ele>0</ele>
      </trkpt>
      <trkpt lat="44.70442136124976" lon="13.966178068404737">
        <ele>0</ele>
      </trkpt>
      <trkpt lat="44.70469092693294" lon="13.965671957093106">
        <ele>0</ele>
      </trkpt>
      <trkpt lat="44.70496049261612" lon="13.965165845781474">
        <ele>0</ele>
      </trkpt>
      <trkpt lat="44.7052300582993" lon="13.964659734469842">
        <ele>0</ele>
      </trkpt>
      <trkpt lat="44.70549962398248" lon="13.96415362315821">
        <ele>0</ele>
      </trkpt>
      <trkpt lat="44.705769189665666" lon="13.963647511846577">
        <ele>0</ele>
      </trkpt>
      <trkpt lat="44.70603875534885" lon="13.963141400534946">
        <ele>0</ele>
      </trkpt>
      <trkpt lat="44.70630832103203" lon="13.962635289223314">
        <ele>0</ele>
      </trkpt>
      <trkpt lat="44.706577886715216" lon="13.962129177911683">
        <ele>0</ele>
      </trkpt>
      <trkpt lat="44.70684745239839" lon="13.961623066600051">
        <ele>0</ele>
      </trkpt>
      <trkpt lat="44.707117018081576" lon="13.96111695528842">
        <ele>0</ele>
      </trkpt>
      <trkpt lat="44.70738658376476" lon="13.960610843976786">
        <ele>0</ele>
      </trkpt>
      <trkpt lat="44.70765614944794" lon="13.960104732665155">
        <ele>0</ele>
      </trkpt>
      <trkpt lat="44.707925715131125" lon="13.959598621353523">
        <ele>0</ele>
      </trkpt>
      <trkpt lat="44.70819528081431" lon="13.959092510041891">
        <ele>0</ele>
      </trkpt>
      <trkpt lat="44.70846484649749" lon="13.95858639873026">
        <ele>0</ele>
      </trkpt>
      <trkpt lat="44.70873441218067" lon="13.958080287418626">
        <ele>0</ele>
      </trkpt>
      <trkpt lat="44.70900397786385" lon="13.957574176106995">
        <ele>0</ele>
      </trkpt>
      <trkpt lat="44.709273543547035" lon="13.957068064795363">
        <ele>0</ele>
      </trkpt>
      <trkpt lat="44.70954310923022" lon="13.956561953483732">
        <ele>0</ele>
      </trkpt>
      <trkpt lat="44.7098126749134" lon="13.9560558421721">
        <ele>0</ele>
      </trkpt>
      <trkpt lat="44.710082240596584" lon="13.955549730860469">
        <ele>0</ele>
      </trkpt>
      <trkpt lat="44.71035180627977" lon="13.955043619548835">
        <ele>0</ele>
      </trkpt>
      <trkpt lat="44.71062137196295" lon="13.954537508237204">
        <ele>0</ele>
      </trkpt>
      <trkpt lat="44.71089093764613" lon="13.954031396925572">
        <ele>0</ele>
      </trkpt>
      <trkpt lat="44.71116050332931" lon="13.95352528561394">
        <ele>0</ele>
      </trkpt>
      <trkpt lat="44.71143006901249" lon="13.953019174302309">
        <ele>0</ele>
      </trkpt>
      <trkpt lat="44.71169963469568" lon="13.952513062990677">
        <ele>0</ele>
      </trkpt>
      <trkpt lat="44.71196920037886" lon="13.952006951679044">
        <ele>0</ele>
      </trkpt>
      <trkpt lat="44.71223876606204" lon="13.951500840367412">
        <ele>0</ele>
      </trkpt>
      <trkpt lat="44.71250833174523" lon="13.95099472905578">
        <ele>0</ele>
      </trkpt>
      <trkpt lat="44.7127778974284" lon="13.95048861774415">
        <ele>0</ele>
      </trkpt>
      <trkpt lat="44.713047463111586" lon="13.949982506432518">
        <ele>0</ele>
      </trkpt>
      <trkpt lat="44.71331702879477" lon="13.949476395120886">
        <ele>0</ele>
      </trkpt>
      <trkpt lat="44.71358659447795" lon="13.948970283809253">
        <ele>0</ele>
      </trkpt>
      <trkpt lat="44.713856160161136" lon="13.948464172497621">
        <ele>0</ele>
      </trkpt>
      <trkpt lat="44.71412572584432" lon="13.94795806118599">
        <ele>0</ele>
      </trkpt>
      <trkpt lat="44.7143952915275" lon="13.947451949874358">
        <ele>0</ele>
      </trkpt>
      <trkpt lat="44.71466485721068" lon="13.946945838562726">
        <ele>0</ele>
      </trkpt>
      <trkpt lat="44.71493442289386" lon="13.946439727251093">
        <ele>0</ele>
      </trkpt>
      <trkpt lat="44.715203988577045" lon="13.945933615939461">
        <ele>0</ele>
      </trkpt>
      <trkpt lat="44.71547355426023" lon="13.94542750462783">
        <ele>0</ele>
      </trkpt>
      <trkpt lat="44.71574311994341" lon="13.944921393316198">
        <ele>0</ele>
      </trkpt>
      <trkpt lat="44.716012685626595" lon="13.944415282004567">
        <ele>0</ele>
      </trkpt>
      <trkpt lat="44.71628225130978" lon="13.943909170692935">
        <ele>0</ele>
      </trkpt>
      <trkpt lat="44.716551816992954" lon="13.943403059381302">
        <ele>0</ele>
      </trkpt>
      <trkpt lat="44.71682138267614" lon="13.94289694806967">
        <ele>0</ele>
      </trkpt>
      <trkpt lat="44.71709094835932" lon="13.942390836758038">
        <ele>0</ele>
      </trkpt>
      <trkpt lat="44.717360514042504" lon="13.941884725446407">
        <ele>0</ele>
      </trkpt>
      <trkpt lat="44.71763007972569" lon="13.941378614134775">
        <ele>0</ele>
      </trkpt>
      <trkpt lat="44.71789964540887" lon="13.940872502823144">
        <ele>0</ele>
      </trkpt>
      <trkpt lat="44.718169211092054" lon="13.94036639151151">
        <ele>0</ele>
      </trkpt>
      <trkpt lat="44.71843877677523" lon="13.939860280199879">
        <ele>0</ele>
      </trkpt>
      <trkpt lat="44.71870834245841" lon="13.939354168888247">
        <ele>0</ele>
      </trkpt>
      <trkpt lat="44.718977908141596" lon="13.938848057576616">
        <ele>0</ele>
      </trkpt>
      <trkpt lat="44.71924747382478" lon="13.938341946264984">
        <ele>0</ele>
      </trkpt>
      <trkpt lat="44.71951703950796" lon="13.937835834953352">
        <ele>0</ele>
      </trkpt>
      <trkpt lat="44.719786605191146" lon="13.937329723641719">
        <ele>0</ele>
      </trkpt>
      <trkpt lat="44.72005617087433" lon="13.936823612330087">
        <ele>0</ele>
      </trkpt>
      <trkpt lat="44.72032573655751" lon="13.936317501018456">
        <ele>0</ele>
      </trkpt>
      <trkpt lat="44.72059530224069" lon="13.935811389706824">
        <ele>0</ele>
      </trkpt>
      <trkpt lat="44.72086486792387" lon="13.935305278395193">
        <ele>0</ele>
      </trkpt>
      <trkpt lat="44.721134433607055" lon="13.93479916708356">
        <ele>0</ele>
      </trkpt>
      <trkpt lat="44.72140399929024" lon="13.934293055771928">
        <ele>0</ele>
      </trkpt>
      <trkpt lat="44.72167356497342" lon="13.933786944460296">
        <ele>0</ele>
      </trkpt>
      <trkpt lat="44.721943130656605" lon="13.933280833148665">
        <ele>0</ele>
      </trkpt>
      <trkpt lat="44.72221269633979" lon="13.932774721837033">
        <ele>0</ele>
      </trkpt>
      <trkpt lat="44.722482262022965" lon="13.932268610525401">
        <ele>0</ele>
      </trkpt>
      <trkpt lat="44.72275182770615" lon="13.931762499213768">
        <ele>0</ele>
      </trkpt>
      <trkpt lat="44.72302139338933" lon="13.931256387902136">
        <ele>0</ele>
      </trkpt>
      <trkpt lat="44.72306342847904" lon="13.93117746674966">
        <ele>0</ele>
      </trkpt>
      <trkpt lat="44.72340062259621" lon="13.930758570652857">
        <ele>0</ele>
      </trkpt>
      <trkpt lat="44.72373781671338" lon="13.930339674556057">
        <ele>0</ele>
      </trkpt>
      <trkpt lat="44.72407501083055" lon="13.929920778459255">
        <ele>0</ele>
      </trkpt>
      <trkpt lat="44.72441220494773" lon="13.929501882362453">
        <ele>0</ele>
      </trkpt>
      <trkpt lat="44.724749399064905" lon="13.929082986265653">
        <ele>0</ele>
      </trkpt>
      <trkpt lat="44.72508659318208" lon="13.928664090168851">
        <ele>0</ele>
      </trkpt>
      <trkpt lat="44.72542378729925" lon="13.92824519407205">
        <ele>0</ele>
      </trkpt>
      <trkpt lat="44.72576098141642" lon="13.92782629797525">
        <ele>0</ele>
      </trkpt>
      <trkpt lat="44.72609817553359" lon="13.927407401878448">
        <ele>0</ele>
      </trkpt>
      <trkpt lat="44.726435369650765" lon="13.926988505781646">
        <ele>0</ele>
      </trkpt>
      <trkpt lat="44.72677256376794" lon="13.926569609684845">
        <ele>0</ele>
      </trkpt>
      <trkpt lat="44.72710975788512" lon="13.926150713588044">
        <ele>0</ele>
      </trkpt>
      <trkpt lat="44.72744695200229" lon="13.925731817491243">
        <ele>0</ele>
      </trkpt>
      <trkpt lat="44.72778414611946" lon="13.925312921394442">
        <ele>0</ele>
      </trkpt>
      <trkpt lat="44.72812134023663" lon="13.92489402529764">
        <ele>0</ele>
      </trkpt>
      <trkpt lat="44.728458534353805" lon="13.92447512920084">
        <ele>0</ele>
      </trkpt>
      <trkpt lat="44.72879572847098" lon="13.924056233104038">
        <ele>0</ele>
      </trkpt>
      <trkpt lat="44.72913292258815" lon="13.923637337007236">
        <ele>0</ele>
      </trkpt>
      <trkpt lat="44.72947011670532" lon="13.923218440910436">
        <ele>0</ele>
      </trkpt>
      <trkpt lat="44.7298073108225" lon="13.922799544813634">
        <ele>0</ele>
      </trkpt>
      <trkpt lat="44.73014450493967" lon="13.922380648716832">
        <ele>0</ele>
      </trkpt>
      <trkpt lat="44.730481699056845" lon="13.921961752620032">
        <ele>0</ele>
      </trkpt>
      <trkpt lat="44.73081889317402" lon="13.92154285652323">
        <ele>0</ele>
      </trkpt>
      <trkpt lat="44.73115608729119" lon="13.921123960426428">
        <ele>0</ele>
      </trkpt>
      <trkpt lat="44.73149328140836" lon="13.920705064329628">
        <ele>0</ele>
      </trkpt>
      <trkpt lat="44.731830475525534" lon="13.920286168232826">
        <ele>0</ele>
      </trkpt>
      <trkpt lat="44.732167669642706" lon="13.919867272136024">
        <ele>0</ele>
      </trkpt>
      <trkpt lat="44.732504863759885" lon="13.919448376039224">
        <ele>0</ele>
      </trkpt>
      <trkpt lat="44.73284205787706" lon="13.919029479942422">
        <ele>0</ele>
      </trkpt>
      <trkpt lat="44.73317925199423" lon="13.91861058384562">
        <ele>0</ele>
      </trkpt>
      <trkpt lat="44.7335164461114" lon="13.91819168774882">
        <ele>0</ele>
      </trkpt>
      <trkpt lat="44.733853640228574" lon="13.917772791652018">
        <ele>0</ele>
      </trkpt>
      <trkpt lat="44.734190834345746" lon="13.917353895555216">
        <ele>0</ele>
      </trkpt>
      <trkpt lat="44.73452802846292" lon="13.916934999458416">
        <ele>0</ele>
      </trkpt>
      <trkpt lat="44.73486522258009" lon="13.916516103361614">
        <ele>0</ele>
      </trkpt>
      <trkpt lat="44.73520241669727" lon="13.916097207264814">
        <ele>0</ele>
      </trkpt>
      <trkpt lat="44.73553961081444" lon="13.915678311168012">
        <ele>0</ele>
      </trkpt>
      <trkpt lat="44.735876804931614" lon="13.91525941507121">
        <ele>0</ele>
      </trkpt>
      <trkpt lat="44.736213999048786" lon="13.91484051897441">
        <ele>0</ele>
      </trkpt>
      <trkpt lat="44.73655119316596" lon="13.914421622877608">
        <ele>0</ele>
      </trkpt>
      <trkpt lat="44.73688838728313" lon="13.914002726780806">
        <ele>0</ele>
      </trkpt>
      <trkpt lat="44.7372255814003" lon="13.913583830684006">
        <ele>0</ele>
      </trkpt>
      <trkpt lat="44.737562775517475" lon="13.913164934587204">
        <ele>0</ele>
      </trkpt>
      <trkpt lat="44.737899969634654" lon="13.912746038490402">
        <ele>0</ele>
      </trkpt>
      <trkpt lat="44.738237163751826" lon="13.912327142393602">
        <ele>0</ele>
      </trkpt>
      <trkpt lat="44.738574357869" lon="13.9119082462968">
        <ele>0</ele>
      </trkpt>
      <trkpt lat="44.73891155198617" lon="13.911489350199998">
        <ele>0</ele>
      </trkpt>
      <trkpt lat="44.73924874610334" lon="13.911070454103198">
        <ele>0</ele>
      </trkpt>
      <trkpt lat="44.739585940220515" lon="13.910651558006396">
        <ele>0</ele>
      </trkpt>
      <trkpt lat="44.73992313433769" lon="13.910232661909594">
        <ele>0</ele>
      </trkpt>
      <trkpt lat="44.74026032845486" lon="13.909813765812794">
        <ele>0</ele>
      </trkpt>
      <trkpt lat="44.74059752257204" lon="13.909394869715992">
        <ele>0</ele>
      </trkpt>
      <trkpt lat="44.74093471668921" lon="13.90897597361919">
        <ele>0</ele>
      </trkpt>
      <trkpt lat="44.74127191080638" lon="13.90855707752239">
        <ele>0</ele>
      </trkpt>
      <trkpt lat="44.741609104923555" lon="13.908138181425588">
        <ele>0</ele>
      </trkpt>
      <trkpt lat="44.74194629904073" lon="13.907719285328788">
        <ele>0</ele>
      </trkpt>
      <trkpt lat="44.7422834931579" lon="13.907300389231986">
        <ele>0</ele>
      </trkpt>
      <trkpt lat="44.74262068727507" lon="13.906881493135185">
        <ele>0</ele>
      </trkpt>
      <trkpt lat="44.74295788139224" lon="13.906462597038384">
        <ele>0</ele>
      </trkpt>
      <trkpt lat="44.74329507550942" lon="13.906043700941582">
        <ele>0</ele>
      </trkpt>
      <trkpt lat="44.743632269626595" lon="13.90562480484478">
        <ele>0</ele>
      </trkpt>
      <trkpt lat="44.74396946374377" lon="13.90520590874798">
        <ele>0</ele>
      </trkpt>
      <trkpt lat="44.74430665786094" lon="13.904787012651179">
        <ele>0</ele>
      </trkpt>
      <trkpt lat="44.74464385197811" lon="13.904368116554377">
        <ele>0</ele>
      </trkpt>
      <trkpt lat="44.74498104609528" lon="13.903949220457577">
        <ele>0</ele>
      </trkpt>
      <trkpt lat="44.745318240212455" lon="13.903530324360775">
        <ele>0</ele>
      </trkpt>
      <trkpt lat="44.74565543432963" lon="13.903111428263973">
        <ele>0</ele>
      </trkpt>
      <trkpt lat="44.74599262844681" lon="13.902692532167173">
        <ele>0</ele>
      </trkpt>
      <trkpt lat="44.74632982256398" lon="13.90227363607037">
        <ele>0</ele>
      </trkpt>
      <trkpt lat="44.74666701668115" lon="13.901854739973569">
        <ele>0</ele>
      </trkpt>
      <trkpt lat="44.74700421079832" lon="13.901435843876769">
        <ele>0</ele>
      </trkpt>
      <trkpt lat="44.747341404915495" lon="13.901016947779967">
        <ele>0</ele>
      </trkpt>
      <trkpt lat="44.74767859903267" lon="13.900598051683165">
        <ele>0</ele>
      </trkpt>
      <trkpt lat="44.74801579314984" lon="13.900179155586365">
        <ele>0</ele>
      </trkpt>
      <trkpt lat="44.74835298726701" lon="13.899760259489563">
        <ele>0</ele>
      </trkpt>
      <trkpt lat="44.74869018138419" lon="13.899341363392761">
        <ele>0</ele>
      </trkpt>
      <trkpt lat="44.74902737550136" lon="13.89892246729596">
        <ele>0</ele>
      </trkpt>
      <trkpt lat="44.749364569618535" lon="13.898503571199159">
        <ele>0</ele>
      </trkpt>
      <trkpt lat="44.74970176373571" lon="13.898084675102359">
        <ele>0</ele>
      </trkpt>
      <trkpt lat="44.75003895785288" lon="13.897665779005557">
        <ele>0</ele>
      </trkpt>
      <trkpt lat="44.75037615197005" lon="13.897246882908755">
        <ele>0</ele>
      </trkpt>
      <trkpt lat="44.750713346087224" lon="13.896827986811955">
        <ele>0</ele>
      </trkpt>
      <trkpt lat="44.751050540204396" lon="13.896409090715153">
        <ele>0</ele>
      </trkpt>
      <trkpt lat="44.751387734321575" lon="13.895990194618351">
        <ele>0</ele>
      </trkpt>
      <trkpt lat="44.75172492843875" lon="13.895571298521551">
        <ele>0</ele>
      </trkpt>
      <trkpt lat="44.75206212255592" lon="13.895152402424749">
        <ele>0</ele>
      </trkpt>
      <trkpt lat="44.75239931667309" lon="13.894733506327947">
        <ele>0</ele>
      </trkpt>
      <trkpt lat="44.752736510790264" lon="13.894314610231147">
        <ele>0</ele>
      </trkpt>
      <trkpt lat="44.753073704907436" lon="13.893895714134345">
        <ele>0</ele>
      </trkpt>
      <trkpt lat="44.75341089902461" lon="13.893476818037543">
        <ele>0</ele>
      </trkpt>
      <trkpt lat="44.75374809314178" lon="13.893057921940743">
        <ele>0</ele>
      </trkpt>
      <trkpt lat="44.75408528725896" lon="13.892639025843941">
        <ele>0</ele>
      </trkpt>
      <trkpt lat="44.75442248137613" lon="13.89222012974714">
        <ele>0</ele>
      </trkpt>
      <trkpt lat="44.754759675493304" lon="13.89180123365034">
        <ele>0</ele>
      </trkpt>
      <trkpt lat="44.755096869610476" lon="13.891382337553537">
        <ele>0</ele>
      </trkpt>
      <trkpt lat="44.75543406372765" lon="13.890963441456735">
        <ele>0</ele>
      </trkpt>
      <trkpt lat="44.75577125784482" lon="13.890544545359935">
        <ele>0</ele>
      </trkpt>
      <trkpt lat="44.75610845196199" lon="13.890125649263133">
        <ele>0</ele>
      </trkpt>
      <trkpt lat="44.756445646079165" lon="13.889706753166333">
        <ele>0</ele>
      </trkpt>
      <trkpt lat="44.756782840196344" lon="13.889287857069531">
        <ele>0</ele>
      </trkpt>
      <trkpt lat="44.757120034313516" lon="13.88886896097273">
        <ele>0</ele>
      </trkpt>
      <trkpt lat="44.75745722843069" lon="13.88845006487593">
        <ele>0</ele>
      </trkpt>
      <trkpt lat="44.75779442254786" lon="13.888031168779127">
        <ele>0</ele>
      </trkpt>
      <trkpt lat="44.75813161666503" lon="13.887612272682325">
        <ele>0</ele>
      </trkpt>
      <trkpt lat="44.758468810782205" lon="13.887193376585525">
        <ele>0</ele>
      </trkpt>
      <trkpt lat="44.75880600489938" lon="13.886774480488723">
        <ele>0</ele>
      </trkpt>
      <trkpt lat="44.75914319901655" lon="13.886355584391922">
        <ele>0</ele>
      </trkpt>
      <trkpt lat="44.75948039313373" lon="13.885936688295121">
        <ele>0</ele>
      </trkpt>
      <trkpt lat="44.7598175872509" lon="13.88551779219832">
        <ele>0</ele>
      </trkpt>
      <trkpt lat="44.76015478136807" lon="13.885098896101518">
        <ele>0</ele>
      </trkpt>
      <trkpt lat="44.760491975485245" lon="13.884680000004717">
        <ele>0</ele>
      </trkpt>
      <trkpt lat="44.76082916960242" lon="13.884261103907916">
        <ele>0</ele>
      </trkpt>
      <trkpt lat="44.76116636371959" lon="13.883842207811114">
        <ele>0</ele>
      </trkpt>
      <trkpt lat="44.76150355783676" lon="13.883423311714314">
        <ele>0</ele>
      </trkpt>
      <trkpt lat="44.76184075195393" lon="13.883004415617512">
        <ele>0</ele>
      </trkpt>
      <trkpt lat="44.76217794607111" lon="13.88258551952071">
        <ele>0</ele>
      </trkpt>
      <trkpt lat="44.762515140188285" lon="13.88216662342391">
        <ele>0</ele>
      </trkpt>
      <trkpt lat="44.76285233430546" lon="13.881747727327108">
        <ele>0</ele>
      </trkpt>
      <trkpt lat="44.76318952842263" lon="13.881328831230308">
        <ele>0</ele>
      </trkpt>
      <trkpt lat="44.7635267225398" lon="13.880909935133506">
        <ele>0</ele>
      </trkpt>
      <trkpt lat="44.76386391665697" lon="13.880491039036704">
        <ele>0</ele>
      </trkpt>
      <trkpt lat="44.764201110774145" lon="13.880072142939904">
        <ele>0</ele>
      </trkpt>
      <trkpt lat="44.76453830489132" lon="13.879653246843102">
        <ele>0</ele>
      </trkpt>
      <trkpt lat="44.7648754990085" lon="13.8792343507463">
        <ele>0</ele>
      </trkpt>
      <trkpt lat="44.76521269312567" lon="13.8788154546495">
        <ele>0</ele>
      </trkpt>
      <trkpt lat="44.76554988724284" lon="13.878396558552698">
        <ele>0</ele>
      </trkpt>
      <trkpt lat="44.76588708136001" lon="13.877977662455896">
        <ele>0</ele>
      </trkpt>
      <trkpt lat="44.766224275477185" lon="13.877558766359096">
        <ele>0</ele>
      </trkpt>
      <trkpt lat="44.76656146959436" lon="13.877139870262294">
        <ele>0</ele>
      </trkpt>
      <trkpt lat="44.76689866371153" lon="13.876720974165492">
        <ele>0</ele>
      </trkpt>
      <trkpt lat="44.7672358578287" lon="13.876302078068692">
        <ele>0</ele>
      </trkpt>
      <trkpt lat="44.76757305194588" lon="13.87588318197189">
        <ele>0</ele>
      </trkpt>
      <trkpt lat="44.76791024606305" lon="13.875464285875088">
        <ele>0</ele>
      </trkpt>
      <trkpt lat="44.768247440180225" lon="13.875045389778288">
        <ele>0</ele>
      </trkpt>
      <trkpt lat="44.7685846342974" lon="13.874626493681486">
        <ele>0</ele>
      </trkpt>
      <trkpt lat="44.76892182841457" lon="13.874207597584684">
        <ele>0</ele>
      </trkpt>
      <trkpt lat="44.76925902253174" lon="13.873788701487884">
        <ele>0</ele>
      </trkpt>
      <trkpt lat="44.769596216648914" lon="13.873369805391082">
        <ele>0</ele>
      </trkpt>
      <trkpt lat="44.769933410766086" lon="13.87295090929428">
        <ele>0</ele>
      </trkpt>
      <trkpt lat="44.770270604883265" lon="13.87253201319748">
        <ele>0</ele>
      </trkpt>
      <trkpt lat="44.77060779900044" lon="13.872113117100678">
        <ele>0</ele>
      </trkpt>
      <trkpt lat="44.77094499311761" lon="13.871694221003878">
        <ele>0</ele>
      </trkpt>
      <trkpt lat="44.77128218723478" lon="13.871275324907076">
        <ele>0</ele>
      </trkpt>
      <trkpt lat="44.771619381351954" lon="13.870856428810274">
        <ele>0</ele>
      </trkpt>
      <trkpt lat="44.771956575469126" lon="13.870437532713474">
        <ele>0</ele>
      </trkpt>
      <trkpt lat="44.7722937695863" lon="13.870018636616672">
        <ele>0</ele>
      </trkpt>
      <trkpt lat="44.77263096370347" lon="13.86959974051987">
        <ele>0</ele>
      </trkpt>
      <trkpt lat="44.77296815782065" lon="13.86918084442307">
        <ele>0</ele>
      </trkpt>
      <trkpt lat="44.77330535193782" lon="13.868761948326268">
        <ele>0</ele>
      </trkpt>
      <trkpt lat="44.773642546054994" lon="13.868343052229466">
        <ele>0</ele>
      </trkpt>
      <trkpt lat="44.773979740172166" lon="13.867924156132666">
        <ele>0</ele>
      </trkpt>
      <trkpt lat="44.77431693428934" lon="13.867505260035864">
        <ele>0</ele>
      </trkpt>
      <trkpt lat="44.77465412840651" lon="13.867086363939062">
        <ele>0</ele>
      </trkpt>
      <trkpt lat="44.77499132252368" lon="13.866667467842262">
        <ele>0</ele>
      </trkpt>
      <trkpt lat="44.775328516640855" lon="13.86624857174546">
        <ele>0</ele>
      </trkpt>
      <trkpt lat="44.775665710758034" lon="13.865829675648659">
        <ele>0</ele>
      </trkpt>
      <trkpt lat="44.776002904875206" lon="13.865410779551858">
        <ele>0</ele>
      </trkpt>
      <trkpt lat="44.77634009899238" lon="13.864991883455057">
        <ele>0</ele>
      </trkpt>
      <trkpt lat="44.77667729310955" lon="13.864572987358255">
        <ele>0</ele>
      </trkpt>
      <trkpt lat="44.77701448722672" lon="13.864154091261454">
        <ele>0</ele>
      </trkpt>
      <trkpt lat="44.777351681343895" lon="13.863735195164653">
        <ele>0</ele>
      </trkpt>
      <trkpt lat="44.77768887546107" lon="13.863316299067852">
        <ele>0</ele>
      </trkpt>
      <trkpt lat="44.778026069578246" lon="13.86289740297105">
        <ele>0</ele>
      </trkpt>
      <trkpt lat="44.77836326369542" lon="13.862478506874249">
        <ele>0</ele>
      </trkpt>
      <trkpt lat="44.77870045781259" lon="13.862059610777449">
        <ele>0</ele>
      </trkpt>
      <trkpt lat="44.77903765192976" lon="13.861640714680647">
        <ele>0</ele>
      </trkpt>
      <trkpt lat="44.779374846046935" lon="13.861221818583845">
        <ele>0</ele>
      </trkpt>
      <trkpt lat="44.77971204016411" lon="13.860802922487045">
        <ele>0</ele>
      </trkpt>
      <trkpt lat="44.78004923428128" lon="13.860384026390243">
        <ele>0</ele>
      </trkpt>
      <trkpt lat="44.78038642839845" lon="13.85996513029344">
        <ele>0</ele>
      </trkpt>
      <trkpt lat="44.78072362251563" lon="13.85954623419664">
        <ele>0</ele>
      </trkpt>
      <trkpt lat="44.7810608166328" lon="13.859127338099839">
        <ele>0</ele>
      </trkpt>
      <trkpt lat="44.781398010749975" lon="13.858708442003037">
        <ele>0</ele>
      </trkpt>
      <trkpt lat="44.78173520486715" lon="13.858289545906237">
        <ele>0</ele>
      </trkpt>
      <trkpt lat="44.78207239898432" lon="13.857870649809435">
        <ele>0</ele>
      </trkpt>
      <trkpt lat="44.78226958246" lon="13.857625688868211">
        <ele>0</ele>
      </trkpt>
      <trkpt lat="44.78268360276986" lon="13.857378440831546">
        <ele>0</ele>
      </trkpt>
      <trkpt lat="44.78309762307972" lon="13.857131192794883">
        <ele>0</ele>
      </trkpt>
      <trkpt lat="44.78351164338957" lon="13.856883944758218">
        <ele>0</ele>
      </trkpt>
      <trkpt lat="44.78392566369943" lon="13.856636696721553">
        <ele>0</ele>
      </trkpt>
      <trkpt lat="44.78433968400929" lon="13.85638944868489">
        <ele>0</ele>
      </trkpt>
      <trkpt lat="44.784753704319144" lon="13.856142200648225">
        <ele>0</ele>
      </trkpt>
      <trkpt lat="44.785167724629" lon="13.85589495261156">
        <ele>0</ele>
      </trkpt>
      <trkpt lat="44.78558174493885" lon="13.855647704574897">
        <ele>0</ele>
      </trkpt>
      <trkpt lat="44.785995765248714" lon="13.855400456538232">
        <ele>0</ele>
      </trkpt>
      <trkpt lat="44.78640978555857" lon="13.855153208501568">
        <ele>0</ele>
      </trkpt>
      <trkpt lat="44.78682380586842" lon="13.854905960464903">
        <ele>0</ele>
      </trkpt>
      <trkpt lat="44.787237826178284" lon="13.85465871242824">
        <ele>0</ele>
      </trkpt>
      <trkpt lat="44.78765184648814" lon="13.854411464391575">
        <ele>0</ele>
      </trkpt>
      <trkpt lat="44.78806586679799" lon="13.85416421635491">
        <ele>0</ele>
      </trkpt>
      <trkpt lat="44.788479887107854" lon="13.853916968318247">
        <ele>0</ele>
      </trkpt>
      <trkpt lat="44.78889390741771" lon="13.853669720281582">
        <ele>0</ele>
      </trkpt>
      <trkpt lat="44.78930792772756" lon="13.853422472244917">
        <ele>0</ele>
      </trkpt>
      <trkpt lat="44.78972194803742" lon="13.853175224208254">
        <ele>0</ele>
      </trkpt>
      <trkpt lat="44.79013596834728" lon="13.852927976171589">
        <ele>0</ele>
      </trkpt>
      <trkpt lat="44.79054998865713" lon="13.852680728134924">
        <ele>0</ele>
      </trkpt>
      <trkpt lat="44.79096400896699" lon="13.852433480098261">
        <ele>0</ele>
      </trkpt>
      <trkpt lat="44.79137802927685" lon="13.852186232061596">
        <ele>0</ele>
      </trkpt>
      <trkpt lat="44.791792049586704" lon="13.851938984024931">
        <ele>0</ele>
      </trkpt>
      <trkpt lat="44.79220606989656" lon="13.851691735988268">
        <ele>0</ele>
      </trkpt>
      <trkpt lat="44.79262009020642" lon="13.851444487951603">
        <ele>0</ele>
      </trkpt>
      <trkpt lat="44.793034110516274" lon="13.851197239914939">
        <ele>0</ele>
      </trkpt>
      <trkpt lat="44.79344813082613" lon="13.850949991878274">
        <ele>0</ele>
      </trkpt>
      <trkpt lat="44.79386215113598" lon="13.85070274384161">
        <ele>0</ele>
      </trkpt>
      <trkpt lat="44.794276171445844" lon="13.850455495804946">
        <ele>0</ele>
      </trkpt>
      <trkpt lat="44.7946901917557" lon="13.85020824776828">
        <ele>0</ele>
      </trkpt>
      <trkpt lat="44.79510421206555" lon="13.849960999731618">
        <ele>0</ele>
      </trkpt>
      <trkpt lat="44.795518232375414" lon="13.849713751694953">
        <ele>0</ele>
      </trkpt>
      <trkpt lat="44.79593225268527" lon="13.849466503658288">
        <ele>0</ele>
      </trkpt>
      <trkpt lat="44.79634627299512" lon="13.849219255621625">
        <ele>0</ele>
      </trkpt>
      <trkpt lat="44.796760293304985" lon="13.84897200758496">
        <ele>0</ele>
      </trkpt>
      <trkpt lat="44.79717431361484" lon="13.848724759548295">
        <ele>0</ele>
      </trkpt>
      <trkpt lat="44.79758833392469" lon="13.848477511511632">
        <ele>0</ele>
      </trkpt>
      <trkpt lat="44.798002354234555" lon="13.848230263474967">
        <ele>0</ele>
      </trkpt>
      <trkpt lat="44.79841637454441" lon="13.847983015438302">
        <ele>0</ele>
      </trkpt>
      <trkpt lat="44.798830394854264" lon="13.84773576740164">
        <ele>0</ele>
      </trkpt>
      <trkpt lat="44.79924441516412" lon="13.847488519364974">
        <ele>0</ele>
      </trkpt>
      <trkpt lat="44.79965843547398" lon="13.84724127132831">
        <ele>0</ele>
      </trkpt>
      <trkpt lat="44.800072455783834" lon="13.846994023291646">
        <ele>0</ele>
      </trkpt>
      <trkpt lat="44.80048647609369" lon="13.846746775254982">
        <ele>0</ele>
      </trkpt>
      <trkpt lat="44.80090049640355" lon="13.846499527218317">
        <ele>0</ele>
      </trkpt>
      <trkpt lat="44.801314516713404" lon="13.846252279181652">
        <ele>0</ele>
      </trkpt>
      <trkpt lat="44.80172853702326" lon="13.846005031144989">
        <ele>0</ele>
      </trkpt>
      <trkpt lat="44.80214255733312" lon="13.845757783108324">
        <ele>0</ele>
      </trkpt>
      <trkpt lat="44.802556577642974" lon="13.845510535071659">
        <ele>0</ele>
      </trkpt>
      <trkpt lat="44.80297059795283" lon="13.845263287034996">
        <ele>0</ele>
      </trkpt>
      <trkpt lat="44.80338461826268" lon="13.845016038998331">
        <ele>0</ele>
      </trkpt>
      <trkpt lat="44.803798638572545" lon="13.844768790961666">
        <ele>0</ele>
      </trkpt>
      <trkpt lat="44.8042126588824" lon="13.844521542925003">
        <ele>0</ele>
      </trkpt>
      <trkpt lat="44.80462667919225" lon="13.844274294888338">
        <ele>0</ele>
      </trkpt>
      <trkpt lat="44.805040699502115" lon="13.844027046851673">
        <ele>0</ele>
      </trkpt>
      <trkpt lat="44.80545471981197" lon="13.84377979881501">
        <ele>0</ele>
      </trkpt>
      <trkpt lat="44.805868740121824" lon="13.843532550778345">
        <ele>0</ele>
      </trkpt>
      <trkpt lat="44.806282760431685" lon="13.84328530274168">
        <ele>0</ele>
      </trkpt>
      <trkpt lat="44.80669678074154" lon="13.843038054705017">
        <ele>0</ele>
      </trkpt>
      <trkpt lat="44.807110801051394" lon="13.842790806668352">
        <ele>0</ele>
      </trkpt>
      <trkpt lat="44.80752482136125" lon="13.842543558631688">
        <ele>0</ele>
      </trkpt>
      <trkpt lat="44.80793884167111" lon="13.842296310595023">
        <ele>0</ele>
      </trkpt>
      <trkpt lat="44.808352861980964" lon="13.84204906255836">
        <ele>0</ele>
      </trkpt>
      <trkpt lat="44.80876688229082" lon="13.841801814521695">
        <ele>0</ele>
      </trkpt>
      <trkpt lat="44.80918090260068" lon="13.84155456648503">
        <ele>0</ele>
      </trkpt>
      <trkpt lat="44.809594922910534" lon="13.841307318448367">
        <ele>0</ele>
      </trkpt>
      <trkpt lat="44.81000894322039" lon="13.841060070411702">
        <ele>0</ele>
      </trkpt>
      <trkpt lat="44.81042296353025" lon="13.840812822375037">
        <ele>0</ele>
      </trkpt>
      <trkpt lat="44.810836983840105" lon="13.840565574338374">
        <ele>0</ele>
      </trkpt>
      <trkpt lat="44.81125100414996" lon="13.840318326301709">
        <ele>0</ele>
      </trkpt>
      <trkpt lat="44.81166502445982" lon="13.840071078265044">
        <ele>0</ele>
      </trkpt>
      <trkpt lat="44.812079044769675" lon="13.839823830228381">
        <ele>0</ele>
      </trkpt>
      <trkpt lat="44.81249306507953" lon="13.839576582191716">
        <ele>0</ele>
      </trkpt>
      <trkpt lat="44.812907085389384" lon="13.839329334155051">
        <ele>0</ele>
      </trkpt>
      <trkpt lat="44.813321105699245" lon="13.839082086118388">
        <ele>0</ele>
      </trkpt>
      <trkpt lat="44.8134532011652" lon="13.839003200267058">
        <ele>0</ele>
      </trkpt>
      <trkpt lat="44.813893859637105" lon="13.838876993106082">
        <ele>0</ele>
      </trkpt>
      <trkpt lat="44.814334518109014" lon="13.838750785945104">
        <ele>0</ele>
      </trkpt>
      <trkpt lat="44.814775176580916" lon="13.838624578784128">
        <ele>0</ele>
      </trkpt>
      <trkpt lat="44.815215835052825" lon="13.83849837162315">
        <ele>0</ele>
      </trkpt>
      <trkpt lat="44.81565649352473" lon="13.838372164462173">
        <ele>0</ele>
      </trkpt>
      <trkpt lat="44.81609715199664" lon="13.838245957301195">
        <ele>0</ele>
      </trkpt>
      <trkpt lat="44.81653781046854" lon="13.838119750140219">
        <ele>0</ele>
      </trkpt>
      <trkpt lat="44.81697846894045" lon="13.837993542979241">
        <ele>0</ele>
      </trkpt>
      <trkpt lat="44.81741912741235" lon="13.837867335818265">
        <ele>0</ele>
      </trkpt>
      <trkpt lat="44.81785978588426" lon="13.837741128657287">
        <ele>0</ele>
      </trkpt>
      <trkpt lat="44.81830044435616" lon="13.83761492149631">
        <ele>0</ele>
      </trkpt>
      <trkpt lat="44.818741102828064" lon="13.837488714335334">
        <ele>0</ele>
      </trkpt>
      <trkpt lat="44.81918176129997" lon="13.837362507174356">
        <ele>0</ele>
      </trkpt>
      <trkpt lat="44.819622419771875" lon="13.83723630001338">
        <ele>0</ele>
      </trkpt>
      <trkpt lat="44.820063078243784" lon="13.837110092852402">
        <ele>0</ele>
      </trkpt>
      <trkpt lat="44.820503736715686" lon="13.836983885691426">
        <ele>0</ele>
      </trkpt>
      <trkpt lat="44.820944395187595" lon="13.836857678530448">
        <ele>0</ele>
      </trkpt>
      <trkpt lat="44.8213850536595" lon="13.836731471369472">
        <ele>0</ele>
      </trkpt>
      <trkpt lat="44.82182571213141" lon="13.836605264208494">
        <ele>0</ele>
      </trkpt>
      <trkpt lat="44.82226637060331" lon="13.836479057047518">
        <ele>0</ele>
      </trkpt>
      <trkpt lat="44.82270702907521" lon="13.83635284988654">
        <ele>0</ele>
      </trkpt>
      <trkpt lat="44.82314768754712" lon="13.836226642725563">
        <ele>0</ele>
      </trkpt>
      <trkpt lat="44.82358834601902" lon="13.836100435564587">
        <ele>0</ele>
      </trkpt>
      <trkpt lat="44.82402900449093" lon="13.83597422840361">
        <ele>0</ele>
      </trkpt>
      <trkpt lat="44.824469662962834" lon="13.835848021242633">
        <ele>0</ele>
      </trkpt>
      <trkpt lat="44.82491032143474" lon="13.835721814081655">
        <ele>0</ele>
      </trkpt>
      <trkpt lat="44.824914246726536" lon="13.835720689855151">
        <ele>0</ele>
      </trkpt>
      <trkpt lat="44.824914246726536" lon="13.835720689855151">
        <ele>0</ele>
      </trkpt>
      <trkpt lat="44.82534820534801" lon="13.835886773930081">
        <ele>0</ele>
      </trkpt>
      <trkpt lat="44.82578216396947" lon="13.836052858005012">
        <ele>0</ele>
      </trkpt>
      <trkpt lat="44.82621612259094" lon="13.836218942079942">
        <ele>0</ele>
      </trkpt>
      <trkpt lat="44.82665008121241" lon="13.83638502615487">
        <ele>0</ele>
      </trkpt>
      <trkpt lat="44.82708403983388" lon="13.8365511102298">
        <ele>0</ele>
      </trkpt>
      <trkpt lat="44.82751799845534" lon="13.83671719430473">
        <ele>0</ele>
      </trkpt>
      <trkpt lat="44.82795195707681" lon="13.836883278379661">
        <ele>0</ele>
      </trkpt>
      <trkpt lat="44.82838591569828" lon="13.837049362454591">
        <ele>0</ele>
      </trkpt>
      <trkpt lat="44.82881987431975" lon="13.837215446529521">
        <ele>0</ele>
      </trkpt>
      <trkpt lat="44.82925383294121" lon="13.837381530604452">
        <ele>0</ele>
      </trkpt>
      <trkpt lat="44.829687791562684" lon="13.837547614679382">
        <ele>0</ele>
      </trkpt>
      <trkpt lat="44.83012175018415" lon="13.83771369875431">
        <ele>0</ele>
      </trkpt>
      <trkpt lat="44.83055570880562" lon="13.83787978282924">
        <ele>0</ele>
      </trkpt>
      <trkpt lat="44.83098966742708" lon="13.83804586690417">
        <ele>0</ele>
      </trkpt>
      <trkpt lat="44.831423626048554" lon="13.838211950979101">
        <ele>0</ele>
      </trkpt>
      <trkpt lat="44.83185758467002" lon="13.838378035054031">
        <ele>0</ele>
      </trkpt>
      <trkpt lat="44.83229154329149" lon="13.838544119128962">
        <ele>0</ele>
      </trkpt>
      <trkpt lat="44.832725501912954" lon="13.838710203203892">
        <ele>0</ele>
      </trkpt>
      <trkpt lat="44.833159460534425" lon="13.83887628727882">
        <ele>0</ele>
      </trkpt>
      <trkpt lat="44.83345940454137" lon="13.8389910814561">
        <ele>0</ele>
      </trkpt>
      <trkpt lat="44.83377736230526" lon="13.839439453593066">
        <ele>0</ele>
      </trkpt>
      <trkpt lat="44.83409532006916" lon="13.839887825730031">
        <ele>0</ele>
      </trkpt>
      <trkpt lat="44.83441327783305" lon="13.840336197866996">
        <ele>0</ele>
      </trkpt>
      <trkpt lat="44.83473123559694" lon="13.840784570003963">
        <ele>0</ele>
      </trkpt>
      <trkpt lat="44.83504919336084" lon="13.841232942140929">
        <ele>0</ele>
      </trkpt>
      <trkpt lat="44.83536715112473" lon="13.841681314277894">
        <ele>0</ele>
      </trkpt>
      <trkpt lat="44.83568510888862" lon="13.842129686414859">
        <ele>0</ele>
      </trkpt>
      <trkpt lat="44.836003066652516" lon="13.842578058551824">
        <ele>0</ele>
      </trkpt>
      <trkpt lat="44.83632102441641" lon="13.84302643068879">
        <ele>0</ele>
      </trkpt>
      <trkpt lat="44.836638982180304" lon="13.843474802825755">
        <ele>0</ele>
      </trkpt>
      <trkpt lat="44.836877112946524" lon="13.843810605918662">
        <ele>0</ele>
      </trkpt>
      <trkpt lat="44.83717791974947" lon="13.843339264629758">
        <ele>0</ele>
      </trkpt>
      <trkpt lat="44.83747872655242" lon="13.842867923340854">
        <ele>0</ele>
      </trkpt>
      <trkpt lat="44.837779533355366" lon="13.84239658205195">
        <ele>0</ele>
      </trkpt>
      <trkpt lat="44.838080340158314" lon="13.841925240763048">
        <ele>0</ele>
      </trkpt>
      <trkpt lat="44.83838114696127" lon="13.841453899474145">
        <ele>0</ele>
      </trkpt>
      <trkpt lat="44.838681953764215" lon="13.84098255818524">
        <ele>0</ele>
      </trkpt>
      <trkpt lat="44.83898276056716" lon="13.840511216896337">
        <ele>0</ele>
      </trkpt>
      <trkpt lat="44.83907410417072" lon="13.840368088445075">
        <ele>0</ele>
      </trkpt>
    </trkseg>
  </trk>
</gpx>
